Pixel;Wavelength;Wavenumber;Raman Shift;Dark;Reference;Raw data #1;Dark Subtracted #1;%TR #1;Absorbance #1;Irradiance (W/cm^2/nm) #1;
0;--;--;--;3554,8;65535;3669,3;114,5;0;0;0;
1;--;--;--;3493,8;65535;3629,9;136,1;0;0;0;
2;--;--;--;3945,2;65535;4103;157,8;0;0;0;
3;--;--;--;3536,8;65535;3688,9;152,1;0;0;0;
4;--;--;--;3864,2;65535;4050,3;186,1;0;0;0;
5;--;--;--;3597,1;65535;3855;257,9;0;0;0;
6;--;--;--;3598,4;65535;3967,1;368,7;0;0;0;
7;--;--;--;3550,8;65535;4086,1;535,3;0;0;0;
8;--;--;--;3592;65535;4623,5;1031,5;0;0;0;
9;--;--;--;3602;65535;6053,8;2451,8;0;0;0;
10;--;--;--;3665;65535;7129,1;3464,1;0;0;0;
11;--;--;--;4009,9;65535;5655,4;1645,5;0;0;0;
12;--;--;--;3608,3;65535;3911,7;303,4;0;0;0;
13;--;--;--;3573;65535;3745,1;172,1;0;0;0;
14;--;--;--;3681;65535;3874,8;193,8;0;0;0;
15;--;--;--;3615,3;65535;3780,6;165,3;0;0;0;
16;--;--;--;3690,4;65535;3860;169,6;0;0;0;
17;--;--;--;3563,1;65535;3732,9;169,8;0;0;0;
18;--;--;--;4230,2;65535;4410,1;179,9;0;0;0;
19;--;--;--;3557,6;65535;3733,1;175,5;0;0;0;
20;--;--;--;3626,6;65535;3792,2;165,6;0;0;0;
21;--;--;--;3658,2;65535;3853,7;195,5;0;0;0;
22;--;--;--;3604,1;65535;3801,5;197,4;0;0;0;
23;--;--;--;3635,7;65535;3845,4;209,7;0;0;0;
24;--;--;--;3586,4;65535;3831,2;244,8;0;0;0;
25;--;--;--;3618,3;65535;3878,9;260,6;0;0;0;
26;--;--;--;3767,3;65535;4087;319,7;0;0;0;
27;--;--;--;3567,8;65535;3951,9;384,1;0;0;0;
28;--;--;--;3609,4;65535;4207,6;598,2;0;0;0;
29;--;--;--;3783,2;65535;4789,7;1006,5;0;0;0;
30;--;--;--;3649,9;65535;5569,3;1919,4;0;0;0;
31;--;--;--;3635;65535;7255;3620;0;0;0;
32;--;--;--;3657,9;65535;10193,9;6536;0;0;0;
33;--;--;--;3657,8;65535;14278,3;10620,5;0;0;0;
34;--;--;--;3578;65535;20048,2;16470,2;0;0;0;
35;--;--;--;3640,4;65535;23268,7;19628,3;0;0;0;
36;--;--;--;3573,4;65535;20563,6;16990,2;0;0;0;
37;--;--;--;3552,3;65535;18465,6;14913,3;0;0;0;
38;--;--;--;3529,5;65535;18787,8;15258,3;0;0;0;
39;--;--;--;3524,3;65535;19513,3;15989;0;0;0;
40;--;--;--;3609,1;65535;20038,5;16429,4;0;0;0;
41;--;--;--;3699,4;65535;20248,7;16549,3;0;0;0;
42;--;--;--;3625,4;65535;20723,9;17098,5;0;0;0;
43;--;--;--;3948,8;65535;21893,6;17944,8;0;0;0;
44;--;--;--;3656,3;65535;22915;19258,7;0;0;0;
45;--;--;--;3590,9;65535;24670,7;21079,8;0;0;0;
46;--;--;--;3732,5;65535;25834,5;22102;0;0;0;
47;--;--;--;3823,9;65535;26143,2;22319,3;0;0;0;
48;--;--;--;3713,3;65535;25625,4;21912,1;0;0;0;
49;--;--;--;3702,9;65535;25071,2;21368,3;0;0;0;
50;--;--;--;3682,1;65535;25500,3;21818,2;0;0;0;
51;--;--;--;3802,5;65535;26744,6;22942,1;0;0;0;
52;--;--;--;3651,4;65535;27265,1;23613,7;0;0;0;
53;--;--;--;3654,6;65535;26797,4;23142,8;0;0;0;
54;--;--;--;3566,9;65535;25624,6;22057,7;0;0;0;
55;--;--;--;3723;65535;24589,8;20866,8;0;0;0;
56;--;--;--;3826,2;65535;23731,1;19904,9;0;0;0;
57;--;--;--;3713,5;65535;22614,7;18901,2;0;0;0;
58;--;--;--;3588,2;65535;21626,1;18037,9;0;0;0;
59;--;--;--;3800,2;65535;21248,4;17448,2;0;0;0;
60;--;--;--;3851;65535;20900,4;17049,4;0;0;0;
61;--;--;--;3994,7;65535;20872,4;16877,7;0;0;0;
62;--;--;--;3641,3;65535;20533,5;16892,2;0;0;0;
63;--;--;--;3608,4;65535;20317,1;16708,7;0;0;0;
64;--;--;--;3793,1;65535;19747,3;15954,2;0;0;0;
65;--;--;--;3580,4;65535;18742,5;15162,1;0;0;0;
66;--;--;--;3913,9;65535;18678,5;14764,6;0;0;0;
67;--;--;--;3589,9;65535;18242,2;14652,3;0;0;0;
68;--;--;--;3530,6;65535;18366,6;14836;0;0;0;
69;--;--;--;3708,6;65535;18679,3;14970,7;0;0;0;
70;--;--;--;4400,5;65535;19483,4;15082,9;0;0;0;
71;--;--;--;3516,6;65535;18720,2;15203,6;0;0;0;
72;--;--;--;3514,2;65535;19054,4;15540,2;0;0;0;
73;794,03;12593,93;148,42;3708,7;65535;19887,6;16178,9;0;0;0;
74;794,18;12591,53;150,81;3535,5;65535;20295,8;16760,3;0;0;0;
75;794,34;12589,14;153,2;3529,9;65535;20120,5;16590,6;0;0;0;
76;794,49;12586,75;155,59;3618,7;65535;19492;15873,3;0;0;0;
77;794,64;12584,36;157,98;4898,8;65535;19994,3;15095,5;0;0;0;
78;794,79;12581,97;160,37;3810,7;65535;18615,8;14805,1;0;0;0;
79;794,94;12579,58;162,76;3700,4;65535;18533,8;14833,4;0;0;0;
80;795,09;12577,2;165,15;3873;65535;18784,6;14911,6;0;0;0;
81;795,24;12574,81;167,53;3830,9;65535;18959,6;15128,7;0;0;0;
82;795,39;12572,43;169,92;3638,6;65535;18987,3;15348,7;0;0;0;
83;795,54;12570,04;172,3;3615,7;65535;19438,7;15823;0;0;0;
84;795,69;12567,66;174,68;3775,8;65535;20163,5;16387,7;0;0;0;
85;795,84;12565,28;177,06;3981,6;65535;21063,7;17082,1;0;0;0;
86;795,99;12562,9;179,44;4207;65535;22267,9;18060,9;0;0;0;
87;796,15;12560,52;181,82;3642;65535;22594,9;18952,9;0;0;0;
88;796,3;12558,14;184,2;3713,5;65535;23793,7;20080,2;0;0;0;
89;796,45;12555,76;186,58;3645,1;65535;24414,4;20769,3;0;0;0;
90;796,6;12553,39;188,96;3738,7;65535;24645;20906,3;0;0;0;
91;796,75;12551,01;191,33;3763,5;65535;24518,6;20755,1;0;0;0;
92;796,9;12548,64;193,71;3566,9;65535;24053,4;20486,5;0;0;0;
93;797,05;12546,26;196,08;3631,4;65535;23744,3;20112,9;0;0;0;
94;797,2;12543,89;198,45;3702,8;65535;23595,2;19892,4;0;0;0;
95;797,35;12541,52;200,82;3606,1;65535;23108,8;19502,7;0;0;0;
96;797,5;12539,15;203,19;3559,5;65535;22736,5;19177;0;0;0;
97;797,65;12536,78;205,56;3859,8;65535;22950;19090,2;0;0;0;
98;797,8;12534,41;207,93;3752,2;65535;22844,2;19092;0;0;0;
99;797,95;12532,05;210,3;3628,6;65535;22811,8;19183,2;0;0;0;
100;798,1;12529,68;212,66;3649,8;65535;23144,8;19495;0;0;0;
101;798,26;12527,32;215,03;3725,5;65535;23902,9;20177,4;0;0;0;
102;798,41;12524,95;217,39;3532,3;65535;24724,4;21192,1;0;0;0;
103;798,56;12522,59;219,75;4715;65535;27287,2;22572,2;0;0;0;
104;798,71;12520,23;222,12;3567,8;65535;27961,2;24393,4;0;0;0;
105;798,86;12517,87;224,48;3516,6;65535;30469,1;26952,5;0;0;0;
106;799,01;12515,51;226,84;3877,6;65535;33855,5;29977,9;0;0;0;
107;799,16;12513,15;229,2;3619,9;65535;37476,8;33856,9;0;0;0;
108;799,31;12510,79;231,55;3573,6;65535;42894,5;39320,9;0;0;0;
109;799,46;12508,43;233,91;3645,5;65535;48718,8;45073,3;0;0;0;
110;799,61;12506,08;236,27;3620,8;65535;57755,3;54134,5;0;0;0;
111;799,76;12503,72;238,62;3569,7;65535;65535;61965,3;0;0;0;
112;799,91;12501,37;240,98;3607;65535;65535;61928;0;0;0;
113;800,06;12499,01;243,33;3638,7;65535;65535;61896,3;0;0;0;
114;800,21;12496,66;245,68;3692,8;65535;65535;61842,2;0;0;0;
115;800,36;12494,31;248,03;3522,6;65535;65535;62012,4;0;0;0;
116;800,51;12491,96;250,38;3638,6;65535;65535;61896,4;0;0;0;
117;800,67;12489,61;252,73;3536;65535;65535;61999;0;0;0;
118;800,82;12487,26;255,08;3594,3;65535;65535;61940,7;0;0;0;
119;800,97;12484,92;257,43;3677,3;65535;65535;61857,7;0;0;0;
120;801,12;12482,57;259,77;3652,2;65535;50885,3;47233,1;0;0;0;
121;801,27;12480,23;262,12;3520,6;65535;41467,7;37947,1;0;0;0;
122;801,42;12477,88;264,46;3677,8;65535;37010,9;33333,1;0;0;0;
123;801,57;12475,54;266,8;3638,9;65535;35176;31537,1;0;0;0;
124;801,72;12473,2;269,14;3702,2;65535;35251,9;31549,7;0;0;0;
125;801,87;12470,86;271,48;3680,4;65535;36919,9;33239,5;0;0;0;
126;802,02;12468,52;273,82;3520,1;65535;39788;36267,9;0;0;0;
127;802,17;12466,18;276,16;3683,6;65535;43134,9;39451,3;0;0;0;
128;802,32;12463,84;278,5;3597,6;65535;44818;41220,4;0;0;0;
129;802,47;12461,51;280,84;3686,3;65535;44405,2;40718,9;0;0;0;
130;802,62;12459,17;283,17;4346,8;65535;42913,8;38567;0;0;0;
131;802,77;12456,84;285,51;3663,6;65535;39652,4;35988,8;0;0;0;
132;802,92;12454,5;287,84;3919,3;65535;36961,7;33042,4;0;0;0;
133;803,07;12452,17;290,17;3622,7;65535;33854,7;30232;0;0;0;
134;803,22;12449,84;292,51;4120,7;65535;32856,2;28735,5;0;0;0;
135;803,37;12447,51;294,84;3612,5;65535;32182,1;28569,6;0;0;0;
136;803,52;12445,18;297,17;3665,4;65535;32593,9;28928,5;0;0;0;
137;803,67;12442,85;299,5;3619,4;65535;32940,4;29321;0;0;0;
138;803,82;12440,52;301,82;3634;65535;33222,2;29588,2;0;0;0;
139;803,98;12438,19;304,15;3914,9;65535;33669,9;29755;0;0;0;
140;804,13;12435,87;306,48;3719,7;65535;33147,9;29428,2;0;0;0;
141;804,28;12433,54;308,8;3590,2;65535;31713,3;28123,1;0;0;0;
142;804,43;12431,22;311,12;3559;65535;27936,4;24377,4;0;0;0;
143;804,58;12428,9;313,45;3551,5;65535;24157,1;20605,6;0;0;0;
144;804,73;12426,58;315,77;3726,1;65535;22045,9;18319,8;0;0;0;
145;804,88;12424,25;318,09;3633,2;65535;21149,3;17516,1;0;0;0;
146;805,03;12421,93;320,41;3661,1;65535;21137,2;17476,1;0;0;0;
147;805,18;12419,62;322,73;3702,9;65535;21719,3;18016,4;0;0;0;
148;805,33;12417,3;325,05;3776,1;65535;22933,7;19157,6;0;0;0;
149;805,48;12414,98;327,36;3778,4;65535;25131,9;21353,5;0;0;0;
150;805,63;12412,67;329,68;3758,7;65535;29017,2;25258,5;0;0;0;
151;805,78;12410,35;331,99;3852,9;65535;34500,5;30647,6;0;0;0;
152;805,93;12408,04;334,31;3818,3;65535;42030,1;38211,8;0;0;0;
153;806,08;12405,72;336,62;3532,5;65535;50106,7;46574,2;0;0;0;
154;806,23;12403,41;338,93;3618,2;65535;55555,5;51937,3;0;0;0;
155;806,38;12401,1;341,24;3600,8;65535;52767,2;49166,4;0;0;0;
156;806,53;12398,79;343,55;3645,3;65535;44824,3;41179;0;0;0;
157;806,68;12396,48;345,86;3837,5;65535;38835,9;34998,4;0;0;0;
158;806,83;12394,18;348,17;3678;65535;34355;30677;0;0;0;
159;806,98;12391,87;350,47;3542,6;65535;29825,5;26282,9;0;0;0;
160;807,13;12389,56;352,78;3676,1;65535;25446,3;21770,2;0;0;0;
161;807,28;12387,26;355,09;3568,2;65535;21800,9;18232,7;0;0;0;
162;807,43;12384,95;357,39;3816,4;65535;19545,3;15728,9;0;0;0;
163;807,58;12382,65;359,69;3873,2;65535;17844,7;13971,5;0;0;0;
164;807,73;12380,35;361,99;3551,7;65535;16482,9;12931,2;0;0;0;
165;807,88;12378,05;364,29;3750,6;65535;15947,9;12197,3;0;0;0;
166;808,03;12375,75;366,59;3670,8;65535;15308,8;11638;0;0;0;
167;808,18;12373,45;368,89;3780,3;65535;15072,1;11291,8;0;0;0;
168;808,33;12371,15;371,19;3602,5;65535;14636,3;11033,8;0;0;0;
169;808,48;12368,86;373,49;3727,1;65535;14627,6;10900,5;0;0;0;
170;808,63;12366,56;375,78;3809,4;65535;14668;10858,6;0;0;0;
171;808,78;12364,26;378,08;3583,4;65535;14248,9;10665,5;0;0;0;
172;808,93;12361,97;380,37;3690,3;65535;14197,1;10506,8;0;0;0;
173;809,08;12359,68;382,67;3665,2;65535;14112,6;10447,4;0;0;0;
174;809,23;12357,39;384,96;3797,4;65535;14131,7;10334,3;0;0;0;
175;809,38;12355,09;387,25;3673;65535;13851,7;10178,7;0;0;0;
176;809,53;12352,8;389,54;3622,5;65535;13749,1;10126,6;0;0;0;
177;809,68;12350,51;391,83;3860,2;65535;13849,2;9989;0;0;0;
178;809,83;12348,23;394,12;3824,1;65535;13729,9;9905,8;0;0;0;
179;809,98;12345,94;396,4;3923,1;65535;13708,7;9785,6;0;0;0;
180;810,13;12343,65;398,69;3688;65535;13375,8;9687,8;0;0;0;
181;810,28;12341,37;400,98;3676,4;65535;13308,6;9632,2;0;0;0;
182;810,43;12339,08;403,26;3693,5;65535;13305,6;9612,1;0;0;0;
183;810,58;12336,8;405,54;3783,4;65535;13365,9;9582,5;0;0;0;
184;810,73;12334,52;407,83;6599,2;65535;16142,8;9543,6;0;0;0;
185;810,88;12332,24;410,11;3675,8;65535;13109,2;9433,4;0;0;0;
186;811,03;12329,96;412,39;3562,6;65535;13043,2;9480,6;0;0;0;
187;811,18;12327,68;414,67;3582;65535;13054,2;9472,2;0;0;0;
188;811,33;12325,4;416,94;3727,7;65535;13215;9487,3;0;0;0;
189;811,48;12323,12;419,22;3608,8;65535;13173,9;9565,1;0;0;0;
190;811,63;12320,85;421,5;3727,2;65535;13246,7;9519,5;0;0;0;
191;811,78;12318,57;423,77;3838,3;65535;13350,3;9512;0;0;0;
192;811,93;12316,3;426,05;3757,1;65535;13302,6;9545,5;0;0;0;
193;812,08;12314,02;428,32;3878,3;65535;13404,3;9526;0;0;0;
194;812,23;12311,75;430,59;3623,5;65535;13128,2;9504,7;0;0;0;
195;812,38;12309,48;432,87;3674,5;65535;13136,2;9461,7;0;0;0;
196;812,53;12307,21;435,14;3698,6;65535;13099,9;9401,3;0;0;0;
197;812,68;12304,94;437,41;3604,1;65535;13026,7;9422,6;0;0;0;
198;812,83;12302,67;439,67;3712,8;65535;13102,1;9389,3;0;0;0;
199;812,98;12300,4;441,94;3653,1;65535;13014,4;9361,3;0;0;0;
200;813,13;12298,13;444,21;3672,9;65535;13050,7;9377,8;0;0;0;
201;813,28;12295,87;446,47;3588,6;65535;12927,6;9339;0;0;0;
202;813,43;12293,6;448,74;3607,4;65535;12887,2;9279,8;0;0;0;
203;813,58;12291,34;451;4046,4;65535;13489,7;9443,3;0;0;0;
204;813,73;12289,08;453,27;3708;65535;13199,7;9491,7;0;0;0;
205;813,88;12286,82;455,53;3825,9;65535;13357,1;9531,2;0;0;0;
206;814,03;12284,55;457,79;3674,4;65535;13306,2;9631,8;0;0;0;
207;814,18;12282,29;460,05;3554,4;65535;13225;9670,6;0;0;0;
208;814,33;12280,04;462,31;3545,5;65535;13314,1;9768,6;0;0;0;
209;814,48;12277,78;464,57;3575,4;65535;13361;9785,6;0;0;0;
210;814,63;12275,52;466,82;3621;65535;13468;9847;0;0;0;
211;814,78;12273,26;469,08;3558,4;65535;13439,1;9880,7;0;0;0;
212;814,93;12271,01;471,33;3766,6;65535;13654,4;9887,8;0;0;0;
213;815,08;12268,75;473,59;3601,5;65535;13458,7;9857,2;0;0;0;
214;815,23;12266,5;475,84;3714,7;65535;13576,4;9861,7;0;0;0;
215;815,38;12264,25;478,09;3615;65535;13441,1;9826,1;0;0;0;
216;815,53;12262;480,35;3731,2;65535;13582,7;9851,5;0;0;0;
217;815,68;12259,75;482,6;3783,9;65535;13617;9833,1;0;0;0;
218;815,83;12257,5;484,85;3843,9;65535;13717,8;9873,9;0;0;0;
219;815,98;12255,25;487,09;3715,4;65535;13620,3;9904,9;0;0;0;
220;816,13;12253;489,34;3622,3;65535;13540,8;9918,5;0;0;0;
221;816,28;12250,76;491,59;3644,9;65535;13538,5;9893,6;0;0;0;
222;816,43;12248,51;493,83;3603;65535;13522,3;9919,3;0;0;0;
223;816,58;12246,27;496,08;3683,5;65535;13554;9870,5;0;0;0;
224;816,73;12244,02;498,32;3668,3;65535;13456;9787,7;0;0;0;
225;816,87;12241,78;500,56;3564,3;65535;13382,9;9818,6;0;0;0;
226;817,02;12239,54;502,81;3761;65535;13493,2;9732,2;0;0;0;
227;817,17;12237,3;505,05;3669,7;65535;13410,4;9740,7;0;0;0;
228;817,32;12235,06;507,29;3753,4;65535;13464,2;9710,8;0;0;0;
229;817,47;12232,82;509,53;3729;65535;13385,1;9656,1;0;0;0;
230;817,62;12230,58;511,76;3669,9;65535;13257,5;9587,6;0;0;0;
231;817,77;12228,34;514;3700,6;65535;13268,2;9567,6;0;0;0;
232;817,92;12226,11;516,24;3751,2;65535;13281,2;9530;0;0;0;
233;818,07;12223,87;518,47;3865,6;65535;13482,6;9617;0;0;0;
234;818,22;12221,64;520,71;3576,2;65535;13100,1;9523,9;0;0;0;
235;818,37;12219,4;522,94;4224,4;65535;13360,2;9135,8;0;0;0;
236;818,52;12217,17;525,17;3574,1;65535;13056,9;9482,8;0;0;0;
237;818,67;12214,94;527,4;3697,5;65535;13214,9;9517,4;0;0;0;
238;818,82;12212,71;529,63;3562,5;65535;13095,1;9532,6;0;0;0;
239;818,97;12210,48;531,86;3889,1;65535;13437,5;9548,4;0;0;0;
240;819,12;12208,25;534,09;3751,7;65535;13263,7;9512;0;0;0;
241;819,27;12206,02;536,32;3703,3;65535;13164,1;9460,8;0;0;0;
242;819,42;12203,8;538,55;3772;65535;13200,5;9428,5;0;0;0;
243;819,57;12201,57;540,77;3806,7;65535;13227;9420,3;0;0;0;
244;819,72;12199,35;543;3744,3;65535;13228,5;9484,2;0;0;0;
245;819,87;12197,12;545,22;3926,1;65535;13380,9;9454,8;0;0;0;
246;820,01;12194,9;547,44;3805,5;65535;13299,4;9493,9;0;0;0;
247;820,16;12192,68;549,66;3650,5;65535;13114,1;9463,6;0;0;0;
248;820,31;12190,46;551,89;3574,1;65535;12998,8;9424,7;0;0;0;
249;820,46;12188,24;554,11;3628;65535;13012,9;9384,9;0;0;0;
250;820,61;12186,02;556,32;3730,4;65535;13143;9412,6;0;0;0;
251;820,76;12183,8;558,54;3656,4;65535;13089,3;9432,9;0;0;0;
252;820,91;12181,58;560,76;3795,3;65535;13243,2;9447,9;0;0;0;
253;821,06;12179,37;562,98;3689,1;65535;13094,7;9405,6;0;0;0;
254;821,21;12177,15;565,19;3667,6;65535;13087,4;9419,8;0;0;0;
255;821,36;12174,94;567,41;3686,8;65535;13056,6;9369,8;0;0;0;
256;821,51;12172,72;569,62;3695,8;65535;13060,4;9364,6;0;0;0;
257;821,66;12170,51;571,83;3589,5;65535;12899,1;9309,6;0;0;0;
258;821,81;12168,3;574,04;3553,1;65535;12861,7;9308,6;0;0;0;
259;821,96;12166,09;576,25;3683,4;65535;12956,7;9273,3;0;0;0;
260;822,11;12163,88;578,46;3868,8;65535;13124,5;9255,7;0;0;0;
261;822,26;12161,67;580,67;3709;65535;13001,2;9292,2;0;0;0;
262;822,4;12159,46;582,88;4146,2;65535;13393,2;9247;0;0;0;
263;822,55;12157,26;585,09;4032,9;65535;13277,9;9245;0;0;0;
264;822,7;12155,05;587,29;3784,6;65535;13034,8;9250,2;0;0;0;
265;822,85;12152,85;589,5;3837,7;65535;13088,8;9251,1;0;0;0;
266;823;12150,64;591,7;3518,8;65535;12793,6;9274,8;0;0;0;
267;823,15;12148,44;593,9;3565,2;65535;12906,2;9341;0;0;0;
268;823,3;12146,24;596,11;3588,1;65535;12898,3;9310,2;0;0;0;
269;823,45;12144,04;598,31;3714,5;65535;13054,3;9339,8;0;0;0;
270;823,6;12141,83;600,51;3555,2;65535;12897,6;9342,4;0;0;0;
271;823,75;12139,64;602,71;3647,7;65535;13038,5;9390,8;0;0;0;
272;823,9;12137,44;604,91;3631,8;65535;13000,1;9368,3;0;0;0;
273;824,05;12135,24;607,1;3672,8;65535;13090,9;9418,1;0;0;0;
274;824,2;12133,04;609,3;3691,8;65535;13084;9392,2;0;0;0;
275;824,34;12130,85;611,5;3712,8;65535;13165,8;9453;0;0;0;
276;824,49;12128,65;613,69;3550,3;65535;13024,8;9474,5;0;0;0;
277;824,64;12126,46;615,88;3760,3;65535;13263,9;9503,6;0;0;0;
278;824,79;12124,27;618,08;3570,7;65535;13123,9;9553,2;0;0;0;
279;824,94;12122,07;620,27;3655,5;65535;13231,7;9576,2;0;0;0;
280;825,09;12119,88;622,46;3712,6;65535;13312,5;9599,9;0;0;0;
281;825,24;12117,69;624,65;3673,8;65535;13262;9588,2;0;0;0;
282;825,39;12115,5;626,84;3719,8;65535;13312;9592,2;0;0;0;
283;825,54;12113,32;629,03;3689,4;65535;13209,1;9519,7;0;0;0;
284;825,69;12111,13;631,22;3686,5;65535;13281,8;9595,3;0;0;0;
285;825,84;12108,94;633,4;3669;65535;13344,1;9675,1;0;0;0;
286;825,99;12106,76;635,59;3711,6;65535;13415,3;9703,7;0;0;0;
287;826,13;12104,57;637,77;3574,3;65535;13212,7;9638,4;0;0;0;
288;826,28;12102,39;639,96;3524,1;65535;13102,1;9578;0;0;0;
289;826,43;12100,2;642,14;3531,8;65535;13318,8;9787;0;0;0;
290;826,58;12098,02;644,32;3619,9;65535;13395,3;9775,4;0;0;0;
291;826,73;12095,84;646,5;3636,5;65535;13336,9;9700,4;0;0;0;
292;826,88;12093,66;648,68;3721;65535;13399,5;9678,5;0;0;0;
293;827,03;12091,48;650,86;3558,9;65535;13270,9;9712;0;0;0;
294;827,18;12089,3;653,04;3684,9;65535;13435,9;9751;0;0;0;
295;827,33;12087,13;655,22;3748,3;65535;13471,6;9723,3;0;0;0;
296;827,48;12084,95;657,39;3742,9;65535;13501,7;9758,8;0;0;0;
297;827,62;12082,78;659,57;3531,8;65535;13308,1;9776,3;0;0;0;
298;827,77;12080,6;661,74;3594,1;65535;13368,5;9774,4;0;0;0;
299;827,92;12078,43;663,92;4632;65535;14524,8;9892,8;0;0;0;
300;828,07;12076,26;666,09;3665,5;65535;13424,2;9758,7;0;0;0;
301;828,22;12074,08;668,26;3627,9;65535;13384,7;9756,8;0;0;0;
302;828,37;12071,91;670,43;3858,7;65535;13619,7;9761;0;0;0;
303;828,52;12069,74;672,6;3534,9;65535;13298,7;9763,8;0;0;0;
304;828,67;12067,57;674,77;3574,8;65535;13277,2;9702,4;0;0;0;
305;828,82;12065,41;676,94;3823,1;65535;13503,2;9680,1;0;0;0;
306;828,96;12063,24;679,1;3718,5;65535;13367,8;9649,3;0;0;0;
307;829,11;12061,07;681,27;3601,5;65535;13199,2;9597,7;0;0;0;
308;829,26;12058,91;683,44;3654,8;65535;13189;9534,2;0;0;0;
309;829,41;12056,74;685,6;3596,6;65535;13082,1;9485,5;0;0;0;
310;829,56;12054,58;687,76;3699,9;65535;13122,7;9422,8;0;0;0;
311;829,71;12052,42;689,93;3724,7;65535;13193,6;9468,9;0;0;0;
312;829,86;12050,26;692,09;4099,3;65535;13542,1;9442,8;0;0;0;
313;830,01;12048,09;694,25;3714,3;65535;13097,7;9383,4;0;0;0;
314;830,16;12045,93;696,41;3731,5;65535;13078,9;9347,4;0;0;0;
315;830,3;12043,78;698,57;3594,6;65535;12882,7;9288,1;0;0;0;
316;830,45;12041,62;700,73;3701,3;65535;12952,1;9250,8;0;0;0;
317;830,6;12039,46;702,88;3597,3;65535;12806,9;9209,6;0;0;0;
318;830,75;12037,3;705,04;3586,8;65535;12838,2;9251,4;0;0;0;
319;830,9;12035,15;707,19;3715,1;65535;13023,3;9308,2;0;0;0;
320;831,05;12032,99;709,35;3719,7;65535;13068,7;9349;0;0;0;
321;831,2;12030,84;711,5;3639,3;65535;12913,9;9274,6;0;0;0;
322;831,35;12028,69;713,65;3691,8;65535;12770,2;9078,4;0;0;0;
323;831,49;12026,54;715,81;3933,4;65535;12995,7;9062,3;0;0;0;
324;831,64;12024,39;717,96;3742,1;65535;12720;8977,9;0;0;0;
325;831,79;12022,24;720,11;3763,9;65535;12712,5;8948,6;0;0;0;
326;831,94;12020,09;722,26;3870,9;65535;12836,8;8965,9;0;0;0;
327;832,09;12017,94;724,4;3589,4;65535;12513,2;8923,8;0;0;0;
328;832,24;12015,79;726,55;3704,9;65535;12608,6;8903,7;0;0;0;
329;832,39;12013,65;728,7;3685,5;65535;12590,8;8905,3;0;0;0;
330;832,54;12011,5;730,84;3570,2;65535;12409,3;8839,1;0;0;0;
331;832,68;12009,36;732,99;3685,5;65535;12637;8951,5;0;0;0;
332;832,83;12007,21;735,13;3698,7;65535;12662,3;8963,6;0;0;0;
333;832,98;12005,07;737,27;3980,7;65535;12889,1;8908,4;0;0;0;
334;833,13;12002,93;739,42;3735,8;65535;12681,7;8945,9;0;0;0;
335;833,28;12000,79;741,56;3626,7;65535;12548,5;8921,8;0;0;0;
336;833,43;11998,65;743,7;3934,6;65535;12829,5;8894,9;0;0;0;
337;833,58;11996,51;745,84;3699,7;65535;12586,4;8886,7;0;0;0;
338;833,72;11994,37;747,97;3728,9;65535;12632,2;8903,3;0;0;0;
339;833,87;11992,23;750,11;4178,4;65535;13025,3;8846,9;0;0;0;
340;834,02;11990,1;752,25;4471,9;65535;13412,4;8940,5;0;0;0;
341;834,17;11987,96;754,38;3528,5;65535;12439,5;8911;0;0;0;
342;834,32;11985,83;756,52;3736,2;65535;12644;8907,8;0;0;0;
343;834,47;11983,69;758,65;3670,5;65535;12588,4;8917,9;0;0;0;
344;834,62;11981,56;760,78;3708,1;65535;12646,7;8938,6;0;0;0;
345;834,76;11979,43;762,92;3691,4;65535;12685,8;8994,4;0;0;0;
346;834,91;11977,3;765,05;3910,5;65535;13018,4;9107,9;0;0;0;
347;835,06;11975,17;767,18;3778,5;65535;12951,6;9173,1;0;0;0;
348;835,21;11973,04;769,31;3619,7;65535;12738,4;9118,7;0;0;0;
349;835,36;11970,91;771,43;3542,4;65535;12771,1;9228,7;0;0;0;
350;835,51;11968,78;773,56;3689,2;65535;13020;9330,8;0;0;0;
351;835,66;11966,66;775,69;3706,1;65535;13109,8;9403,7;0;0;0;
352;835,8;11964,53;777,81;3673,4;65535;13143,4;9470;0;0;0;
353;835,95;11962,4;779,94;3585,9;65535;13121,3;9535,4;0;0;0;
354;836,1;11960,28;782,06;3688,2;65535;13251,4;9563,2;0;0;0;
355;836,25;11958,16;784,19;3634,1;65535;13229,6;9595,5;0;0;0;
356;836,4;11956,04;786,31;3594,5;65535;13211,5;9617;0;0;0;
357;836,55;11953,91;788,43;3704,8;65535;13370,1;9665,3;0;0;0;
358;836,69;11951,79;790,55;3732,8;65535;13398,2;9665,4;0;0;0;
359;836,84;11949,68;792,67;3651,4;65535;13343;9691,6;0;0;0;
360;836,99;11947,56;794,79;3665,8;65535;13356,1;9690,3;0;0;0;
361;837,14;11945,44;796,9;3615,4;65535;13335,8;9720,4;0;0;0;
362;837,29;11943,32;799,02;3695,1;65535;13401,3;9706,2;0;0;0;
363;837,44;11941,21;801,14;3650,4;65535;13310,3;9659,9;0;0;0;
364;837,58;11939,09;803,25;3821,4;65535;13477,9;9656,5;0;0;0;
365;837,73;11936,98;805,37;3667,9;65535;13285,5;9617,6;0;0;0;
366;837,88;11934,86;807,48;3641,3;65535;13179,5;9538,2;0;0;0;
367;838,03;11932,75;809,59;3669,4;65535;13180,5;9511,1;0;0;0;
368;838,18;11930,64;811,7;3777,1;65535;13276,2;9499,1;0;0;0;
369;838,33;11928,53;813,81;3689,5;65535;13156,9;9467,4;0;0;0;
370;838,47;11926,42;815,92;3579,8;65535;13009,8;9430;0;0;0;
371;838,62;11924,31;818,03;3565,4;65535;12870,3;9304,9;0;0;0;
372;838,77;11922,2;820,14;3699,9;65535;12922,9;9223;0;0;0;
373;838,92;11920,1;822,25;3800,8;65535;12958,7;9157,9;0;0;0;
374;839,07;11917,99;824,35;3799,6;65535;12919,3;9119,7;0;0;0;
375;839,22;11915,88;826,46;3668,9;65535;12801,4;9132,5;0;0;0;
376;839,36;11913,78;828,56;3679,2;65535;12787,8;9108,6;0;0;0;
377;839,51;11911,68;830,67;3592;65535;12624,7;9032,7;0;0;0;
378;839,66;11909,57;832,77;3691,6;65535;12728,9;9037,3;0;0;0;
379;839,81;11907,47;834,87;3702,3;65535;12710,5;9008,2;0;0;0;
380;839,96;11905,37;836,97;3642,8;65535;12623;8980,2;0;0;0;
381;840,11;11903,27;839,07;3762,2;65535;12747,3;8985,1;0;0;0;
382;840,25;11901,17;841,17;3524,9;65535;12467,1;8942,2;0;0;0;
383;840,4;11899,07;843,27;3613,3;65535;12552,4;8939,1;0;0;0;
384;840,55;11896,98;845,37;3662,1;65535;12644;8981,9;0;0;0;
385;840,7;11894,88;847,46;3588,3;65535;12539,3;8951;0;0;0;
386;840,85;11892,79;849,56;3748,7;65535;12769,3;9020,6;0;0;0;
387;840,99;11890,69;851,65;3919,4;65535;12942,5;9023,1;0;0;0;
388;841,14;11888,6;853,75;3583,1;65535;12608,5;9025,4;0;0;0;
389;841,29;11886,5;855,84;3720,1;65535;12746,2;9026,1;0;0;0;
390;841,44;11884,41;857,93;3599,9;65535;12577,3;8977,4;0;0;0;
391;841,59;11882,32;860,02;4263,9;65535;13288,7;9024,8;0;0;0;
392;841,73;11880,23;862,11;3586,3;65535;12664,5;9078,2;0;0;0;
393;841,88;11878,14;864,2;3738,7;65535;12855,2;9116,5;0;0;0;
394;842,03;11876,05;866,29;3586,8;65535;12815,1;9228,3;0;0;0;
395;842,18;11873,96;868,38;3624,4;65535;12911,7;9287,3;0;0;0;
396;842,33;11871,88;870,47;4722,7;65535;13988,5;9265,8;0;0;0;
397;842,47;11869,79;872,55;4299,5;65535;13657,3;9357,8;0;0;0;
398;842,62;11867,71;874,64;3673,8;65535;13112,6;9438,8;0;0;0;
399;842,77;11865,62;876,72;3653,1;65535;13111,7;9458,6;0;0;0;
400;842,92;11863,54;878,81;3596,2;65535;12997,5;9401,3;0;0;0;
401;843,07;11861,46;880,89;3723,3;65535;13198,9;9475,6;0;0;0;
402;843,21;11859,37;882,97;3706,5;65535;13202,6;9496,1;0;0;0;
403;843,36;11857,29;885,05;3699,1;65535;13220,4;9521,3;0;0;0;
404;843,51;11855,21;887,13;3706,8;65535;13158,4;9451,6;0;0;0;
405;843,66;11853,13;889,21;3845,1;65535;13295,1;9450;0;0;0;
406;843,81;11851,06;891,29;3545,5;65535;13119,7;9574,2;0;0;0;
407;843,95;11848,98;893,36;3630,7;65535;13256,7;9626;0;0;0;
408;844,1;11846,9;895,44;3571,9;65535;13274,9;9703;0;0;0;
409;844,25;11844,83;897,52;3638;65535;13365,1;9727,1;0;0;0;
410;844,4;11842,75;899,59;3580,9;65535;13253,7;9672,8;0;0;0;
411;844,55;11840,68;901,67;3660,8;65535;13306,9;9646,1;0;0;0;
412;844,69;11838,61;903,74;3700,3;65535;13393,6;9693,3;0;0;0;
413;844,84;11836,53;905,81;3612,9;65535;13334,1;9721,2;0;0;0;
414;844,99;11834,46;907,88;3671,8;65535;13332,2;9660,4;0;0;0;
415;845,14;11832,39;909,95;3589,4;65535;13292;9702,6;0;0;0;
416;845,29;11830,32;912,02;3535,7;65535;13151,4;9615,7;0;0;0;
417;845,43;11828,25;914,09;3596,6;65535;13155,5;9558,9;0;0;0;
418;845,58;11826,19;916,16;3584,1;65535;13205,5;9621,4;0;0;0;
419;845,73;11824,12;918,23;3793,5;65535;13327,7;9534,2;0;0;0;
420;845,88;11822,05;920,29;3593,1;65535;13002,8;9409,7;0;0;0;
421;846,02;11819,99;922,36;3644,1;65535;13007;9362,9;0;0;0;
422;846,17;11817,92;924,42;3571,9;65535;12925,1;9353,2;0;0;0;
423;846,32;11815,86;926,48;3499;65535;12815,4;9316,4;0;0;0;
424;846,47;11813,8;928,55;3705;65535;12964,8;9259,8;0;0;0;
425;846,62;11811,73;930,61;3826,7;65535;13117,5;9290,8;0;0;0;
426;846,76;11809,67;932,67;3531,4;65535;12886,6;9355,2;0;0;0;
427;846,91;11807,61;934,73;3689,2;65535;12989,2;9300;0;0;0;
428;847,06;11805,55;936,79;3585,1;65535;12830,8;9245,7;0;0;0;
429;847,21;11803,5;938,85;3644,2;65535;12861,2;9217;0;0;0;
430;847,35;11801,44;940,9;3726,9;65535;12916,5;9189,6;0;0;0;
431;847,5;11799,38;942,96;3695,3;65535;12882;9186,7;0;0;0;
432;847,65;11797,33;945,02;3773,6;65535;12894,3;9120,7;0;0;0;
433;847,8;11795,27;947,07;3528,1;65535;12624,5;9096,4;0;0;0;
434;847,95;11793,22;949,13;3645,6;65535;12752,8;9107,2;0;0;0;
435;848,09;11791,16;951,18;3602,2;65535;12658,6;9056,4;0;0;0;
436;848,24;11789,11;953,23;3644,9;65535;12719,5;9074,6;0;0;0;
437;848,39;11787,06;955,28;3561,3;65535;12633,8;9072,5;0;0;0;
438;848,54;11785,01;957,33;3747,2;65535;12848,8;9101,6;0;0;0;
439;848,68;11782,96;959,38;3559,1;65535;12650,8;9091,7;0;0;0;
440;848,83;11780,91;961,43;3648,3;65535;12658,9;9010,6;0;0;0;
441;848,98;11778,86;963,48;3790,2;65535;12798,7;9008,5;0;0;0;
442;849,13;11776,81;965,53;3847,5;65535;12840,9;8993,4;0;0;0;
443;849,27;11774,77;967,58;3809,9;65535;12800,3;8990,4;0;0;0;
444;849,42;11772,72;969,62;3680,9;65535;12718,8;9037,9;0;0;0;
445;849,57;11770,68;971,67;3727;65535;12739,8;9012,8;0;0;0;
446;849,72;11768,63;973,71;3733,5;65535;12730,2;8996,7;0;0;0;
447;849,86;11766,59;975,75;4177,1;65535;13138,8;8961,7;0;0;0;
448;850,01;11764,55;977,79;4062,1;65535;13104,7;9042,6;0;0;0;
449;850,16;11762,51;979,84;3873,9;65535;12928,9;9055;0;0;0;
450;850,31;11760,47;981,88;3839;65535;12888,6;9049,6;0;0;0;
451;850,45;11758,43;983,92;3776,6;65535;12870;9093,4;0;0;0;
452;850,6;11756,39;985,95;3608,9;65535;12700,7;9091,8;0;0;0;
453;850,75;11754,35;987,99;3967,1;65535;13090,1;9123;0;0;0;
454;850,9;11752,31;990,03;3643,5;65535;12798,2;9154,7;0;0;0;
455;851,04;11750,28;992,07;3639,3;65535;12798,3;9159;0;0;0;
456;851,19;11748,24;994,1;3710,2;65535;12922,3;9212,1;0;0;0;
457;851,34;11746,21;996,14;3731,1;65535;12986;9254,9;0;0;0;
458;851,49;11744,17;998,17;3672,9;65535;13026,6;9353,7;0;0;0;
459;851,63;11742,14;1000,2;3619,8;65535;13037,6;9417,8;0;0;0;
460;851,78;11740,11;1002,23;3646,5;65535;13141,7;9495,2;0;0;0;
461;851,93;11738,08;1004,27;3553,7;65535;13091;9537,3;0;0;0;
462;852,08;11736,05;1006,3;3648,6;65535;13314,3;9665,7;0;0;0;
463;852,22;11734,02;1008,33;3552,8;65535;13255,1;9702,3;0;0;0;
464;852,37;11731,99;1010,35;3717,6;65535;13487,7;9770,1;0;0;0;
465;852,52;11729,96;1012,38;3695,7;65535;13528;9832,3;0;0;0;
466;852,67;11727,93;1014,41;3697,5;65535;13532,9;9835,4;0;0;0;
467;852,81;11725,91;1016,44;3722,2;65535;13589,4;9867,2;0;0;0;
468;852,96;11723,88;1018,46;3797,8;65535;13688,3;9890,5;0;0;0;
469;853,11;11721,86;1020,49;3668,9;65535;13520,6;9851,7;0;0;0;
470;853,25;11719,83;1022,51;3691,2;65535;13482;9790,8;0;0;0;
471;853,4;11717,81;1024,53;3719,8;65535;13547,2;9827,4;0;0;0;
472;853,55;11715,79;1026,55;3693,6;65535;13574,1;9880,5;0;0;0;
473;853,7;11713,77;1028,58;3651,1;65535;13498,6;9847,5;0;0;0;
474;853,84;11711,75;1030,6;3665,6;65535;13519;9853,4;0;0;0;
475;853,99;11709,73;1032,61;3644;65535;13544,6;9900,6;0;0;0;
476;854,14;11707,71;1034,63;3697,1;65535;13536,4;9839,3;0;0;0;
477;854,29;11705,69;1036,65;3588,6;65535;13472,9;9884,3;0;0;0;
478;854,43;11703,68;1038,67;3635,9;65535;13535,7;9899,8;0;0;0;
479;854,58;11701,66;1040,68;3642,4;65535;13544,2;9901,8;0;0;0;
480;854,73;11699,64;1042,7;3703,6;65535;13599,9;9896,3;0;0;0;
481;854,87;11697,63;1044,71;3588,8;65535;13444,6;9855,8;0;0;0;
482;855,02;11695,62;1046,73;3875,8;65535;13763,9;9888,1;0;0;0;
483;855,17;11693,6;1048,74;3599,8;65535;13496,6;9896,8;0;0;0;
484;855,32;11691,59;1050,75;3638,7;65535;13568,2;9929,5;0;0;0;
485;855,46;11689,58;1052,76;3674,8;65535;13586,5;9911,7;0;0;0;
486;855,61;11687,57;1054,77;3699,6;65535;13638,2;9938,6;0;0;0;
487;855,76;11685,56;1056,78;3616,6;65535;13545,2;9928,6;0;0;0;
488;855,9;11683,55;1058,79;3815,8;65535;13746,7;9930,9;0;0;0;
489;856,05;11681,54;1060,8;3666,3;65535;13629,9;9963,6;0;0;0;
490;856,2;11679,54;1062,81;3638,3;65535;13630,7;9992,4;0;0;0;
491;856,35;11677,53;1064,81;5387,5;65535;15457,2;10069,7;0;0;0;
492;856,49;11675,53;1066,82;3624,8;65535;13647,5;10022,7;0;0;0;
493;856,64;11673,52;1068,82;3616,1;65535;13618,1;10002;0;0;0;
494;856,79;11671,52;1070,83;3603,7;65535;13566,3;9962,6;0;0;0;
495;856,93;11669,51;1072,83;3691,7;65535;13772,2;10080,5;0;0;0;
496;857,08;11667,51;1074,83;3638,5;65535;13839;10200,5;0;0;0;
497;857,23;11665,51;1076,83;3697,4;65535;14114,6;10417,2;0;0;0;
498;857,37;11663,51;1078,83;3649,9;65535;14486,7;10836,8;0;0;0;
499;857,52;11661,51;1080,83;3671,3;65535;15177,8;11506,5;0;0;0;
500;857,67;11659,51;1082,83;3699,8;65535;16018;12318,2;0;0;0;
501;857,82;11657,51;1084,83;3663,3;65535;16208,6;12545,3;0;0;0;
502;857,96;11655,52;1086,83;3680,3;65535;15051,4;11371,1;0;0;0;
503;858,11;11653,52;1088,82;3578,2;65535;14006,5;10428,3;0;0;0;
504;858,26;11651,53;1090,82;3651,2;65535;13723;10071,8;0;0;0;
505;858,4;11649,53;1092,81;3659,9;65535;13658,7;9998,8;0;0;0;
506;858,55;11647,54;1094,81;3709;65535;13673,2;9964,2;0;0;0;
507;858,7;11645,54;1096,8;3680,2;65535;13553,2;9873;0;0;0;
508;858,84;11643,55;1098,79;3708,9;65535;13492,8;9783,9;0;0;0;
509;858,99;11641,56;1100,78;3687,5;65535;13414,4;9726,9;0;0;0;
510;859,14;11639,57;1102,77;3780,4;65535;13445,1;9664,7;0;0;0;
511;859,29;11637,58;1104,76;3690,3;65535;13328,7;9638,4;0;0;0;
512;859,43;11635,59;1106,75;3576,9;65535;13155,4;9578,5;0;0;0;
513;859,58;11633,6;1108,74;3610;65535;13112,1;9502,1;0;0;0;
514;859,73;11631,62;1110,73;3735,3;65535;13219,7;9484,4;0;0;0;
515;859,87;11629,63;1112,71;3728,4;65535;13164,4;9436;0;0;0;
516;860,02;11627,65;1114,7;3737,3;65535;13188,6;9451,3;0;0;0;
517;860,17;11625,66;1116,68;3649;65535;13083,1;9434,1;0;0;0;
518;860,31;11623,68;1118,67;3653,1;65535;13080;9426,9;0;0;0;
519;860,46;11621,69;1120,65;3719,2;65535;13164,3;9445,1;0;0;0;
520;860,61;11619,71;1122,63;3865,3;65535;13318,4;9453,1;0;0;0;
521;860,75;11617,73;1124,61;3564,7;65535;13071,5;9506,8;0;0;0;
522;860,9;11615,75;1126,59;3608,9;65535;13152,9;9544;0;0;0;
523;861,05;11613,77;1128,57;3780;65535;13379,6;9599,6;0;0;0;
524;861,19;11611,79;1130,55;3614,1;65535;13224,4;9610,3;0;0;0;
525;861,34;11609,81;1132,53;3614,7;65535;13253,2;9638,5;0;0;0;
526;861,49;11607,83;1134,51;3642,7;65535;13310,9;9668,2;0;0;0;
527;861,63;11605,86;1136,49;3608,9;65535;13360,2;9751,3;0;0;0;
528;861,78;11603,88;1138,46;3594,8;65535;13352;9757,2;0;0;0;
529;861,93;11601,91;1140,44;3725,4;65535;13499,1;9773,7;0;0;0;
530;862,07;11599,93;1142,41;3576,7;65535;13412,9;9836,2;0;0;0;
531;862,22;11597,96;1144,38;4047,5;65535;13924,8;9877,3;0;0;0;
532;862,37;11595,99;1146,36;3529,2;65535;13358,7;9829,5;0;0;0;
533;862,51;11594,02;1148,33;3714,7;65535;13632,3;9917,6;0;0;0;
534;862,66;11592,04;1150,3;3759,2;65535;13738,4;9979,2;0;0;0;
535;862,81;11590,07;1152,27;3598,3;65535;13644,7;10046,4;0;0;0;
536;862,95;11588,11;1154,24;3731,2;65535;13827,1;10095,9;0;0;0;
537;863,1;11586,14;1156,21;3762,6;65535;13918,5;10155,9;0;0;0;
538;863,25;11584,17;1158,17;3619,8;65535;13811,7;10191,9;0;0;0;
539;863,39;11582,2;1160,14;3639,7;65535;13901,2;10261,5;0;0;0;
540;863,54;11580,24;1162,11;3515,7;65535;13786,5;10270,8;0;0;0;
541;863,69;11578,27;1164,07;3579,7;65535;13899,4;10319,7;0;0;0;
542;863,83;11576,31;1166,04;3940,7;65535;14294,4;10353,7;0;0;0;
543;863,98;11574,34;1168;3746,3;65535;14088,3;10342;0;0;0;
544;864,13;11572,38;1169,96;3653,1;65535;14028;10374,9;0;0;0;
545;864,27;11570,42;1171,92;3676;65535;14021,4;10345,4;0;0;0;
546;864,42;11568,46;1173,89;3695,5;65535;14072,5;10377;0;0;0;
547;864,57;11566,5;1175,85;3591,6;65535;14043,6;10452;0;0;0;
548;864,71;11564,54;1177,81;3701,4;65535;14136,9;10435,5;0;0;0;
549;864,86;11562,58;1179,76;3583,9;65535;14076,4;10492,5;0;0;0;
550;865,01;11560,62;1181,72;4220,8;65535;14758;10537,2;0;0;0;
551;865,15;11558,66;1183,68;5198,3;65535;15698,9;10500,6;0;0;0;
552;865,3;11556,71;1185,64;3611,5;65535;14017;10405,5;0;0;0;
553;865,44;11554,75;1187,59;3772,3;65535;14223,4;10451,1;0;0;0;
554;865,59;11552,8;1189,55;3760,1;65535;14151,5;10391,4;0;0;0;
555;865,74;11550,84;1191,5;3730,5;65535;14133,5;10403;0;0;0;
556;865,88;11548,89;1193,45;3750,5;65535;14100,8;10350,3;0;0;0;
557;866,03;11546,94;1195,41;3696,8;65535;14053,1;10356,3;0;0;0;
558;866,18;11544,99;1197,36;4028,4;65535;14278;10249,6;0;0;0;
559;866,32;11543,04;1199,31;3691,4;65535;13869;10177,6;0;0;0;
560;866,47;11541,09;1201,26;3748;65535;13975,2;10227,2;0;0;0;
561;866,62;11539,14;1203,21;3601,7;65535;13757,2;10155,5;0;0;0;
562;866,76;11537,19;1205,16;4136,7;65535;14252,1;10115,4;0;0;0;
563;866,91;11535,24;1207,1;4057,3;65535;14101,8;10044,5;0;0;0;
564;867,05;11533,29;1209,05;3775,2;65535;13773,2;9998;0;0;0;
565;867,2;11531,35;1211;3695;65535;13626,1;9931,1;0;0;0;
566;867,35;11529,4;1212,94;3890,2;65535;13841,2;9951;0;0;0;
567;867,49;11527,46;1214,88;3575;65535;13476,3;9901,3;0;0;0;
568;867,64;11525,51;1216,83;3628,7;65535;13443,9;9815,2;0;0;0;
569;867,79;11523,57;1218,77;4074,3;65535;13807,2;9732,9;0;0;0;
570;867,93;11521,63;1220,71;3634,6;65535;13336,9;9702,3;0;0;0;
571;868,08;11519,69;1222,65;3716,4;65535;13393,1;9676,7;0;0;0;
572;868,23;11517,75;1224,59;3700;65535;13379,2;9679,2;0;0;0;
573;868,37;11515,81;1226,53;3713,9;65535;13433,2;9719,3;0;0;0;
574;868,52;11513,87;1228,47;3720,1;65535;13451,6;9731,5;0;0;0;
575;868,66;11511,93;1230,41;3858,7;65535;13677,5;9818,8;0;0;0;
576;868,81;11510;1232,35;3928,6;65535;13923,1;9994,5;0;0;0;
577;868,96;11508,06;1234,28;3628,6;65535;13627,1;9998,5;0;0;0;
578;869,1;11506,12;1236,22;3615,8;65535;13633,4;10017,6;0;0;0;
579;869,25;11504,19;1238,15;3756,8;65535;13826,4;10069,6;0;0;0;
580;869,39;11502,25;1240,09;3659,8;65535;13790,9;10131,1;0;0;0;
581;869,54;11500,32;1242,02;3711,2;65535;13910,7;10199,5;0;0;0;
582;869,69;11498,39;1243,95;5939,1;65535;16177,2;10238,1;0;0;0;
583;869,83;11496,46;1245,89;3606,1;65535;13894,1;10288;0;0;0;
584;869,98;11494,53;1247,82;3647,9;65535;14016,5;10368,6;0;0;0;
585;870,13;11492,6;1249,75;4019,1;65535;14348,7;10329,6;0;0;0;
586;870,27;11490,67;1251,68;3644,7;65535;13963,4;10318,7;0;0;0;
587;870,42;11488,74;1253,6;3573,2;65535;13905,5;10332,3;0;0;0;
588;870,56;11486,81;1255,53;3652,1;65535;13926,7;10274,6;0;0;0;
589;870,71;11484,88;1257,46;3675,7;65535;14011,9;10336,2;0;0;0;
590;870,86;11482,96;1259,39;3574,6;65535;13863,6;10289;0;0;0;
591;871;11481,03;1261,31;3878,5;65535;14154,2;10275,7;0;0;0;
592;871,15;11479,11;1263,24;5637;65535;15989,5;10352,5;0;0;0;
593;871,29;11477,18;1265,16;3692,3;65535;14060,3;10368;0;0;0;
594;871,44;11475,26;1267,08;3695,9;65535;14051,8;10355,9;0;0;0;
595;871,59;11473,34;1269;3696;65535;14085,2;10389,2;0;0;0;
596;871,73;11471,42;1270,93;3570,1;65535;13980,1;10410;0;0;0;
597;871,88;11469,5;1272,85;3743,2;65535;14145,1;10401,9;0;0;0;
598;872,02;11467,58;1274,77;3719,6;65535;14098,2;10378,6;0;0;0;
599;872,17;11465,66;1276,68;3639;65535;14073,7;10434,7;0;0;0;
600;872,32;11463,74;1278,6;3752,8;65535;14276,4;10523,6;0;0;0;
601;872,46;11461,82;1280,52;3890,2;65535;14476,3;10586,1;0;0;0;
602;872,61;11459,91;1282,44;4269,3;65535;14897,8;10628,5;0;0;0;
603;872,75;11457,99;1284,35;3673,5;65535;14304,3;10630,8;0;0;0;
604;872,9;11456,08;1286,27;3616;65535;14243,2;10627,2;0;0;0;
605;873,05;11454,16;1288,18;3702,1;65535;14334,7;10632,6;0;0;0;
606;873,19;11452,25;1290,1;3638,6;65535;14248,6;10610;0;0;0;
607;873,34;11450,33;1292,01;3773,9;65535;14352,4;10578,5;0;0;0;
608;873,48;11448,42;1293,92;3666,5;65535;14321,3;10654,8;0;0;0;
609;873,63;11446,51;1295,83;3755,2;65535;14437,7;10682,5;0;0;0;
610;873,77;11444,6;1297,74;3672,5;65535;14392,1;10719,6;0;0;0;
611;873,92;11442,69;1299,65;3730,6;65535;14447,2;10716,6;0;0;0;
612;874,07;11440,78;1301,56;3677;65535;14351,6;10674,6;0;0;0;
613;874,21;11438,87;1303,47;3699,1;65535;14437,2;10738,1;0;0;0;
614;874,36;11436,97;1305,38;3709,5;65535;14451,8;10742,3;0;0;0;
615;874,5;11435,06;1307,28;3789,1;65535;14595,1;10806;0;0;0;
616;874,65;11433,16;1309,19;3536,9;65535;14375,7;10838,8;0;0;0;
617;874,79;11431,25;1311,09;3628,7;65535;14453,8;10825,1;0;0;0;
618;874,94;11429,35;1313;3602,5;65535;14373,5;10771;0;0;0;
619;875,09;11427,44;1314,9;3758,3;65535;14531,8;10773,5;0;0;0;
620;875,23;11425,54;1316,8;4001,6;65535;14852,4;10850,8;0;0;0;
621;875,38;11423,64;1318,71;3855,9;65535;14631,9;10776;0;0;0;
622;875,52;11421,74;1320,61;3847,7;65535;14679,8;10832,1;0;0;0;
623;875,67;11419,84;1322,51;3685,8;65535;14488,2;10802,4;0;0;0;
624;875,81;11417,94;1324,41;3561,9;65535;14418,9;10857;0;0;0;
625;875,96;11416,04;1326,3;3681,9;65535;14611;10929,1;0;0;0;
626;876,11;11414,14;1328,2;3631,6;65535;14551;10919,4;0;0;0;
627;876,25;11412,24;1330,1;3616,9;65535;14322,2;10705,3;0;0;0;
628;876,4;11410,35;1332;3737,3;65535;14276,4;10539,1;0;0;0;
629;876,54;11408,45;1333,89;3730,4;65535;14298,5;10568,1;0;0;0;
630;876,69;11406,56;1335,79;3762,1;65535;14349,6;10587,5;0;0;0;
631;876,83;11404,66;1337,68;3918,8;65535;14428,4;10509,6;0;0;0;
632;876,98;11402,77;1339,57;3687,9;65535;14117,1;10429,2;0;0;0;
633;877,13;11400,88;1341,47;3671,2;65535;13992,4;10321,2;0;0;0;
634;877,27;11398,98;1343,36;3724,3;65535;13913,5;10189,2;0;0;0;
635;877,42;11397,09;1345,25;5057;65535;15135;10078;0;0;0;
636;877,56;11395,2;1347,14;3541,8;65535;13663,3;10121,5;0;0;0;
637;877,71;11393,31;1349,03;3939,7;65535;14152,6;10212,9;0;0;0;
638;877,85;11391,43;1350,92;3640,7;65535;13866,2;10225,5;0;0;0;
639;878;11389,54;1352,81;3639,3;65535;13833,8;10194,5;0;0;0;
640;878,14;11387,65;1354,69;3728;65535;13968,3;10240,3;0;0;0;
641;878,29;11385,76;1356,58;3710,3;65535;14081,1;10370,8;0;0;0;
642;878,44;11383,88;1358,47;3760,2;65535;14032,3;10272,1;0;0;0;
643;878,58;11381,99;1360,35;3700,9;65535;14001,3;10300,4;0;0;0;
644;878,73;11380,11;1362,23;4066,2;65535;14424,8;10358,6;0;0;0;
645;878,87;11378,23;1364,12;3705,2;65535;14105,8;10400,6;0;0;0;
646;879,02;11376,34;1366;3635,7;65535;14047,2;10411,5;0;0;0;
647;879,16;11374,46;1367,88;3649,9;65535;14072,1;10422,2;0;0;0;
648;879,31;11372,58;1369,76;3548,9;65535;14054,8;10505,9;0;0;0;
649;879,45;11370,7;1371,64;3693,4;65535;14174,5;10481,1;0;0;0;
650;879,6;11368,82;1373,52;3678,5;65535;14176,6;10498,1;0;0;0;
651;879,74;11366,94;1375,4;3720,9;65535;14259,5;10538,6;0;0;0;
652;879,89;11365,06;1377,28;3657,7;65535;14214;10556,3;0;0;0;
653;880,03;11363,19;1379,16;4290,8;65535;14875,1;10584,3;0;0;0;
654;880,18;11361,31;1381,03;4275,6;65535;14845,8;10570,2;0;0;0;
655;880,33;11359,43;1382,91;3907,4;65535;14505;10597,6;0;0;0;
656;880,47;11357,56;1384,78;3635;65535;14267;10632;0;0;0;
657;880,62;11355,69;1386,66;3706,8;65535;14377,2;10670,4;0;0;0;
658;880,76;11353,81;1388,53;3706,6;65535;14377,4;10670,8;0;0;0;
659;880,91;11351,94;1390,4;3756,2;65535;14454,9;10698,7;0;0;0;
660;881,05;11350,07;1392,28;3900,8;65535;14644,7;10743,9;0;0;0;
661;881,2;11348,2;1394,15;3636,4;65535;14358,9;10722,5;0;0;0;
662;881,34;11346,33;1396,02;3793,5;65535;14606,6;10813,1;0;0;0;
663;881,49;11344,46;1397,89;3853,4;65535;14644,4;10791;0;0;0;
664;881,63;11342,59;1399,76;3646,2;65535;14486,4;10840,2;0;0;0;
665;881,78;11340,72;1401,62;3800,7;65535;14679,1;10878,4;0;0;0;
666;881,92;11338,85;1403,49;3710;65535;14606,6;10896,6;0;0;0;
667;882,07;11336,99;1405,36;3705;65535;14544,1;10839,1;0;0;0;
668;882,21;11335,12;1407,22;3609,8;65535;14530,7;10920,9;0;0;0;
669;882,36;11333,26;1409,09;3616,9;65535;14502,3;10885,4;0;0;0;
670;882,5;11331,39;1410,95;3547,3;65535;14443;10895,7;0;0;0;
671;882,65;11329,53;1412,82;3803,1;65535;14646,6;10843,5;0;0;0;
672;882,79;11327,67;1414,68;3630,6;65535;14443,3;10812,7;0;0;0;
673;882,94;11325,8;1416,54;3654;65535;14405,6;10751,6;0;0;0;
674;883,08;11323,94;1418,4;3646;65535;14382,1;10736,1;0;0;0;
675;883,23;11322,08;1420,26;3631,2;65535;14383,1;10751,9;0;0;0;
676;883,37;11320,22;1422,12;3920,6;65535;14640,2;10719,6;0;0;0;
677;883,52;11318,36;1423,98;3823,2;65535;14540,7;10717,5;0;0;0;
678;883,67;11316,5;1425,84;3587,6;65535;14268,5;10680,9;0;0;0;
679;883,81;11314,65;1427,7;3788,6;65535;14452,6;10664;0;0;0;
680;883,96;11312,79;1429,55;3624,8;65535;14182,6;10557,8;0;0;0;
681;884,1;11310,93;1431,41;3673,3;65535;14180,8;10507,5;0;0;0;
682;884,25;11309,08;1433,26;3671,6;65535;14140;10468,4;0;0;0;
683;884,39;11307,22;1435,12;3676,4;65535;14073;10396,6;0;0;0;
684;884,54;11305,37;1436,97;3742;65535;14052;10310;0;0;0;
685;884,68;11303,52;1438,83;3751,8;65535;14005,1;10253,3;0;0;0;
686;884,83;11301,67;1440,68;3681;65535;13861,5;10180,5;0;0;0;
687;884,97;11299,81;1442,53;3664,7;65535;13833,3;10168,6;0;0;0;
688;885,12;11297,96;1444,38;4039,8;65535;14204,6;10164,8;0;0;0;
689;885,26;11296,11;1446,23;3710,1;65535;13846,9;10136,8;0;0;0;
690;885,41;11294,26;1448,08;3594,9;65535;13696,7;10101,8;0;0;0;
691;885,55;11292,42;1449,93;3665,1;65535;13799,2;10134,1;0;0;0;
692;885,69;11290,57;1451,77;3732,5;65535;13837,5;10105;0;0;0;
693;885,84;11288,72;1453,62;3610,3;65535;13700,9;10090,6;0;0;0;
694;885,98;11286,88;1455,47;3687;65535;13775,4;10088,4;0;0;0;
695;886,13;11285,03;1457,31;3604,5;65535;13735,8;10131,3;0;0;0;
696;886,27;11283,19;1459,16;5061,6;65535;15326,4;10264,8;0;0;0;
697;886,42;11281,34;1461;3584,2;65535;13796,7;10212,5;0;0;0;
698;886,56;11279,5;1462,85;3605,6;65535;13897,2;10291,6;0;0;0;
699;886,71;11277,66;1464,69;3593,1;65535;13926,4;10333,3;0;0;0;
700;886,85;11275,81;1466,53;3689,7;65535;14039,7;10350;0;0;0;
701;887;11273,97;1468,37;3689,8;65535;14041,4;10351,6;0;0;0;
702;887,14;11272,13;1470,21;3583;65535;13980,8;10397,8;0;0;0;
703;887,29;11270,29;1472,05;3582,6;65535;14044,1;10461,5;0;0;0;
704;887,43;11268,45;1473,89;3703,9;65535;14206,2;10502,3;0;0;0;
705;887,58;11266,62;1475,73;3828,3;65535;14380,9;10552,6;0;0;0;
706;887,72;11264,78;1477,56;3760,9;65535;14383,7;10622,8;0;0;0;
707;887,87;11262,94;1479,4;3758,3;65535;14468,1;10709,8;0;0;0;
708;888,01;11261,11;1481,24;3690,2;65535;14447,5;10757,3;0;0;0;
709;888,16;11259,27;1483,07;3683,6;65535;14451,5;10767,9;0;0;0;
710;888,3;11257,44;1484,91;3577,8;65535;14419,2;10841,4;0;0;0;
711;888,45;11255,6;1486,74;3664,2;65535;14536,9;10872,7;0;0;0;
712;888,59;11253,77;1488,57;3860,7;65535;14771;10910,3;0;0;0;
713;888,74;11251,94;1490,4;4354,7;65535;15392,1;11037,4;0;0;0;
714;888,88;11250,11;1492,23;3672,4;65535;14681,6;11009,2;0;0;0;
715;889,02;11248,28;1494,07;3690,4;65535;14739,7;11049,3;0;0;0;
716;889,17;11246,45;1495,9;3734,8;65535;14857,2;11122,4;0;0;0;
717;889,31;11244,62;1497,72;3612,2;65535;14736,1;11123,9;0;0;0;
718;889,46;11242,79;1499,55;3599;65535;14734,6;11135,6;0;0;0;
719;889,6;11240,96;1501,38;3732,7;65535;14926,2;11193,5;0;0;0;
720;889,75;11239,14;1503,21;3721,9;65535;14923,8;11201,9;0;0;0;
721;889,89;11237,31;1505,03;3673,4;65535;14967,9;11294,5;0;0;0;
722;890,04;11235,48;1506,86;3699,9;65535;14939,7;11239,8;0;0;0;
723;890,18;11233,66;1508,68;3679,9;65535;14919,7;11239,8;0;0;0;
724;890,33;11231,84;1510,51;3670,2;65535;14958,7;11288,5;0;0;0;
725;890,47;11230,01;1512,33;3688,2;65535;15001,9;11313,7;0;0;0;
726;890,62;11228,19;1514,15;3878,1;65535;15244,9;11366,8;0;0;0;
727;890,76;11226,37;1515,97;3848,2;65535;15261,2;11413;0;0;0;
728;890,9;11224,55;1517,8;3571,3;65535;14974,8;11403,5;0;0;0;
729;891,05;11222,73;1519,62;3610,1;65535;15029,5;11419,4;0;0;0;
730;891,19;11220,91;1521,43;3649,9;65535;15019,3;11369,4;0;0;0;
731;891,34;11219,09;1523,25;3774,3;65535;15136,2;11361,9;0;0;0;
732;891,48;11217,27;1525,07;3765,8;65535;15103,1;11337,3;0;0;0;
733;891,63;11215,45;1526,89;3704,3;65535;14971,3;11267;0;0;0;
734;891,77;11213,64;1528,71;3794,9;65535;15125,8;11330,9;0;0;0;
735;891,92;11211,82;1530,52;3744,2;65535;15026,8;11282,6;0;0;0;
736;892,06;11210,01;1532,34;3639,8;65535;14842,4;11202,6;0;0;0;
737;892,2;11208,19;1534,15;3631,6;65535;14758,4;11126,8;0;0;0;
738;892,35;11206,38;1535,96;3643,2;65535;14744,9;11101,7;0;0;0;
739;892,49;11204,57;1537,78;3611,3;65535;14699,5;11088,2;0;0;0;
740;892,64;11202,75;1539,59;3644,9;65535;14780,3;11135,4;0;0;0;
741;892,78;11200,94;1541,4;3653,2;65535;14731,7;11078,5;0;0;0;
742;892,93;11199,13;1543,21;3559;65535;14630;11071;0;0;0;
743;893,07;11197,32;1545,02;3806,3;65535;14889,7;11083,4;0;0;0;
744;893,21;11195,51;1546,83;3655,4;65535;14722,5;11067,1;0;0;0;
745;893,36;11193,7;1548,64;3766,3;65535;14821,8;11055,5;0;0;0;
746;893,5;11191,9;1550,45;3767,1;65535;14889,1;11122;0;0;0;
747;893,65;11190,09;1552,25;3608,8;65535;14744,9;11136,1;0;0;0;
748;893,79;11188,28;1554,06;3744,1;65535;14835;11090,9;0;0;0;
749;893,94;11186,48;1555,87;3705;65535;14746,5;11041,5;0;0;0;
750;894,08;11184,67;1557,67;3779,9;65535;14778,8;10998,9;0;0;0;
751;894,22;11182,87;1559,47;3604,7;65535;14693,1;11088,4;0;0;0;
752;894,37;11181,07;1561,28;3591,8;65535;14708,3;11116,5;0;0;0;
753;894,51;11179,26;1563,08;3607,7;65535;14792,2;11184,5;0;0;0;
754;894,66;11177,46;1564,88;3710,4;65535;14861,6;11151,2;0;0;0;
755;894,8;11175,66;1566,68;3662,5;65535;14839,1;11176,6;0;0;0;
756;894,95;11173,86;1568,48;3891,4;65535;15044,2;11152,8;0;0;0;
757;895,09;11172,06;1570,28;3602,9;65535;14766,6;11163,7;0;0;0;
758;895,23;11170,26;1572,08;4536,4;65535;15766,8;11230,4;0;0;0;
759;895,38;11168,46;1573,88;3650,2;65535;14823,6;11173,4;0;0;0;
760;895,52;11166,67;1575,68;3759,3;65535;14968,7;11209,4;0;0;0;
761;895,67;11164,87;1577,48;3808,3;65535;15044,2;11235,9;0;0;0;
762;895,81;11163,07;1579,27;3677,2;65535;14837,7;11160,5;0;0;0;
763;895,95;11161,28;1581,07;3586,5;65535;14654,9;11068,4;0;0;0;
764;896,1;11159,48;1582,86;3726,9;65535;14803,1;11076,2;0;0;0;
765;896,24;11157,69;1584,66;3620,4;65535;14698,8;11078,4;0;0;0;
766;896,39;11155,89;1586,45;3559,3;65535;14621,5;11062,2;0;0;0;
767;896,53;11154,1;1588,24;3668,6;65535;14750,7;11082,1;0;0;0;
768;896,68;11152,31;1590,03;3755,5;65535;14780,6;11025,1;0;0;0;
769;896,82;11150,52;1591,82;3921,1;65535;15013,7;11092,6;0;0;0;
770;896,96;11148,73;1593,61;3613,3;65535;14732,8;11119,5;0;0;0;
771;897,11;11146,94;1595,4;3610,1;65535;14584;10973,9;0;0;0;
772;897,25;11145,15;1597,19;3595,6;65535;14641,5;11045,9;0;0;0;
773;897,4;11143,36;1598,98;3574,9;65535;14553,6;10978,7;0;0;0;
774;897,54;11141,58;1600,77;3746,2;65535;14767,9;11021,7;0;0;0;
775;897,68;11139,79;1602,56;3713;65535;14684,1;10971,1;0;0;0;
776;897,83;11138;1604,34;3670,7;65535;14665,7;10995;0;0;0;
777;897,97;11136,22;1606,13;3865,2;65535;14850,3;10985,1;0;0;0;
778;898,11;11134,43;1607,91;3790,3;65535;14785,2;10994,9;0;0;0;
779;898,26;11132,65;1609,69;4023,8;65535;15013;10989,2;0;0;0;
780;898,4;11130,87;1611,48;5931,8;65535;16406;10474,2;0;0;0;
781;898,55;11129,08;1613,26;4821,3;65535;15634,5;10813,2;0;0;0;
782;898,69;11127,3;1615,04;3715,7;65535;14786,8;11071,1;0;0;0;
783;898,83;11125,52;1616,82;3724,5;65535;14887,4;11162,9;0;0;0;
784;898,98;11123,74;1618,6;3625,6;65535;14784,2;11158,6;0;0;0;
785;899,12;11121,96;1620,38;3707,1;65535;14849,1;11142;0;0;0;
786;899,27;11120,18;1622,16;3597,1;65535;14766,5;11169,4;0;0;0;
787;899,41;11118,4;1623,94;3693,2;65535;14883,9;11190,7;0;0;0;
788;899,55;11116,63;1625,72;3586,5;65535;14838,4;11251,9;0;0;0;
789;899,7;11114,85;1627,49;3633;65535;14916;11283;0;0;0;
790;899,84;11113,07;1629,27;3595,2;65535;14945;11349,8;0;0;0;
791;899,98;11111,3;1631,05;3614,4;65535;14972,1;11357,7;0;0;0;
792;900,13;11109,52;1632,82;3766,7;65535;15150,2;11383,5;0;0;0;
793;900,27;11107,75;1634,59;3768,8;65535;15089,5;11320,7;0;0;0;
794;900,42;11105,98;1636,37;3887,1;65535;15266,4;11379,3;0;0;0;
795;900,56;11104,2;1638,14;3604,8;65535;14985,3;11380,5;0;0;0;
796;900,7;11102,43;1639,91;3695,3;65535;15072;11376,7;0;0;0;
797;900,85;11100,66;1641,68;3718,8;65535;15086,6;11367,8;0;0;0;
798;900,99;11098,89;1643,45;3679,3;65535;15102,1;11422,8;0;0;0;
799;901,13;11097,12;1645,22;3825,6;65535;15241;11415,4;0;0;0;
800;901,28;11095,35;1646,99;3705,8;65535;15088,3;11382,5;0;0;0;
801;901,42;11093,59;1648,76;3669,5;65535;15092,7;11423,2;0;0;0;
802;901,57;11091,82;1650,53;3750;65535;15218,9;11468,9;0;0;0;
803;901,71;11090,05;1652,29;3622,3;65535;15098,5;11476,2;0;0;0;
804;901,85;11088,28;1654,06;3773,4;65535;15243,4;11470;0;0;0;
805;902;11086,52;1655,82;3625,9;65535;15113,3;11487,4;0;0;0;
806;902,14;11084,76;1657,59;3694,2;65535;15259,2;11565;0;0;0;
807;902,28;11082,99;1659,35;3561;65535;15060,9;11499,9;0;0;0;
808;902,43;11081,23;1661,12;4296;65535;15654,6;11358,6;0;0;0;
809;902,57;11079,47;1662,88;3527,1;65535;14671,5;11144,4;0;0;0;
810;902,71;11077,7;1664,64;3653,4;65535;14797,9;11144,5;0;0;0;
811;902,86;11075,94;1666,4;3912,4;65535;15143,4;11231;0;0;0;
812;903;11074,18;1668,16;3623,3;65535;15057;11433,7;0;0;0;
813;903,14;11072,42;1669,92;4423,8;65535;15794,9;11371,1;0;0;0;
814;903,29;11070,66;1671,68;3583,1;65535;15286,6;11703,5;0;0;0;
815;903,43;11068,91;1673,44;3839;65535;15534,6;11695,6;0;0;0;
816;903,58;11067,15;1675,2;3599,9;65535;15303,6;11703,7;0;0;0;
817;903,72;11065,39;1676,95;3690;65535;15427,1;11737,1;0;0;0;
818;903,86;11063,64;1678,71;3758,4;65535;15534,7;11776,3;0;0;0;
819;904,01;11061,88;1680,46;3638,8;65535;15498,7;11859,9;0;0;0;
820;904,15;11060,13;1682,22;3573,2;65535;15392;11818,8;0;0;0;
821;904,29;11058,37;1683,97;3624,6;65535;15475,4;11850,8;0;0;0;
822;904,44;11056,62;1685,73;3675,6;65535;15529,6;11854;0;0;0;
823;904,58;11054,87;1687,48;6570,5;65535;18514,7;11944,2;0;0;0;
824;904,72;11053,11;1689,23;3667,9;65535;15474,6;11806,7;0;0;0;
825;904,87;11051,36;1690,98;3782,1;65535;15600,5;11818,4;0;0;0;
826;905,01;11049,61;1692,73;3621,5;65535;15402;11780,5;0;0;0;
827;905,15;11047,86;1694,48;3697,7;65535;15545,4;11847,7;0;0;0;
828;905,3;11046,11;1696,23;3696;65535;15492,7;11796,7;0;0;0;
829;905,44;11044,36;1697,98;3771,2;65535;15561,1;11789,9;0;0;0;
830;905,58;11042,62;1699,73;3573,1;65535;15345,2;11772,1;0;0;0;
831;905,73;11040,87;1701,47;3592,3;65535;15413;11820,7;0;0;0;
832;905,87;11039,12;1703,22;3780,7;65535;15605,4;11824,7;0;0;0;
833;906,01;11037,38;1704,97;3633;65535;15447,4;11814,4;0;0;0;
834;906,16;11035,63;1706,71;3642,3;65535;15434,5;11792,2;0;0;0;
835;906,3;11033,89;1708,45;3641,4;65535;15404,3;11762,9;0;0;0;
836;906,44;11032,15;1710,2;3746,5;65535;15542,4;11795,9;0;0;0;
837;906,59;11030,4;1711,94;3608,6;65535;15359,7;11751,1;0;0;0;
838;906,73;11028,66;1713,68;3708,5;65535;15524,7;11816,2;0;0;0;
839;906,87;11026,92;1715,42;4411,9;65535;16222,4;11810,5;0;0;0;
840;907,01;11025,18;1717,16;3634,1;65535;15488,7;11854,6;0;0;0;
841;907,16;11023,44;1718,9;3741,5;65535;15574,4;11832,9;0;0;0;
842;907,3;11021,7;1720,64;3643,8;65535;15495,5;11851,7;0;0;0;
843;907,44;11019,96;1722,38;3579,5;65535;15493,2;11913,7;0;0;0;
844;907,59;11018,22;1724,12;3593,7;65535;15481,5;11887,8;0;0;0;
845;907,73;11016,49;1725,86;3903,9;65535;15831,8;11927,9;0;0;0;
846;907,87;11014,75;1727,59;3563,1;65535;15522,1;11959;0;0;0;
847;908,02;11013,01;1729,33;3791,5;65535;15799,8;12008,3;0;0;0;
848;908,16;11011,28;1731,07;3728;65535;15638,8;11910,8;0;0;0;
849;908,3;11009,54;1732,8;3772,7;65535;15740,8;11968,1;0;0;0;
850;908,45;11007,81;1734,53;3768,9;65535;15739,7;11970,8;0;0;0;
851;908,59;11006,08;1736,27;3660,2;65535;15666,2;12006;0;0;0;
852;908,73;11004,34;1738;3671,4;65535;15696,8;12025,4;0;0;0;
853;908,87;11002,61;1739,73;3647,8;65535;15615;11967,2;0;0;0;
854;909,02;11000,88;1741,46;3693;65535;15689,2;11996,2;0;0;0;
855;909,16;10999,15;1743,19;3744,4;65535;15762,7;12018,3;0;0;0;
856;909,3;10997,42;1744,92;3641,8;65535;15602,7;11960,9;0;0;0;
857;909,45;10995,69;1746,65;3673,7;65535;15706,8;12033,1;0;0;0;
858;909,59;10993,97;1748,38;4127,9;65535;16129,1;12001,2;0;0;0;
859;909,73;10992,24;1750,11;3674,3;65535;15609,3;11935;0;0;0;
860;909,88;10990,51;1751,83;3563,3;65535;15545,1;11981,8;0;0;0;
861;910,02;10988,79;1753,56;3736,9;65535;15635,6;11898,7;0;0;0;
862;910,16;10987,06;1755,28;3685;65535;15634,6;11949,6;0;0;0;
863;910,3;10985,33;1757,01;3710,6;65535;15621,2;11910,6;0;0;0;
864;910,45;10983,61;1758,73;3669,6;65535;15579,5;11909,9;0;0;0;
865;910,59;10981,89;1760,46;4021,4;65535;15965,4;11944;0;0;0;
866;910,73;10980,16;1762,18;3698,3;65535;15577,1;11878,8;0;0;0;
867;910,88;10978,44;1763,9;3676,6;65535;15557,3;11880,7;0;0;0;
868;911,02;10976,72;1765,62;4299,6;65535;16122,8;11823,2;0;0;0;
869;911,16;10975;1767,34;3612,1;65535;15479,3;11867,2;0;0;0;
870;911,3;10973,28;1769,06;3610,2;65535;15443,6;11833,4;0;0;0;
871;911,45;10971,56;1770,78;3614,1;65535;15464,3;11850,2;0;0;0;
872;911,59;10969,84;1772,5;3794,9;65535;15667;11872,1;0;0;0;
873;911,73;10968,13;1774,22;3705,8;65535;15590,8;11885;0;0;0;
874;911,88;10966,41;1775,93;3796,6;65535;15690,9;11894,3;0;0;0;
875;912,02;10964,69;1777,65;3827,2;65535;15748,9;11921,7;0;0;0;
876;912,16;10962,98;1779,37;3571,6;65535;15422,6;11851;0;0;0;
877;912,3;10961,26;1781,08;3523;65535;15425;11902;0;0;0;
878;912,45;10959,55;1782,8;4018,9;65535;15943,3;11924,4;0;0;0;
879;912,59;10957,83;1784,51;3809;65535;15713,9;11904,9;0;0;0;
880;912,73;10956,12;1786,22;3659,1;65535;15623,1;11964;0;0;0;
881;912,87;10954,41;1787,94;3740,2;65535;15677,9;11937,7;0;0;0;
882;913,02;10952,7;1789,65;3607,8;65535;15513,2;11905,4;0;0;0;
883;913,16;10950,98;1791,36;3624,1;65535;15525,7;11901,6;0;0;0;
884;913,3;10949,27;1793,07;3683;65535;15596,1;11913,1;0;0;0;
885;913,45;10947,57;1794,78;4799,7;65535;16810,7;12011;0;0;0;
886;913,59;10945,86;1796,49;3700,3;65535;15485;11784,7;0;0;0;
887;913,73;10944,15;1798,2;3603,3;65535;15399,8;11796,5;0;0;0;
888;913,87;10942,44;1799,9;6888,9;65535;18877,7;11988,8;0;0;0;
889;914,02;10940,73;1801,61;3654,2;65535;15444,1;11789,9;0;0;0;
890;914,16;10939,03;1803,32;3541,5;65535;15333,3;11791,8;0;0;0;
891;914,3;10937,32;1805,02;3697;65535;15466,5;11769,5;0;0;0;
892;914,44;10935,62;1806,73;3644,8;65535;15401;11756,2;0;0;0;
893;914,59;10933,91;1808,43;3675,1;65535;15374,3;11699,2;0;0;0;
894;914,73;10932,21;1810,13;3559,6;65535;15266,7;11707,1;0;0;0;
895;914,87;10930,51;1811,84;3709,1;65535;15373,9;11664,8;0;0;0;
896;915,01;10928,8;1813,54;3565,2;65535;15213,6;11648,4;0;0;0;
897;915,16;10927,1;1815,24;3711,3;65535;15321;11609,7;0;0;0;
898;915,3;10925,4;1816,94;3743,7;65535;15330,5;11586,8;0;0;0;
899;915,44;10923,7;1818,64;3654,1;65535;15179,2;11525,1;0;0;0;
900;915,58;10922;1820,34;3698,7;65535;15172;11473,3;0;0;0;
901;915,73;10920,3;1822,04;3785,8;65535;15303,6;11517,8;0;0;0;
902;915,87;10918,61;1823,74;3625;65535;15211,5;11586,5;0;0;0;
903;916,01;10916,91;1825,44;3627,6;65535;15146,2;11518,6;0;0;0;
904;916,15;10915,21;1827,13;3615,2;65535;15198,1;11582,9;0;0;0;
905;916,3;10913,52;1828,83;3925,5;65535;15473,9;11548,4;0;0;0;
906;916,44;10911,82;1830,52;3708,6;65535;15365,4;11656,8;0;0;0;
907;916,58;10910,13;1832,22;3725,8;65535;15392,1;11666,3;0;0;0;
908;916,72;10908,43;1833,91;3741,9;65535;15388;11646,1;0;0;0;
909;916,86;10906,74;1835,61;3810,3;65535;15483,4;11673,1;0;0;0;
910;917,01;10905,05;1837,3;3613,8;65535;15313,7;11699,9;0;0;0;
911;917,15;10903,35;1838,99;3680,5;65535;15350,4;11669,9;0;0;0;
912;917,29;10901,66;1840,68;4083,9;65535;15754,6;11670,7;0;0;0;
913;917,43;10899,97;1842,37;3602,8;65535;15244,4;11641,6;0;0;0;
914;917,58;10898,28;1844,06;3668,9;65535;15290,1;11621,2;0;0;0;
915;917,72;10896,59;1845,75;3669,1;65535;15277,8;11608,7;0;0;0;
916;917,86;10894,9;1847,44;3750,1;65535;15329,4;11579,3;0;0;0;
917;918;10893,22;1849,13;3748,8;65535;15297,6;11548,8;0;0;0;
918;918,14;10891,53;1850,82;3535,9;65535;15063,3;11527,4;0;0;0;
919;918,29;10889,84;1852,5;3866,1;65535;15444,5;11578,4;0;0;0;
920;918,43;10888,16;1854,19;3822,2;65535;15388,9;11566,7;0;0;0;
921;918,57;10886,47;1855,87;3756,1;65535;15248,8;11492,7;0;0;0;
922;918,71;10884,79;1857,56;3585,2;65535;15036,3;11451,1;0;0;0;
923;918,86;10883,1;1859,24;4437,4;65535;15973,5;11536,1;0;0;0;
924;919;10881,42;1860,92;3730,9;65535;15212,1;11481,2;0;0;0;
925;919,14;10879,74;1862,61;3594,9;65535;15000,5;11405,6;0;0;0;
926;919,28;10878,05;1864,29;3945,1;65535;15384,4;11439,3;0;0;0;
927;919,42;10876,37;1865,97;3712;65535;15165,1;11453,1;0;0;0;
928;919,57;10874,69;1867,65;3684,4;65535;15119,3;11434,9;0;0;0;
929;919,71;10873,01;1869,33;3817,1;65535;15214,5;11397,4;0;0;0;
930;919,85;10871,33;1871,01;3612,5;65535;15032;11419,5;0;0;0;
931;919,99;10869,65;1872,69;3660,3;65535;15036,4;11376,1;0;0;0;
932;920,13;10867,98;1874,37;3657;65535;15017,6;11360,6;0;0;0;
933;920,28;10866,3;1876,04;3609,5;65535;15040,4;11430,9;0;0;0;
934;920,42;10864,62;1877,72;3634,2;65535;15100,7;11466,5;0;0;0;
935;920,56;10862,95;1879,4;3617;65535;15058,9;11441,9;0;0;0;
936;920,7;10861,27;1881,07;3759,2;65535;15215;11455,8;0;0;0;
937;920,84;10859,6;1882,75;3776;65535;15319,6;11543,6;0;0;0;
938;920,99;10857,92;1884,42;3711,1;65535;15297;11585,9;0;0;0;
939;921,13;10856,25;1886,09;3801,1;65535;15370,3;11569,2;0;0;0;
940;921,27;10854,58;1887,77;3648,5;65535;15242;11593,5;0;0;0;
941;921,41;10852,91;1889,44;3527,3;65535;15190,7;11663,4;0;0;0;
942;921,55;10851,23;1891,11;3736,2;65535;15468;11731,8;0;0;0;
943;921,7;10849,56;1892,78;3705,5;65535;15510,5;11805;0;0;0;
944;921,84;10847,89;1894,45;3829,7;65535;15664,6;11834,9;0;0;0;
945;921,98;10846,22;1896,12;3687,7;65535;15558,6;11870,9;0;0;0;
946;922,12;10844,56;1897,79;3532,2;65535;15417,7;11885,5;0;0;0;
947;922,26;10842,89;1899,45;3650,6;65535;15555,1;11904,5;0;0;0;
948;922,41;10841,22;1901,12;3708,4;65535;15674;11965,6;0;0;0;
949;922,55;10839,55;1902,79;3870,2;65535;15914,3;12044,1;0;0;0;
950;922,69;10837,89;1904,45;3797;65535;15838,4;12041,4;0;0;0;
951;922,83;10836,22;1906,12;4129,2;65535;16256,9;12127,7;0;0;0;
952;922,97;10834,56;1907,78;3609,9;65535;15642,7;12032,8;0;0;0;
953;923,11;10832,89;1909,45;4594,8;65535;16709,1;12114,3;0;0;0;
954;923,26;10831,23;1911,11;5528,1;65535;17673,7;12145,6;0;0;0;
955;923,4;10829,57;1912,77;6008,1;65535;18090,6;12082,5;0;0;0;
956;923,54;10827,91;1914,44;3636,5;65535;15687,3;12050,8;0;0;0;
957;923,68;10826,25;1916,1;3594,7;65535;15676,6;12081,9;0;0;0;
958;923,82;10824,59;1917,76;3609,9;65535;15716,9;12107;0;0;0;
959;923,96;10822,93;1919,42;3593;65535;15689,5;12096,5;0;0;0;
960;924,11;10821,27;1921,08;3692,9;65535;15837,5;12144,6;0;0;0;
961;924,25;10819,61;1922,74;3706,2;65535;15859,4;12153,2;0;0;0;
962;924,39;10817,95;1924,39;3652;65535;15737,3;12085,3;0;0;0;
963;924,53;10816,29;1926,05;3744;65535;15790,2;12046,2;0;0;0;
964;924,67;10814,64;1927,71;3734,4;65535;15799,9;12065,5;0;0;0;
965;924,81;10812,98;1929,36;3565,4;65535;15652,7;12087,3;0;0;0;
966;924,96;10811,32;1931,02;3813,1;65535;15987,4;12174,3;0;0;0;
967;925,1;10809,67;1932,67;3629,8;65535;15875,1;12245,3;0;0;0;
968;925,24;10808,01;1934,33;3615,7;65535;15926,2;12310,5;0;0;0;
969;925,38;10806,36;1935,98;3694;65535;16068;12374;0;0;0;
970;925,52;10804,71;1937,63;3689,4;65535;16017,1;12327,7;0;0;0;
971;925,66;10803,06;1939,29;4017,5;65535;16387,7;12370,2;0;0;0;
972;925,81;10801,41;1940,94;3697,9;65535;16081,5;12383,6;0;0;0;
973;925,95;10799,75;1942,59;3609,9;65535;16014,6;12404,7;0;0;0;
974;926,09;10798,1;1944,24;3736,7;65535;16175;12438,3;0;0;0;
975;926,23;10796,45;1945,89;3583,8;65535;16069,8;12486;0;0;0;
976;926,37;10794,81;1947,54;3666,5;65535;16135,3;12468,8;0;0;0;
977;926,51;10793,16;1949,19;3550,4;65535;16005,8;12455,4;0;0;0;
978;926,65;10791,51;1950,83;3811,7;65535;16250,7;12439;0;0;0;
979;926,8;10789,86;1952,48;3826,8;65535;16285;12458,2;0;0;0;
980;926,94;10788,22;1954,13;3745,8;65535;16233,5;12487,7;0;0;0;
981;927,08;10786,57;1955,77;3794,5;65535;16235,7;12441,2;0;0;0;
982;927,22;10784,93;1957,42;3567,5;65535;16007;12439,5;0;0;0;
983;927,36;10783,28;1959,06;3706;65535;16098,3;12392,3;0;0;0;
984;927,5;10781,64;1960,7;3643,1;65535;16056,3;12413,2;0;0;0;
985;927,64;10780;1962,35;3604,6;65535;16007,5;12402,9;0;0;0;
986;927,79;10778,35;1963,99;3573;65535;15952,8;12379,8;0;0;0;
987;927,93;10776,71;1965,63;3613,6;65535;16004,1;12390,5;0;0;0;
988;928,07;10775,07;1967,27;3591,7;65535;15936,9;12345,2;0;0;0;
989;928,21;10773,43;1968,91;3729;65535;16098,4;12369,4;0;0;0;
990;928,35;10771,79;1970,55;3908,8;65535;16287,2;12378,4;0;0;0;
991;928,49;10770,15;1972,19;3772,8;65535;16052,3;12279,5;0;0;0;
992;928,63;10768,51;1973,83;3610,7;65535;15887,4;12276,7;0;0;0;
993;928,77;10766,88;1975,47;3612,9;65535;15869,5;12256,6;0;0;0;
994;928,92;10765,24;1977,1;3610,4;65535;15881,4;12271;0;0;0;
995;929,06;10763,6;1978,74;4263,4;65535;16576,9;12313,5;0;0;0;
996;929,2;10761,97;1980,38;3637,3;65535;15848;12210,7;0;0;0;
997;929,34;10760,33;1982,01;3747,8;65535;15979,2;12231,4;0;0;0;
998;929,48;10758,7;1983,65;3650,2;65535;15830,3;12180,1;0;0;0;
999;929,62;10757,06;1985,28;3544,1;65535;15734,2;12190,1;0;0;0;
1000;929,76;10755,43;1986,91;3656,6;65535;15787,6;12131;0;0;0;
1001;929,9;10753,8;1988,55;3726,7;65535;15731,1;12004,4;0;0;0;
1002;930,05;10752,17;1990,18;3620,2;65535;15524,1;11903,9;0;0;0;
1003;930,19;10750,53;1991,81;3786;65535;15585,8;11799,8;0;0;0;
1004;930,33;10748,9;1993,44;3673;65535;15435,8;11762,8;0;0;0;
1005;930,47;10747,27;1995,07;3559,2;65535;15237,4;11678,2;0;0;0;
1006;930,61;10745,64;1996,7;4190,3;65535;15875,9;11685,6;0;0;0;
1007;930,75;10744,02;1998,33;3650,8;65535;15254,8;11604;0;0;0;
1008;930,89;10742,39;1999,96;3608,2;65535;15230,9;11622,7;0;0;0;
1009;931,03;10740,76;2001,58;3768,2;65535;15361,5;11593,3;0;0;0;
1010;931,17;10739,13;2003,21;3617;65535;15171,1;11554,1;0;0;0;
1011;931,31;10737,51;2004,84;4578,7;65535;16160,7;11582;0;0;0;
1012;931,46;10735,88;2006,46;3611,3;65535;15143,9;11532,6;0;0;0;
1013;931,6;10734,26;2008,09;3578,9;65535;15050;11471,1;0;0;0;
1014;931,74;10732,63;2009,71;3566,8;65535;15060,3;11493,5;0;0;0;
1015;931,88;10731,01;2011,33;3539,3;65535;15080,2;11540,9;0;0;0;
1016;932,02;10729,39;2012,96;3607,5;65535;15111,2;11503,7;0;0;0;
1017;932,16;10727,76;2014,58;3602;65535;15151;11549;0;0;0;
1018;932,3;10726,14;2016,2;3656;65535;15186,5;11530,5;0;0;0;
1019;932,44;10724,52;2017,82;3540,4;65535;15066,9;11526,5;0;0;0;
1020;932,58;10722,9;2019,44;3700,1;65535;15281,8;11581,7;0;0;0;
1021;932,72;10721,28;2021,06;3630;65535;15173,3;11543,3;0;0;0;
1022;932,87;10719,66;2022,68;3694,6;65535;15248,2;11553,6;0;0;0;
1023;933,01;10718,04;2024,3;3593,2;65535;15146,5;11553,3;0;0;0;
1024;933,15;10716,43;2025,92;3544,5;65535;15070,8;11526,3;0;0;0;
1025;933,29;10714,81;2027,53;3604;65535;15178,9;11574,9;0;0;0;
1026;933,43;10713,19;2029,15;3669,7;65535;15314,2;11644,5;0;0;0;
1027;933,57;10711,58;2030,77;3668,4;65535;15388,9;11720,5;0;0;0;
1028;933,71;10709,96;2032,38;3600,1;65535;15432,8;11832,7;0;0;0;
1029;933,85;10708,35;2034;3710,2;65535;15521,2;11811;0;0;0;
1030;933,99;10706,73;2035,61;3577,9;65535;15412;11834,1;0;0;0;
1031;934,13;10705,12;2037,22;3634,3;65535;15527,6;11893,3;0;0;0;
1032;934,27;10703,51;2038,84;3711,3;65535;15671,9;11960,6;0;0;0;
1033;934,41;10701,89;2040,45;3659,4;65535;15648,3;11988,9;0;0;0;
1034;934,55;10700,28;2042,06;3564,1;65535;15592,3;12028,2;0;0;0;
1035;934,7;10698,67;2043,67;3754,9;65535;15814,1;12059,2;0;0;0;
1036;934,84;10697,06;2045,28;3646,4;65535;15709,6;12063,2;0;0;0;
1037;934,98;10695,45;2046,89;3664;65535;15691,8;12027,8;0;0;0;
1038;935,12;10693,84;2048,5;3972,3;65535;17102,6;13130,3;0;0;0;
1039;935,26;10692,24;2050,11;3657;65535;15698,8;12041,8;0;0;0;
1040;935,4;10690,63;2051,72;3651,5;65535;15685,4;12033,9;0;0;0;
1041;935,54;10689,02;2053,32;3800,2;65535;15850;12049,8;0;0;0;
1042;935,68;10687,42;2054,93;3677,5;65535;15748,9;12071,4;0;0;0;
1043;935,82;10685,81;2056,53;3940,2;65535;16035,4;12095,2;0;0;0;
1044;935,96;10684,2;2058,14;3616;65535;15654,4;12038,4;0;0;0;
1045;936,1;10682,6;2059,74;3688,1;65535;15728,8;12040,7;0;0;0;
1046;936,24;10681;2061,35;3819,2;65535;15860;12040,8;0;0;0;
1047;936,38;10679,39;2062,95;3679,3;65535;15721,1;12041,8;0;0;0;
1048;936,52;10677,79;2064,55;3918,4;65535;15975,3;12056,9;0;0;0;
1049;936,66;10676,19;2066,15;3750,8;65535;15732,9;11982,1;0;0;0;
1050;936,8;10674,59;2067,76;3648;65535;15622,6;11974,6;0;0;0;
1051;936,94;10672,99;2069,36;4541,1;65535;16542,7;12001,6;0;0;0;
1052;937,09;10671,39;2070,96;3695,9;65535;15680,8;11984,9;0;0;0;
1053;937,23;10669,79;2072,56;3714,2;65535;15761,1;12046,9;0;0;0;
1054;937,37;10668,19;2074,15;3664,8;65535;15666,7;12001,9;0;0;0;
1055;937,51;10666,59;2075,75;3641;65535;15620,2;11979,2;0;0;0;
1056;937,65;10664,99;2077,35;3579,4;65535;15540,2;11960,8;0;0;0;
1057;937,79;10663,4;2078,95;3552,1;65535;15530,2;11978,1;0;0;0;
1058;937,93;10661,8;2080,54;3515,5;65535;15502,8;11987,3;0;0;0;
1059;938,07;10660,2;2082,14;3649,1;65535;15622;11972,9;0;0;0;
1060;938,21;10658,61;2083,73;4134,2;65535;16168,7;12034,5;0;0;0;
1061;938,35;10657,02;2085,33;3666,9;65535;15689,8;12022,9;0;0;0;
1062;938,49;10655,42;2086,92;3581,9;65535;15602,8;12020,9;0;0;0;
1063;938,63;10653,83;2088,51;3568,4;65535;15535;11966,6;0;0;0;
1064;938,77;10652,24;2090,11;3796,1;65535;15763,5;11967,4;0;0;0;
1065;938,91;10650,64;2091,7;3692,8;65535;15680,2;11987,4;0;0;0;
1066;939,05;10649,05;2093,29;3709,2;65535;15699,4;11990,2;0;0;0;
1067;939,19;10647,46;2094,88;3785;65535;15743,8;11958,8;0;0;0;
1068;939,33;10645,87;2096,47;3568;65535;15563,2;11995,2;0;0;0;
1069;939,47;10644,28;2098,06;3817,8;65535;15818,4;12000,6;0;0;0;
1070;939,61;10642,69;2099,65;3681,9;65535;15657,8;11975,9;0;0;0;
1071;939,75;10641,11;2101,24;3815;65535;15790,2;11975,2;0;0;0;
1072;939,89;10639,52;2102,82;3765,1;65535;15809,3;12044,2;0;0;0;
1073;940,03;10637,93;2104,41;3743,2;65535;15772,2;12029;0;0;0;
1074;940,17;10636,35;2106;3583,4;65535;15625,3;12041,9;0;0;0;
1075;940,31;10634,76;2107,58;3725,5;65535;15732,2;12006,7;0;0;0;
1076;940,45;10633,18;2109,17;3646,3;65535;15653,7;12007,4;0;0;0;
1077;940,59;10631,59;2110,75;3706,4;65535;15666,2;11959,8;0;0;0;
1078;940,73;10630,01;2112,34;3536,9;65535;15465,5;11928,6;0;0;0;
1079;940,87;10628,43;2113,92;3815,6;65535;15725;11909,4;0;0;0;
1080;941,01;10626,84;2115,5;3631;65535;15549,9;11918,9;0;0;0;
1081;941,15;10625,26;2117,08;3620,5;65535;15467,8;11847,3;0;0;0;
1082;941,29;10623,68;2118,66;3726,4;65535;15562,6;11836,2;0;0;0;
1083;941,43;10622,1;2120,24;3583,8;65535;15385,8;11802;0;0;0;
1084;941,57;10620,52;2121,82;3553,8;65535;15339,8;11786;0;0;0;
1085;941,71;10618,94;2123,4;3692,3;65535;15427,2;11734,9;0;0;0;
1086;941,85;10617,36;2124,98;3633,1;65535;15388,3;11755,2;0;0;0;
1087;941,99;10615,78;2126,56;3605,3;65535;15363,7;11758,4;0;0;0;
1088;942,13;10614,21;2128,14;3605,9;65535;15485,6;11879,7;0;0;0;
1089;942,27;10612,63;2129,71;3786,2;65535;15557,8;11771,6;0;0;0;
1090;942,41;10611,05;2131,29;3800,6;65535;15426,8;11626,2;0;0;0;
1091;942,55;10609,48;2132,87;3649,7;65535;15199,4;11549,7;0;0;0;
1092;942,69;10607,9;2134,44;3912,3;65535;15542,8;11630,5;0;0;0;
1093;942,83;10606,33;2136,02;3819,7;65535;15372,6;11552,9;0;0;0;
1094;942,97;10604,75;2137,59;3733,9;65535;15299,3;11565,4;0;0;0;
1095;943,11;10603,18;2139,16;3606,2;65535;15156,1;11549,9;0;0;0;
1096;943,25;10601,61;2140,73;3553,8;65535;15120,7;11566,9;0;0;0;
1097;943,39;10600,04;2142,31;3644,6;65535;15184,8;11540,2;0;0;0;
1098;943,53;10598,47;2143,88;3607,6;65535;15122,8;11515,2;0;0;0;
1099;943,67;10596,89;2145,45;3583,7;65535;15069,8;11486,1;0;0;0;
1100;943,81;10595,32;2147,02;3655,1;65535;15117,6;11462,5;0;0;0;
1101;943,95;10593,76;2148,59;3637,6;65535;15129,1;11491,5;0;0;0;
1102;944,09;10592,19;2150,16;3611,2;65535;15084,2;11473;0;0;0;
1103;944,23;10590,62;2151,72;3635,8;65535;15080,9;11445,1;0;0;0;
1104;944,37;10589,05;2153,29;3722,3;65535;15208,5;11486,2;0;0;0;
1105;944,51;10587,48;2154,86;3834,8;65535;15429,2;11594,4;0;0;0;
1106;944,65;10585,92;2156,43;3743,2;65535;15310,3;11567,1;0;0;0;
1107;944,79;10584,35;2157,99;3587,2;65535;15164,4;11577,2;0;0;0;
1108;944,93;10582,79;2159,56;3549,1;65535;15139,6;11590,5;0;0;0;
1109;945,07;10581,22;2161,12;3689,4;65535;15305,3;11615,9;0;0;0;
1110;945,21;10579,66;2162,68;3567,3;65535;15232,5;11665,2;0;0;0;
1111;945,35;10578,1;2164,25;3664,7;65535;15350,2;11685,5;0;0;0;
1112;945,49;10576,53;2165,81;3753,5;65535;15489,8;11736,3;0;0;0;
1113;945,63;10574,97;2167,37;3998,9;65535;15772,8;11773,9;0;0;0;
1114;945,77;10573,41;2168,93;3821,6;65535;15566,1;11744,5;0;0;0;
1115;945,91;10571,85;2170,49;3603;65535;15383,4;11780,4;0;0;0;
1116;946,05;10570,29;2172,05;3689,6;65535;15482,4;11792,8;0;0;0;
1117;946,19;10568,73;2173,61;3766,9;65535;15576,5;11809,6;0;0;0;
1118;946,33;10567,17;2175,17;3650,3;65535;15458,5;11808,2;0;0;0;
1119;946,47;10565,61;2176,73;3654;65535;15496,1;11842,1;0;0;0;
1120;946,61;10564,05;2178,29;3723,9;65535;15601,6;11877,7;0;0;0;
1121;946,75;10562,5;2179,85;3676,8;65535;15604,2;11927,4;0;0;0;
1122;946,89;10560,94;2181,4;3684,4;65535;15623;11938,6;0;0;0;
1123;947,02;10559,38;2182,96;3629,7;65535;15593,6;11963,9;0;0;0;
1124;947,16;10557,83;2184,51;3708,5;65535;15684,9;11976,4;0;0;0;
1125;947,3;10556,27;2186,07;3654,6;65535;15665,9;12011,3;0;0;0;
1126;947,44;10554,72;2187,62;3598,4;65535;15635,2;12036,8;0;0;0;
1127;947,58;10553,17;2189,18;3560,8;65535;15621;12060,2;0;0;0;
1128;947,72;10551,61;2190,73;3625,9;65535;15691;12065,1;0;0;0;
1129;947,86;10550,06;2192,28;3906;65535;15972,5;12066,5;0;0;0;
1130;948;10548,51;2193,83;3660,3;65535;15722,3;12062;0;0;0;
1131;948,14;10546,96;2195,38;3615,8;65535;15730,7;12114,9;0;0;0;
1132;948,28;10545,41;2196,93;3667,7;65535;15794,7;12127;0;0;0;
1133;948,42;10543,86;2198,48;3672,1;65535;15816,1;12144;0;0;0;
1134;948,56;10542,31;2200,03;3626,7;65535;15734,8;12108,1;0;0;0;
1135;948,7;10540,76;2201,58;3699;65535;15778,2;12079,2;0;0;0;
1136;948,84;10539,21;2203,13;3618;65535;15621,7;12003,7;0;0;0;
1137;948,98;10537,67;2204,68;3696,7;65535;15743,2;12046,5;0;0;0;
1138;949,12;10536,12;2206,22;4076,3;65535;16129,9;12053,6;0;0;0;
1139;949,26;10534,57;2207,77;3561;65535;15582,5;12021,5;0;0;0;
1140;949,39;10533,03;2209,32;3826;65535;15813,5;11987,5;0;0;0;
1141;949,53;10531,48;2210,86;3681,5;65535;15663,1;11981,6;0;0;0;
1142;949,67;10529,94;2212,4;3789,5;65535;15713;11923,5;0;0;0;
1143;949,81;10528,4;2213,95;3672,7;65535;15532,3;11859,6;0;0;0;
1144;949,95;10526,85;2215,49;3768,3;65535;15677,2;11908,9;0;0;0;
1145;950,09;10525,31;2217,03;3648,3;65535;15555,9;11907,6;0;0;0;
1146;950,23;10523,77;2218,58;3603,7;65535;15483,8;11880,1;0;0;0;
1147;950,37;10522,23;2220,12;3546,9;65535;15386,3;11839,4;0;0;0;
1148;950,51;10520,69;2221,66;3722,5;65535;15530,9;11808,4;0;0;0;
1149;950,65;10519,15;2223,2;3715,2;65535;15458,3;11743,1;0;0;0;
1150;950,79;10517,61;2224,74;3701,8;65535;15341,7;11639,9;0;0;0;
1151;950,93;10516,07;2226,28;3679,4;65535;15239,4;11560;0;0;0;
1152;951,06;10514,53;2227,81;3557,2;65535;15001,1;11443,9;0;0;0;
1153;951,2;10512,99;2229,35;3672,1;65535;14981,6;11309,5;0;0;0;
1154;951,34;10511,45;2230,89;3671;65535;14907,9;11236,9;0;0;0;
1155;951,48;10509,92;2232,43;3688,4;65535;14861,5;11173,1;0;0;0;
1156;951,62;10508,38;2233,96;3648,4;65535;14720,4;11072;0;0;0;
1157;951,76;10506,85;2235,5;3573,1;65535;14565,6;10992,5;0;0;0;
1158;951,9;10505,31;2237,03;3818,1;65535;14728,1;10910;0;0;0;
1159;952,04;10503,78;2238,57;3707,4;65535;14412,7;10705,3;0;0;0;
1160;952,18;10502,24;2240,1;3613,5;65535;14238,1;10624,6;0;0;0;
1161;952,32;10500,71;2241,63;3791,6;65535;14377,3;10585,7;0;0;0;
1162;952,46;10499,18;2243,16;3756,6;65535;14284,6;10528;0;0;0;
1163;952,59;10497,65;2244,7;3583,1;65535;14055,9;10472,8;0;0;0;
1164;952,73;10496,12;2246,23;3720;65535;14116;10396;0;0;0;
1165;952,87;10494,59;2247,76;3813,2;65535;14280,9;10467,7;0;0;0;
1166;953,01;10493,06;2249,29;3879,3;65535;14275,7;10396,4;0;0;0;
1167;953,15;10491,53;2250,82;3537,5;65535;13974,3;10436,8;0;0;0;
1168;953,29;10490;2252,34;3879,8;65535;14328,8;10449;0;0;0;
1169;953,43;10488,47;2253,87;3644,9;65535;14177,4;10532,5;0;0;0;
1170;953,57;10486,94;2255,4;3673,5;65535;14233;10559,5;0;0;0;
1171;953,71;10485,42;2256,93;3869,7;65535;14521,3;10651,6;0;0;0;
1172;953,84;10483,89;2258,45;3720,2;65535;14330,8;10610,6;0;0;0;
1173;953,98;10482,36;2259,98;3724,7;65535;14453,5;10728,8;0;0;0;
1174;954,12;10480,84;2261,5;3572,1;65535;14311,6;10739,5;0;0;0;
1175;954,26;10479,32;2263,03;3578,6;65535;14407,7;10829,1;0;0;0;
1176;954,4;10477,79;2264,55;3635,8;65535;14478,9;10843,1;0;0;0;
1177;954,54;10476,27;2266,08;3559,3;65535;14480,8;10921,5;0;0;0;
1178;954,68;10474,75;2267,6;3659;65535;14632,2;10973,2;0;0;0;
1179;954,82;10473,22;2269,12;4069,1;65535;14963,8;10894,7;0;0;0;
1180;954,95;10471,7;2270,64;3655,5;65535;14709,5;11054;0;0;0;
1181;955,09;10470,18;2272,16;3874,1;65535;14950,7;11076,6;0;0;0;
1182;955,23;10468,66;2273,68;3716,5;65535;14842,4;11125,9;0;0;0;
1183;955,37;10467,14;2275,2;3686,1;65535;14881,7;11195,6;0;0;0;
1184;955,51;10465,62;2276,72;3735,7;65535;15001,6;11265,9;0;0;0;
1185;955,65;10464,1;2278,24;4102,2;65535;15399,7;11297,5;0;0;0;
1186;955,79;10462,59;2279,76;3734,6;65535;15047,3;11312,7;0;0;0;
1187;955,93;10461,07;2281,28;3612,1;65535;14971,9;11359,8;0;0;0;
1188;956,06;10459,55;2282,79;3651,5;65535;15019,8;11368,3;0;0;0;
1189;956,2;10458,04;2284,31;4092,8;65535;15525,9;11433,1;0;0;0;
1190;956,34;10456,52;2285,82;4015,2;65535;15380,6;11365,4;0;0;0;
1191;956,48;10455,01;2287,34;3746,7;65535;15131,3;11384,6;0;0;0;
1192;956,62;10453,49;2288,85;3905,2;65535;15400,1;11494,9;0;0;0;
1193;956,76;10451,98;2290,37;3608,8;65535;15111,6;11502,8;0;0;0;
1194;956,9;10450,46;2291,88;3587;65535;15066,6;11479,6;0;0;0;
1195;957,03;10448,95;2293,39;3525,7;65535;15004;11478,3;0;0;0;
1196;957,17;10447,44;2294,9;3654,4;65535;15175,5;11521,1;0;0;0;
1197;957,31;10445,93;2296,42;3921,7;65535;15442,7;11521;0;0;0;
1198;957,45;10444,42;2297,93;3739,1;65535;15297,7;11558,6;0;0;0;
1199;957,59;10442,91;2299,44;3775,2;65535;15340,2;11565;0;0;0;
1200;957,73;10441,4;2300,95;3667,4;65535;15216,9;11549,5;0;0;0;
1201;957,86;10439,89;2302,46;3679;65535;15262,6;11583,6;0;0;0;
1202;958;10438,38;2303,96;3790,3;65535;15346,9;11556,6;0;0;0;
1203;958,14;10436,87;2305,47;3562,5;65535;15131,3;11568,8;0;0;0;
1204;958,28;10435,36;2306,98;4405,4;65535;15980,6;11575,2;0;0;0;
1205;958,42;10433,86;2308,49;3764,5;65535;15308,6;11544,1;0;0;0;
1206;958,56;10432,35;2309,99;3709,2;65535;15224,1;11514,9;0;0;0;
1207;958,69;10430,85;2311,5;3768,5;65535;15232,1;11463,6;0;0;0;
1208;958,83;10429,34;2313;3645,3;65535;15140,1;11494,8;0;0;0;
1209;958,97;10427,84;2314,51;3650;65535;15094,6;11444,6;0;0;0;
1210;959,11;10426,33;2316,01;3680,8;65535;15181,3;11500,5;0;0;0;
1211;959,25;10424,83;2317,51;3604,6;65535;15035,3;11430,7;0;0;0;
1212;959,39;10423,33;2319,02;3780,8;65535;15243,1;11462,3;0;0;0;
1213;959,52;10421,83;2320,52;3540,9;65535;14982,7;11441,8;0;0;0;
1214;959,66;10420,32;2322,02;4129,8;65535;15514;11384,2;0;0;0;
1215;959,8;10418,82;2323,52;4085,3;65535;15458,6;11373,3;0;0;0;
1216;959,94;10417,32;2325,02;3844,6;65535;15189,4;11344,8;0;0;0;
1217;960,08;10415,82;2326,52;3575;65535;14909,5;11334,5;0;0;0;
1218;960,22;10414,33;2328,02;4081,9;65535;15366;11284,1;0;0;0;
1219;960,35;10412,83;2329,52;3658,2;65535;14942,2;11284;0;0;0;
1220;960,49;10411,33;2331,01;3660,5;65535;14911,5;11251;0;0;0;
1221;960,63;10409,83;2332,51;3600,3;65535;14857,1;11256,8;0;0;0;
1222;960,77;10408,33;2334,01;3662,5;65535;14859,7;11197,2;0;0;0;
1223;960,91;10406,84;2335,5;3723,2;65535;14901,3;11178,1;0;0;0;
1224;961,04;10405,34;2337;3761,5;65535;14932,9;11171,4;0;0;0;
1225;961,18;10403,85;2338,5;3657,8;65535;14793;11135,2;0;0;0;
1226;961,32;10402,35;2339,99;3561,6;65535;14675,3;11113,7;0;0;0;
1227;961,46;10400,86;2341,48;3592,4;65535;14665,5;11073,1;0;0;0;
1228;961,6;10399,37;2342,98;3713,4;65535;14779,9;11066,5;0;0;0;
1229;961,74;10397,87;2344,47;3741,8;65535;14810,6;11068,8;0;0;0;
1230;961,87;10396,38;2345,96;3821,5;65535;14828,5;11007;0;0;0;
1231;962,01;10394,89;2347,45;3743,8;65535;14746,9;11003,1;0;0;0;
1232;962,15;10393,4;2348,94;3681,6;65535;14659,7;10978,1;0;0;0;
1233;962,29;10391,91;2350,43;3601;65535;14566,8;10965,8;0;0;0;
1234;962,42;10390,42;2351,92;3806,9;65535;14777,3;10970,4;0;0;0;
1235;962,56;10388,93;2353,41;3695,1;65535;14644,2;10949,1;0;0;0;
1236;962,7;10387,44;2354,9;3776,5;65535;14692,8;10916,3;0;0;0;
1237;962,84;10385,95;2356,39;3741,3;65535;14678,8;10937,5;0;0;0;
1238;962,98;10384,47;2357,88;3582,1;65535;14469,3;10887,2;0;0;0;
1239;963,11;10382,98;2359,36;3883,5;65535;14785,5;10902;0;0;0;
1240;963,25;10381,49;2360,85;3635,1;65535;14493,9;10858,8;0;0;0;
1241;963,39;10380,01;2362,33;3596;65535;14438,4;10842,4;0;0;0;
1242;963,53;10378,52;2363,82;3753,4;65535;14596,6;10843,2;0;0;0;
1243;963,67;10377,04;2365,3;3749,7;65535;14547,2;10797,5;0;0;0;
1244;963,8;10375,56;2366,79;3665,1;65535;14448,6;10783,5;0;0;0;
1245;963,94;10374,07;2368,27;3777,6;65535;14567,8;10790,2;0;0;0;
1246;964,08;10372,59;2369,75;3812,3;65535;14578,6;10766,3;0;0;0;
1247;964,22;10371,11;2371,24;3621,1;65535;14447,1;10826;0;0;0;
1248;964,35;10369,63;2372,72;3640,3;65535;14401,4;10761,1;0;0;0;
1249;964,49;10368,14;2374,2;3677,7;65535;14421,1;10743,4;0;0;0;
1250;964,63;10366,66;2375,68;3637,2;65535;14331,5;10694,3;0;0;0;
1251;964,77;10365,18;2377,16;3576,7;65535;14278;10701,3;0;0;0;
1252;964,91;10363,71;2378,64;3662,9;65535;14374,9;10712;0;0;0;
1253;965,04;10362,23;2380,12;3741;65535;14437,2;10696,2;0;0;0;
1254;965,18;10360,75;2381,59;3673,7;65535;14368,2;10694,5;0;0;0;
1255;965,32;10359,27;2383,07;3695,7;65535;14371,4;10675,7;0;0;0;
1256;965,46;10357,79;2384,55;3688,5;65535;14353,7;10665,2;0;0;0;
1257;965,59;10356,32;2386,03;3673,9;65535;14282;10608,1;0;0;0;
1258;965,73;10354,84;2387,5;3652,4;65535;14253,1;10600,7;0;0;0;
1259;965,87;10353,37;2388,98;3678,2;65535;14214,2;10536;0;0;0;
1260;966,01;10351,89;2390,45;4742,6;65535;15322;10579,4;0;0;0;
1261;966,14;10350,42;2391,93;3744,5;65535;14298,9;10554,4;0;0;0;
1262;966,28;10348,94;2393,4;3765,3;65535;14337,9;10572,6;0;0;0;
1263;966,42;10347,47;2394,87;3670;65535;14225,6;10555,6;0;0;0;
1264;966,56;10346;2396,34;3605,7;65535;14148,4;10542,7;0;0;0;
1265;966,69;10344,53;2397,82;3643,4;65535;14180,1;10536,7;0;0;0;
1266;966,83;10343,06;2399,29;3707;65535;14187,7;10480,7;0;0;0;
1267;966,97;10341,59;2400,76;3603,7;65535;14089,1;10485,4;0;0;0;
1268;967,11;10340,12;2402,23;3761,6;65535;14224,4;10462,8;0;0;0;
1269;967,24;10338,65;2403,7;3633,1;65535;14070,7;10437,6;0;0;0;
1270;967,38;10337,18;2405,17;3827,2;65535;14254,9;10427,7;0;0;0;
1271;967,52;10335,71;2406,63;3609,9;65535;14069;10459,1;0;0;0;
1272;967,66;10334,24;2408,1;3784,7;65535;14170;10385,3;0;0;0;
1273;967,79;10332,77;2409,57;3597,8;65535;14006,1;10408,3;0;0;0;
1274;967,93;10331,31;2411,04;4720,9;65535;15160,3;10439,4;0;0;0;
1275;968,07;10329,84;2412,5;3763,2;65535;14209,4;10446,2;0;0;0;
1276;968,21;10328,38;2413,97;3659,4;65535;14009,9;10350,5;0;0;0;
1277;968,34;10326,91;2415,43;3662;65535;13968;10306;0;0;0;
1278;968,48;10325,45;2416,9;3904,6;65535;14203,4;10298,8;0;0;0;
1279;968,62;10323,98;2418,36;3792,5;65535;14138,2;10345,7;0;0;0;
1280;968,76;10322,52;2419,82;3633,4;65535;13952;10318,6;0;0;0;
1281;968,89;10321,06;2421,29;3665,6;65535;14027,9;10362,3;0;0;0;
1282;969,03;10319,59;2422,75;3715,4;65535;14043,1;10327,7;0;0;0;
1283;969,17;10318,13;2424,21;3849,3;65535;14134,9;10285,6;0;0;0;
1284;969,3;10316,67;2425,67;4089,3;65535;14433,1;10343,8;0;0;0;
1285;969,44;10315,21;2427,13;3734,9;65535;14032,8;10297,9;0;0;0;
1286;969,58;10313,75;2428,59;3686,2;65535;13976,1;10289,9;0;0;0;
1287;969,72;10312,29;2430,05;3745,2;65535;14049,6;10304,4;0;0;0;
1288;969,85;10310,83;2431,51;3723,8;65535;13949,3;10225,5;0;0;0;
1289;969,99;10309,38;2432,97;3643,7;65535;13879,6;10235,9;0;0;0;
1290;970,13;10307,92;2434,42;3576,6;65535;13884;10307,4;0;0;0;
1291;970,27;10306,46;2435,88;3535,3;65535;13804,6;10269,3;0;0;0;
1292;970,4;10305,01;2437,34;3709;65535;14010,6;10301,6;0;0;0;
1293;970,54;10303,55;2438,79;3680,7;65535;13963,9;10283,2;0;0;0;
1294;970,68;10302,09;2440,25;3621,9;65535;13926,2;10304,3;0;0;0;
1295;970,81;10300,64;2441,7;3752,1;65535;14040,1;10288;0;0;0;
1296;970,95;10299,19;2443,16;3654,3;65535;13956,2;10301,9;0;0;0;
1297;971,09;10297,73;2444,61;3829,9;65535;14128,4;10298,5;0;0;0;
1298;971,22;10296,28;2446,06;3702,8;65535;13976,8;10274;0;0;0;
1299;971,36;10294,83;2447,52;3670,5;65535;13987,5;10317;0;0;0;
1300;971,5;10293,37;2448,97;3602,6;65535;13911,1;10308,5;0;0;0;
1301;971,64;10291,92;2450,42;3631,4;65535;13904,4;10273;0;0;0;
1302;971,77;10290,47;2451,87;3942;65535;14270,9;10328,9;0;0;0;
1303;971,91;10289,02;2453,32;3611,5;65535;13905,6;10294,1;0;0;0;
1304;972,05;10287,57;2454,77;3540,9;65535;13853,9;10313;0;0;0;
1305;972,18;10286,12;2456,22;3648,2;65535;14009,4;10361,2;0;0;0;
1306;972,32;10284,68;2457,67;3815,4;65535;14147;10331,6;0;0;0;
1307;972,46;10283,23;2459,12;3678;65535;13999,2;10321,2;0;0;0;
1308;972,59;10281,78;2460,56;3599,7;65535;13977,8;10378,1;0;0;0;
1309;972,73;10280,33;2462,01;3599,1;65535;13954;10354,9;0;0;0;
1310;972,87;10278,89;2463,46;3723,4;65535;14104,4;10381;0;0;0;
1311;973;10277,44;2464,9;3744,8;65535;14090,3;10345,5;0;0;0;
1312;973,14;10276;2466,35;3680,1;65535;14016;10335,9;0;0;0;
1313;973,28;10274,55;2467,79;3622,9;65535;13976,9;10354;0;0;0;
1314;973,42;10273,11;2469,24;3633,3;65535;13847,9;10214,6;0;0;0;
1315;973,55;10271,66;2470,68;3605,6;65535;13888,9;10283,3;0;0;0;
1316;973,69;10270,22;2472,12;3821,4;65535;14107,4;10286;0;0;0;
1317;973,83;10268,78;2473,56;3596;65535;13791;10195;0;0;0;
1318;973,96;10267,34;2475,01;3536,8;65535;13724,1;10187,3;0;0;0;
1319;974,1;10265,9;2476,45;3836,5;65535;14020,6;10184,1;0;0;0;
1320;974,24;10264,46;2477,89;3631;65535;13772,1;10141,1;0;0;0;
1321;974,37;10263,02;2479,33;3736;65535;13826,8;10090,8;0;0;0;
1322;974,51;10261,58;2480,77;3689,2;65535;13799,9;10110,7;0;0;0;
1323;974,65;10260,14;2482,21;3778,7;65535;13846;10067,3;0;0;0;
1324;974,78;10258,7;2483,64;3664,7;65535;13659;9994,3;0;0;0;
1325;974,92;10257,26;2485,08;3694,1;65535;13696,3;10002,2;0;0;0;
1326;975,06;10255,82;2486,52;3857,8;65535;13865,9;10008,1;0;0;0;
1327;975,19;10254,39;2487,96;3897,2;65535;13839,3;9942,1;0;0;0;
1328;975,33;10252,95;2489,39;3593,2;65535;13527,4;9934,2;0;0;0;
1329;975,47;10251,52;2490,83;3766,1;65535;13616,3;9850,2;0;0;0;
1330;975,6;10250,08;2492,26;3612,8;65535;13441,1;9828,3;0;0;0;
1331;975,74;10248,65;2493,7;3603,4;65535;13447,2;9843,8;0;0;0;
1332;975,88;10247,21;2495,13;3550,9;65535;13379,3;9828,4;0;0;0;
1333;976,01;10245,78;2496,56;3783;65535;13597,1;9814,1;0;0;0;
1334;976,15;10244,35;2498;3674,7;65535;13448,7;9774;0;0;0;
1335;976,28;10242,91;2499,43;3700,6;65535;13487,2;9786,6;0;0;0;
1336;976,42;10241,48;2500,86;3601,6;65535;13358,9;9757,3;0;0;0;
1337;976,56;10240,05;2502,29;3671,7;65535;13408,1;9736,4;0;0;0;
1338;976,69;10238,62;2503,72;3750,3;65535;13422,5;9672,2;0;0;0;
1339;976,83;10237,19;2505,15;3732,9;65535;13402,6;9669,7;0;0;0;
1340;976,97;10235,76;2506,58;4229,7;65535;13860,5;9630,8;0;0;0;
1341;977,1;10234,33;2508,01;3683,5;65535;13260,1;9576,6;0;0;0;
1342;977,24;10232,9;2509,44;3752,2;65535;13302,9;9550,7;0;0;0;
1343;977,38;10231,48;2510,87;3718,7;65535;13244,4;9525,7;0;0;0;
1344;977,51;10230,05;2512,29;3709,3;65535;13229,2;9519,9;0;0;0;
1345;977,65;10228,62;2513,72;3712,1;65535;13194,7;9482,6;0;0;0;
1346;977,79;10227,2;2515,15;3670,2;65535;13182,5;9512,3;0;0;0;
1347;977,92;10225,77;2516,57;3698,1;65535;13195,3;9497,2;0;0;0;
1348;978,06;10224,35;2518;3593,1;65535;13007,3;9414,2;0;0;0;
1349;978,19;10222,92;2519,42;3671,9;65535;13020,3;9348,4;0;0;0;
1350;978,33;10221,5;2520,85;3680,7;65535;13008,7;9328;0;0;0;
1351;978,47;10220,07;2522,27;3713,3;65535;13068,2;9354,9;0;0;0;
1352;978,6;10218,65;2523,69;3610,1;65535;12938,7;9328,6;0;0;0;
1353;978,74;10217,23;2525,11;3829,3;65535;13093,3;9264;0;0;0;
1354;978,88;10215,81;2526,54;4333,7;65535;13539,2;9205,5;0;0;0;
1355;979,01;10214,39;2527,96;3615,4;65535;12783,1;9167,7;0;0;0;
1356;979,15;10212,97;2529,38;3752,6;65535;12958;9205,4;0;0;0;
1357;979,28;10211,55;2530,8;3568,1;65535;12766;9197,9;0;0;0;
1358;979,42;10210,13;2532,22;3805,7;65535;12988;9182,3;0;0;0;
1359;979,56;10208,71;2533,64;3786,7;65535;12895,5;9108,8;0;0;0;
1360;979,69;10207,29;2535,05;3769,6;65535;12878,9;9109,3;0;0;0;
1361;979,83;10205,87;2536,47;3648,9;65535;12684,1;9035,2;0;0;0;
1362;979,96;10204,45;2537,89;3665,4;65535;12709,8;9044,4;0;0;0;
1363;980,1;10203,04;2539,31;3956,6;65535;12953,7;8997,1;0;0;0;
1364;980,24;10201,62;2540,72;3612;65535;12605,2;8993,2;0;0;0;
1365;980,37;10200,21;2542,14;3641,6;65535;12612,5;8970,9;0;0;0;
1366;980,51;10198,79;2543,55;3666,7;65535;12576,8;8910,1;0;0;0;
1367;980,64;10197,38;2544,97;3755,5;65535;12674;8918,5;0;0;0;
1368;980,78;10195,96;2546,38;3798;65535;12570,2;8772,2;0;0;0;
1369;980,92;10194,55;2547,8;3597,9;65535;12346,9;8749;0;0;0;
1370;981,05;10193,14;2549,21;3657,8;65535;12310,7;8652,9;0;0;0;
1371;981,19;10191,72;2550,62;3656,9;65535;12307,7;8650,8;0;0;0;
1372;981,32;10190,31;2552,03;3708,1;65535;12279,3;8571,2;0;0;0;
1373;981,46;10188,9;2553,44;3722,8;65535;12246,3;8523,5;0;0;0;
1374;981,6;10187,49;2554,85;3620,2;65535;12107,9;8487,7;0;0;0;
1375;981,73;10186,08;2556,26;4406,9;65535;12835;8428,1;0;0;0;
1376;981,87;10184,67;2557,67;3820,3;65535;12182,5;8362,2;0;0;0;
1377;982;10183,26;2559,08;3832,4;65535;12160,5;8328,1;0;0;0;
1378;982,14;10181,85;2560,49;3705,4;65535;11970,2;8264,8;0;0;0;
1379;982,28;10180,44;2561,9;3550,6;65535;11788,5;8237,9;0;0;0;
1380;982,41;10179,04;2563,31;3712,6;65535;11853,8;8141,2;0;0;0;
1381;982,55;10177,63;2564,71;3634,8;65535;11727,8;8093;0;0;0;
1382;982,68;10176,22;2566,12;3600,3;65535;11613,1;8012,8;0;0;0;
1383;982,82;10174,82;2567,53;3667,1;65535;11615,1;7948;0;0;0;
1384;982,95;10173,41;2568,93;3589,3;65535;11491,7;7902,4;0;0;0;
1385;983,09;10172,01;2570,34;3649,4;65535;11474,4;7825;0;0;0;
1386;983,23;10170,6;2571,74;3606,3;65535;11381,5;7775,2;0;0;0;
1387;983,36;10169,2;2573,14;3840,1;65535;11585,9;7745,8;0;0;0;
1388;983,5;10167,8;2574,55;3631,8;65535;11313,5;7681,7;0;0;0;
1389;983,63;10166,39;2575,95;3716;65535;11359,9;7643,9;0;0;0;
1390;983,77;10164,99;2577,35;3666,9;65535;11304,5;7637,6;0;0;0;
1391;983,9;10163,59;2578,75;3725,7;65535;11292,7;7567;0;0;0;
1392;984,04;10162,19;2580,15;3619,1;65535;11139,9;7520,8;0;0;0;
1393;984,18;10160,79;2581,55;3727,1;65535;11232,8;7505,7;0;0;0;
1394;984,31;10159,39;2582,95;3723,8;65535;11225,8;7502;0;0;0;
1395;984,45;10157,99;2584,35;3680,6;65535;11150,1;7469,5;0;0;0;
1396;984,58;10156,59;2585,75;3766,6;65535;11240,2;7473,6;0;0;0;
1397;984,72;10155,19;2587,15;3798,9;65535;11319,4;7520,5;0;0;0;
1398;984,85;10153,8;2588,55;3627,1;65535;11132,9;7505,8;0;0;0;
1399;984,99;10152,4;2589,94;3627,8;65535;11103,4;7475,6;0;0;0;
1400;985,12;10151;2591,34;3719,2;65535;11253,2;7534;0;0;0;
1401;985,26;10149,61;2592,74;3570;65535;11131,5;7561,5;0;0;0;
1402;985,4;10148,21;2594,13;3604,2;65535;11138,2;7534;0;0;0;
1403;985,53;10146,82;2595,53;3818,4;65535;11402,8;7584,4;0;0;0;
1404;985,67;10145,42;2596,92;3627,2;65535;11265,6;7638,4;0;0;0;
1405;985,8;10144,03;2598,32;3760,6;65535;11387,4;7626,8;0;0;0;
1406;985,94;10142,63;2599,71;3588,6;65535;11222,9;7634,3;0;0;0;
1407;986,07;10141,24;2601,1;3596,6;65535;11276,1;7679,5;0;0;0;
1408;986,21;10139,85;2602,49;3732,6;65535;11420,2;7687,6;0;0;0;
1409;986,34;10138,46;2603,89;3773,6;65535;11449,9;7676,3;0;0;0;
1410;986,48;10137,07;2605,28;3704,4;65535;11429;7724,6;0;0;0;
1411;986,61;10135,68;2606,67;3721;65535;11421,8;7700,8;0;0;0;
1412;986,75;10134,29;2608,06;3786,1;65535;11540,1;7754;0;0;0;
1413;986,88;10132,9;2609,45;3657,8;65535;11466,3;7808,5;0;0;0;
1414;987,02;10131,51;2610,84;3724,6;65535;11524,8;7800,2;0;0;0;
1415;987,16;10130,12;2612,22;3603,6;65535;11445;7841,4;0;0;0;
1416;987,29;10128,73;2613,61;3664,2;65535;11550,8;7886,6;0;0;0;
1417;987,43;10127,34;2615;3595,2;65535;11516,5;7921,3;0;0;0;
1418;987,56;10125,96;2616,39;3762,1;65535;11724,2;7962,1;0;0;0;
1419;987,7;10124,57;2617,77;4058,4;65535;12031,1;7972,7;0;0;0;
1420;987,83;10123,18;2619,16;3657,1;65535;11659,3;8002,2;0;0;0;
1421;987,97;10121,8;2620,54;3573,7;65535;11581,9;8008,2;0;0;0;
1422;988,1;10120,41;2621,93;3654,8;65535;11735,5;8080,7;0;0;0;
1423;988,24;10119,03;2623,31;3668,7;65535;11749,1;8080,4;0;0;0;
1424;988,37;10117,65;2624,7;3837,5;65535;11912,6;8075,1;0;0;0;
1425;988,51;10116,26;2626,08;3622,2;65535;11680;8057,8;0;0;0;
1426;988,64;10114,88;2627,46;3695,1;65535;11779;8083,9;0;0;0;
1427;988,78;10113,5;2628,84;3986,6;65535;12089,5;8102,9;0;0;0;
1428;988,91;10112,12;2630,23;3658,6;65535;11735,4;8076,8;0;0;0;
1429;989,05;10110,74;2631,61;3563,9;65535;11639,1;8075,2;0;0;0;
1430;989,18;10109,36;2632,99;4149;65535;12255,2;8106,2;0;0;0;
1431;989,32;10107,98;2634,37;3851,5;65535;11935,5;8084;0;0;0;
1432;989,45;10106,6;2635,75;3825;65535;11949,8;8124,8;0;0;0;
1433;989,59;10105,22;2637,13;3643,8;65535;11713,5;8069,7;0;0;0;
1434;989,72;10103,84;2638,5;3604,3;65535;11701,6;8097,3;0;0;0;
1435;989,86;10102,46;2639,88;3621,3;65535;11695,1;8073,8;0;0;0;
1436;989,99;10101,08;2641,26;3696,7;65535;11793,4;8096,7;0;0;0;
1437;990,13;10099,71;2642,64;3700,4;65535;11768,5;8068,1;0;0;0;
1438;990,26;10098,33;2644,01;3811,1;65535;11903,1;8092;0;0;0;
1439;990,4;10096,96;2645,39;3662,8;65535;11759,4;8096,6;0;0;0;
1440;990,53;10095,58;2646,76;3635,9;65535;11746,4;8110,5;0;0;0;
1441;990,67;10094,21;2648,14;3714,7;65535;11842,2;8127,5;0;0;0;
1442;990,8;10092,83;2649,51;3737,1;65535;11848,9;8111,8;0;0;0;
1443;990,94;10091,46;2650,88;5564,2;65535;13747,3;8183,1;0;0;0;
1444;991,07;10090,09;2652,26;3672,7;65535;11771,1;8098,4;0;0;0;
1445;991,21;10088,71;2653,63;3913,3;65535;12034,4;8121,1;0;0;0;
1446;991,34;10087,34;2655;3770,1;65535;11856;8085,9;0;0;0;
1447;991,48;10085,97;2656,37;3617,5;65535;11705;8087,5;0;0;0;
1448;991,61;10084,6;2657,74;3611,4;65535;11658,8;8047,4;0;0;0;
1449;991,75;10083,23;2659,11;3699,3;65535;11788,1;8088,8;0;0;0;
1450;991,88;10081,86;2660,48;3603,5;65535;11701,2;8097,7;0;0;0;
1451;992,02;10080,49;2661,85;3556,8;65535;11629,3;8072,5;0;0;0;
1452;992,15;10079,12;2663,22;3598,7;65535;11658,5;8059,8;0;0;0;
1453;992,28;10077,75;2664,59;3570,3;65535;11622,7;8052,4;0;0;0;
1454;992,42;10076,39;2665,96;3728,5;65535;11773,2;8044,7;0;0;0;
1455;992,55;10075,02;2667,33;3681,3;65535;11742,5;8061,2;0;0;0;
1456;992,69;10073,65;2668,69;3689,9;65535;11717,1;8027,2;0;0;0;
1457;992,82;10072,29;2670,06;3622,4;65535;11591;7968,6;0;0;0;
1458;992,96;10070,92;2671,42;3787,8;65535;11760,1;7972,3;0;0;0;
1459;993,09;10069,55;2672,79;3642,8;65535;11592,7;7949,9;0;0;0;
1460;993,23;10068,19;2674,15;3728,4;65535;11677,5;7949,1;0;0;0;
1461;993,36;10066,83;2675,52;3626;65535;11593,6;7967,6;0;0;0;
1462;993,5;10065,46;2676,88;3607,4;65535;11567,5;7960,1;0;0;0;
1463;993,63;10064,1;2678,24;4118,9;65535;12051,2;7932,3;0;0;0;
1464;993,77;10062,74;2679,61;3591,2;65535;11499,4;7908,2;0;0;0;
1465;993,9;10061,38;2680,97;3914;65535;11815,4;7901,4;0;0;0;
1466;994,03;10060,01;2682,33;4283,1;65535;12146,4;7863,3;0;0;0;
1467;994,17;10058,65;2683,69;3822;65535;11653,3;7831,3;0;0;0;
1468;994,3;10057,29;2685,05;3710,6;65535;11509,8;7799,2;0;0;0;
1469;994,44;10055,93;2686,41;3746,4;65535;11545,2;7798,8;0;0;0;
1470;994,57;10054,57;2687,77;3688,6;65535;11515,2;7826,6;0;0;0;
1471;994,71;10053,22;2689,13;3709,6;65535;11502;7792,4;0;0;0;
1472;994,84;10051,86;2690,49;3713,9;65535;11500,4;7786,5;0;0;0;
1473;994,98;10050,5;2691,84;3706,7;65535;11483,8;7777,1;0;0;0;
1474;995,11;10049,14;2693,2;3807,6;65535;11569,1;7761,5;0;0;0;
1475;995,24;10047,79;2694,56;3670,1;65535;11386,4;7716,3;0;0;0;
1476;995,38;10046,43;2695,91;3705,6;65535;11411,8;7706,2;0;0;0;
1477;995,51;10045,07;2697,27;3967,3;65535;11691,2;7723,9;0;0;0;
1478;995,65;10043,72;2698,62;3713,9;65535;11423,3;7709,4;0;0;0;
1479;995,78;10042,36;2699,98;3724,5;65535;11408,8;7684,3;0;0;0;
1480;995,92;10041,01;2701,33;3876,4;65535;11589,6;7713,2;0;0;0;
1481;996,05;10039,66;2702,69;3992;65535;11685,8;7693,8;0;0;0;
1482;996,18;10038,3;2704,04;3710,1;65535;11414,5;7704,4;0;0;0;
1483;996,32;10036,95;2705,39;3646;65535;11290,7;7644,7;0;0;0;
1484;996,45;10035,6;2706,74;3665,2;65535;11335,6;7670,4;0;0;0;
1485;996,59;10034,25;2708,1;3601,3;65535;11300,9;7699,6;0;0;0;
1486;996,72;10032,9;2709,45;3685,8;65535;11404,5;7718,7;0;0;0;
1487;996,86;10031,55;2710,8;3544,2;65535;11280,5;7736,3;0;0;0;
1488;996,99;10030,2;2712,15;3591,5;65535;11339,8;7748,3;0;0;0;
1489;997,12;10028,85;2713,5;3558,5;65535;11298,9;7740,4;0;0;0;
1490;997,26;10027,5;2714,84;3716,9;65535;11459,3;7742,4;0;0;0;
1491;997,39;10026,15;2716,19;3728,8;65535;11466,4;7737,6;0;0;0;
1492;997,53;10024,8;2717,54;3776,7;65535;11478,6;7701,9;0;0;0;
1493;997,66;10023,46;2718,89;4045,7;65535;11727,5;7681,8;0;0;0;
1494;997,79;10022,11;2720,23;3621,6;65535;11261,7;7640,1;0;0;0;
1495;997,93;10020,76;2721,58;3712,3;65535;11375,2;7662,9;0;0;0;
1496;998,06;10019,42;2722,93;3684,7;65535;11339,8;7655,1;0;0;0;
1497;998,2;10018,07;2724,27;3701,6;65535;11324,9;7623,3;0;0;0;
1498;998,33;10016,73;2725,62;3579,5;65535;11181,6;7602,1;0;0;0;
1499;998,46;10015,38;2726,96;3683,1;65535;11327,6;7644,5;0;0;0;
1500;998,6;10014,04;2728,3;3635,3;65535;11280,3;7645;0;0;0;
1501;998,73;10012,7;2729,65;3674,9;65535;11320,2;7645,3;0;0;0;
1502;998,87;10011,35;2730,99;3825,8;65535;11462,6;7636,8;0;0;0;
1503;999;10010,01;2732,33;3653,7;65535;11207,8;7554,1;0;0;0;
1504;999,13;10008,67;2733,67;3605,7;65535;11171,7;7566;0;0;0;
1505;999,27;10007,33;2735,01;3962,8;65535;11522,3;7559,5;0;0;0;
1506;999,4;10005,99;2736,35;3796;65535;11316,1;7520,1;0;0;0;
1507;999,54;10004,65;2737,69;3651,2;65535;11198,1;7546,9;0;0;0;
1508;999,67;10003,31;2739,03;3592,3;65535;11073,4;7481,1;0;0;0;
1509;999,8;10001,97;2740,37;3791,9;65535;11245,7;7453,8;0;0;0;
1510;999,94;10000,63;2741,71;3891,5;65535;11325,5;7434;0;0;0;
1511;1000,07;9999,29;2743,05;3616,1;65535;11004,3;7388,2;0;0;0;
1512;1000,2;9997,96;2744,39;3695,3;65535;11040,3;7345;0;0;0;
1513;1000,34;9996,62;2745,72;3567,6;65535;10882,2;7314,6;0;0;0;
1514;1000,47;9995,28;2747,06;3573,6;65535;10898,6;7325;0;0;0;
1515;1000,61;9993,95;2748,4;3666,9;65535;10995,8;7328,9;0;0;0;
1516;1000,74;9992,61;2749,73;3761,6;65535;11089,5;7327,9;0;0;0;
1517;1000,87;9991,28;2751,07;3606,7;65535;10931,5;7324,8;0;0;0;
1518;1001,01;9989,94;2752,4;3700,2;65535;10993,6;7293,4;0;0;0;
1519;1001,14;9988,61;2753,73;3673,7;65535;10966,1;7292,4;0;0;0;
1520;1001,27;9987,28;2755,07;3735,9;65535;11018,7;7282,8;0;0;0;
1521;1001,41;9985,94;2756,4;3689,3;65535;10923,2;7233,9;0;0;0;
1522;1001,54;9984,61;2757,73;3604;65535;10826;7222;0;0;0;
1523;1001,67;9983,28;2759,06;3583,6;65535;10800,1;7216,5;0;0;0;
1524;1001,81;9981,95;2760,39;3611,9;65535;10780,4;7168,5;0;0;0;
1525;1001,94;9980,62;2761,73;3942,8;65535;11086,1;7143,3;0;0;0;
1526;1002,08;9979,29;2763,06;3888;65535;11008,2;7120,2;0;0;0;
1527;1002,21;9977,96;2764,39;3687,3;65535;10774,5;7087,2;0;0;0;
1528;1002,34;9976,63;2765,71;3703,7;65535;10781,1;7077,4;0;0;0;
1529;1002,48;9975,3;2767,04;3659,5;65535;10676,8;7017,3;0;0;0;
1530;1002,61;9973,97;2768,37;3634,4;65535;10632,9;6998,5;0;0;0;
1531;1002,74;9972,64;2769,7;3734;65535;10763,5;7029,5;0;0;0;
1532;1002,88;9971,32;2771,03;3734,8;65535;10693;6958,2;0;0;0;
1533;1003,01;9969,99;2772,35;3584,2;65535;10536,8;6952,6;0;0;0;
1534;1003,14;9968,67;2773,68;3672,4;65535;10579,4;6907;0;0;0;
1535;1003,28;9967,34;2775;3662,6;65535;10573,8;6911,2;0;0;0;
1536;1003,41;9966,01;2776,33;3684,1;65535;10549,1;6865;0;0;0;
1537;1003,54;9964,69;2777,65;3715,4;65535;10557;6841,6;0;0;0;
1538;1003,68;9963,37;2778,98;3651,7;65535;10496,8;6845,1;0;0;0;
1539;1003,81;9962,04;2780,3;3591,8;65535;10414,8;6823;0;0;0;
1540;1003,94;9960,72;2781,62;3762,9;65535;10534,7;6771,8;0;0;0;
1541;1004,08;9959,4;2782,95;3729,5;65535;10460,4;6730,9;0;0;0;
1542;1004,21;9958,07;2784,27;3666;65535;10357,3;6691,3;0;0;0;
1543;1004,34;9956,75;2785,59;3585,7;65535;10238,5;6652,8;0;0;0;
1544;1004,48;9955,43;2786,91;3673,4;65535;10262,7;6589,3;0;0;0;
1545;1004,61;9954,11;2788,23;3693,7;65535;10246,3;6552,6;0;0;0;
1546;1004,74;9952,79;2789,55;3706,9;65535;10205,2;6498,3;0;0;0;
1547;1004,88;9951,47;2790,87;3647;65535;10102,9;6455,9;0;0;0;
1548;1005,01;9950,15;2792,19;3587,2;65535;10011,7;6424,5;0;0;0;
1549;1005,14;9948,84;2793,51;3666,6;65535;10080,8;6414,2;0;0;0;
1550;1005,28;9947,52;2794,83;3608,6;65535;10044,4;6435,8;0;0;0;
1551;1005,41;9946,2;2796,14;3680,9;65535;10004,4;6323,5;0;0;0;
1552;1005,54;9944,88;2797,46;3653;65535;10004,8;6351,8;0;0;0;
1553;1005,68;9943,57;2798,78;3698,3;65535;10023,9;6325,6;0;0;0;
1554;1005,81;9942,25;2800,09;3749,9;65535;10102,4;6352,5;0;0;0;
1555;1005,94;9940,94;2801,41;3700,3;65535;10065,7;6365,4;0;0;0;
1556;1006,07;9939,62;2802,72;3606,9;65535;9901,6;6294,7;0;0;0;
1557;1006,21;9938,31;2804,04;3980,1;65535;10367,4;6387,3;0;0;0;
1558;1006,34;9936,99;2805,35;3707,2;65535;10087,3;6380,1;0;0;0;
1559;1006,47;9935,68;2806,66;3724,7;65535;10090,2;6365,5;0;0;0;
1560;1006,61;9934,37;2807,98;3786,7;65535;10125,6;6338,9;0;0;0;
1561;1006,74;9933,05;2809,29;4254,4;65535;10628,5;6374,1;0;0;0;
1562;1006,87;9931,74;2810,6;3861,7;65535;10206,5;6344,8;0;0;0;
1563;1007,01;9930,43;2811,91;3730,3;65535;10078,9;6348,6;0;0;0;
1564;1007,14;9929,12;2813,22;3611,3;65535;9933,2;6321,9;0;0;0;
1565;1007,27;9927,81;2814,53;3810,6;65535;10126,3;6315,7;0;0;0;
1566;1007,4;9926,5;2815,84;3650,1;65535;9938,7;6288,6;0;0;0;
1567;1007,54;9925,19;2817,15;3670;65535;9929;6259;0;0;0;
1568;1007,67;9923,88;2818,46;3995;65535;10271,5;6276,5;0;0;0;
1569;1007,8;9922,57;2819,77;3678,4;65535;9970,3;6291,9;0;0;0;
1570;1007,94;9921,26;2821,08;3853;65535;10141,6;6288,6;0;0;0;
1571;1008,07;9919,96;2822,39;3716,9;65535;9991,1;6274,2;0;0;0;
1572;1008,2;9918,65;2823,69;3695,8;65535;9961,7;6265,9;0;0;0;
1573;1008,33;9917,34;2825;3600,8;65535;9854,4;6253,6;0;0;0;
1574;1008,47;9916,04;2826,3;3705,5;65535;9971,7;6266,2;0;0;0;
1575;1008,6;9914,73;2827,61;3668,4;65535;9939,6;6271,2;0;0;0;
1576;1008,73;9913,43;2828,91;3714,5;65535;9963,6;6249,1;0;0;0;
1577;1008,87;9912,12;2830,22;3761,7;65535;9968;6206,3;0;0;0;
1578;1009;9910,82;2831,52;3726,7;65535;9975,2;6248,5;0;0;0;
1579;1009,13;9909,52;2832,83;3775,6;65535;9988;6212,4;0;0;0;
1580;1009,26;9908,21;2834,13;3749;65535;9985,8;6236,8;0;0;0;
1581;1009,4;9906,91;2835,43;3711,7;65535;9933,6;6221,9;0;0;0;
1582;1009,53;9905,61;2836,73;3573,5;65535;9789,1;6215,6;0;0;0;
1583;1009,66;9904,31;2838,03;3563,1;65535;9721,8;6158,7;0;0;0;
1584;1009,79;9903,01;2839,34;3788,4;65535;9963,7;6175,3;0;0;0;
1585;1009,93;9901,71;2840,64;3582;65535;9737,9;6155,9;0;0;0;
1586;1010,06;9900,41;2841,94;3747;65535;9893,1;6146,1;0;0;0;
1587;1010,19;9899,11;2843,23;4129,8;65535;10268,3;6138,5;0;0;0;
1588;1010,32;9897,81;2844,53;3602,7;65535;9694;6091,3;0;0;0;
1589;1010,46;9896,51;2845,83;3676,6;65535;9800,9;6124,3;0;0;0;
1590;1010,59;9895,21;2847,13;3740,1;65535;9853,1;6113;0;0;0;
1591;1010,72;9893,92;2848,43;3759,8;65535;9876,8;6117;0;0;0;
1592;1010,85;9892,62;2849,72;3679,9;65535;9723,8;6043,9;0;0;0;
1593;1010,99;9891,32;2851,02;3692,7;65535;9737,9;6045,2;0;0;0;
1594;1011,12;9890,03;2852,32;3683,7;65535;9713,1;6029,4;0;0;0;
1595;1011,25;9888,73;2853,61;3817,9;65535;9875,7;6057,8;0;0;0;
1596;1011,38;9887,44;2854,91;3793,8;65535;9827,2;6033,4;0;0;0;
1597;1011,52;9886,14;2856,2;3918;65535;9926,9;6008,9;0;0;0;
1598;1011,65;9884,85;2857,49;3706,1;65535;9650,6;5944,5;0;0;0;
1599;1011,78;9883,56;2858,79;3617,1;65535;9527,5;5910,4;0;0;0;
1600;1011,91;9882,26;2860,08;3711;65535;9639,7;5928,7;0;0;0;
1601;1012,05;9880,97;2861,37;3655;65535;9549,7;5894,7;0;0;0;
1602;1012,18;9879,68;2862,66;3561;65535;9425,9;5864,9;0;0;0;
1603;1012,31;9878,39;2863,96;3669,7;65535;9519,1;5849,4;0;0;0;
1604;1012,44;9877,1;2865,25;3599,2;65535;9420;5820,8;0;0;0;
1605;1012,58;9875,81;2866,54;3675;65535;9497,8;5822,8;0;0;0;
1606;1012,71;9874,52;2867,83;3941;65535;9709,8;5768,8;0;0;0;
1607;1012,84;9873,23;2869,12;3761,2;65535;9525,9;5764,7;0;0;0;
1608;1012,97;9871,94;2870,4;3706,4;65535;9477,1;5770,7;0;0;0;
1609;1013,1;9870,65;2871,69;3689,2;65535;9413,4;5724,2;0;0;0;
1610;1013,24;9869,36;2872,98;3720,7;65535;9435,5;5714,8;0;0;0;
1611;1013,37;9868,08;2874,27;3569,1;65535;9270,8;5701,7;0;0;0;
1612;1013,5;9866,79;2875,55;3648,1;65535;9328,1;5680;0;0;0;
1613;1013,63;9865,5;2876,84;3690;65535;9324,1;5634,1;0;0;0;
1614;1013,77;9864,22;2878,13;3882,3;65535;9520,9;5638,6;0;0;0;
1615;1013,9;9862,93;2879,41;3591,5;65535;9174,7;5583,2;0;0;0;
1616;1014,03;9861,65;2880,7;3740,1;65535;9306,6;5566,5;0;0;0;
1617;1014,16;9860,36;2881,98;3772,8;65535;9284,8;5512;0;0;0;
1618;1014,29;9859,08;2883,27;3540,3;65535;8995,7;5455,4;0;0;0;
1619;1014,43;9857,79;2884,55;3648,3;65535;9069,6;5421,3;0;0;0;
1620;1014,56;9856,51;2885,83;3689,8;65535;9095,4;5405,6;0;0;0;
1621;1014,69;9855,23;2887,11;3538,7;65535;8926,4;5387,7;0;0;0;
1622;1014,82;9853,95;2888,4;3701,1;65535;9076,8;5375,7;0;0;0;
1623;1014,95;9852,67;2889,68;3983,8;65535;9363,2;5379,4;0;0;0;
1624;1015,09;9851,39;2890,96;3616,2;65535;8933,6;5317,4;0;0;0;
1625;1015,22;9850,1;2892,24;3543,1;65535;8833,9;5290,8;0;0;0;
1626;1015,35;9848,82;2893,52;3929;65535;9200,1;5271,1;0;0;0;
1627;1015,48;9847,55;2894,8;3674,5;65535;8927,7;5253,2;0;0;0;
1628;1015,61;9846,27;2896,08;3681,9;65535;8876,8;5194,9;0;0;0;
1629;1015,75;9844,99;2897,36;3585,8;65535;8776,5;5190,7;0;0;0;
1630;1015,88;9843,71;2898,63;3682,6;65535;8834,9;5152,3;0;0;0;
1631;1016,01;9842,43;2899,91;3725,8;65535;8856,8;5131;0;0;0;
1632;1016,14;9841,16;2901,19;3596;65535;8679,2;5083,2;0;0;0;
1633;1016,27;9839,88;2902,46;4002,1;65535;9089,4;5087,3;0;0;0;
1634;1016,4;9838,6;2903,74;3682,6;65535;8715,1;5032,5;0;0;0;
1635;1016,54;9837,33;2905,02;3616,4;65535;8584;4967,6;0;0;0;
1636;1016,67;9836,05;2906,29;3555,3;65535;8509,4;4954,1;0;0;0;
1637;1016,8;9834,78;2907,57;4179,9;65535;9158,9;4979;0;0;0;
1638;1016,93;9833,5;2908,84;3642,9;65535;8554,6;4911,7;0;0;0;
1639;1017,06;9832,23;2910,11;3780,8;65535;8674,9;4894,1;0;0;0;
1640;1017,19;9830,96;2911,39;3627,9;65535;8498;4870,1;0;0;0;
1641;1017,33;9829,68;2912,66;3629,9;65535;8471,4;4841,5;0;0;0;
1642;1017,46;9828,41;2913,93;3782,6;65535;8582,2;4799,6;0;0;0;
1643;1017,59;9827,14;2915,2;3843,3;65535;8618,8;4775,5;0;0;0;
1644;1017,72;9825,87;2916,47;3690,5;65535;8461,3;4770,8;0;0;0;
1645;1017,85;9824,6;2917,74;3784,2;65535;8466,2;4682;0;0;0;
1646;1017,98;9823,33;2919,01;3696,9;65535;8369,6;4672,7;0;0;0;
1647;1018,12;9822,06;2920,28;3688;65535;8311;4623;0;0;0;
1648;1018,25;9820,79;2921,55;3961;65535;8556,2;4595,2;0;0;0;
1649;1018,38;9819,52;2922,82;4174,2;65535;8757,6;4583,4;0;0;0;
1650;1018,51;9818,25;2924,09;3715,3;65535;8282,2;4566,9;0;0;0;
1651;1018,64;9816,99;2925,36;3789,9;65535;8318,6;4528,7;0;0;0;
1652;1018,77;9815,72;2926,62;3564,2;65535;8065,7;4501,5;0;0;0;
1653;1018,91;9814,45;2927,89;3691;65535;8130,7;4439,7;0;0;0;
1654;1019,04;9813,19;2929,16;3575,5;65535;8000,7;4425,2;0;0;0;
1655;1019,17;9811,92;2930,42;3749;65535;8171,7;4422,7;0;0;0;
1656;1019,3;9810,66;2931,69;3801,3;65535;8191,9;4390,6;0;0;0;
1657;1019,43;9809,39;2932,95;3618,2;65535;7993,3;4375,1;0;0;0;
1658;1019,56;9808,13;2934,22;3715,1;65535;8042,3;4327,2;0;0;0;
1659;1019,69;9806,86;2935,48;3650,9;65535;7949,3;4298,4;0;0;0;
1660;1019,83;9805,6;2936,74;3594;65535;7868,6;4274,6;0;0;0;
1661;1019,96;9804,34;2938,01;3662,7;65535;7894,4;4231,7;0;0;0;
1662;1020,09;9803,07;2939,27;3977,1;65535;8185,8;4208,7;0;0;0;
1663;1020,22;9801,81;2940,53;3551,2;65535;7739,3;4188,1;0;0;0;
1664;1020,35;9800,55;2941,79;3677,1;65535;7823,7;4146,6;0;0;0;
1665;1020,48;9799,29;2943,05;3650,6;65535;7752;4101,4;0;0;0;
1666;1020,61;9798,03;2944,31;3615,7;65535;7664,3;4048,6;0;0;0;
1667;1020,74;9796,77;2945,57;3605,7;65535;7636,8;4031,1;0;0;0;
1668;1020,88;9795,51;2946,83;3792,2;65535;7785,8;3993,6;0;0;0;
1669;1021,01;9794,25;2948,09;3851,3;65535;8078,3;4227;0;0;0;
1670;1021,14;9792,99;2949,35;3747,7;65535;7683,8;3936,1;0;0;0;
1671;1021,27;9791,73;2950,61;3629,8;65535;7513,2;3883,4;0;0;0;
1672;1021,4;9790,48;2951,87;3685,4;65535;7540,1;3854,7;0;0;0;
1673;1021,53;9789,22;2953,12;3746,2;65535;7602,7;3856,5;0;0;0;
1674;1021,66;9787,96;2954,38;3666,5;65535;7487,6;3821,1;0;0;0;
1675;1021,79;9786,71;2955,64;3807,8;65535;7567,1;3759,3;0;0;0;
1676;1021,93;9785,45;2956,89;3791,9;65535;7523,5;3731,6;0;0;0;
1677;1022,06;9784,2;2958,15;3697,8;65535;7394;3696,2;0;0;0;
1678;1022,19;9782,94;2959,4;3976,4;65535;7636,5;3660,1;0;0;0;
1679;1022,32;9781,69;2960,66;3744,7;65535;7355,1;3610,4;0;0;0;
1680;1022,45;9780,43;2961,91;3811,3;65535;7375,5;3564,2;0;0;0;
1681;1022,58;9779,18;2963,16;3638,1;65535;7190,7;3552,6;0;0;0;
1682;1022,71;9777,93;2964,41;3707,1;65535;7227,7;3520,6;0;0;0;
1683;1022,84;9776,68;2965,67;3776,9;65535;7290,3;3513,4;0;0;0;
1684;1022,97;9775,42;2966,92;3763,7;65535;7231,6;3467,9;0;0;0;
1685;1023,1;9774,17;2968,17;3716,1;65535;7159,5;3443,4;0;0;0;
1686;1023,24;9772,92;2969,42;3622;65535;7017,3;3395,3;0;0;0;
1687;1023,37;9771,67;2970,67;3575,7;65535;6954,4;3378,7;0;0;0;
1688;1023,5;9770,42;2971,92;3604,8;65535;6970,2;3365,4;0;0;0;
1689;1023,63;9769,17;2973,17;5413,3;65535;8801,6;3388,3;0;0;0;
1690;1023,76;9767,92;2974,42;3551,3;65535;6858,3;3307;0;0;0;
1691;1023,89;9766,68;2975,67;3604,4;65535;6880,2;3275,8;0;0;0;
1692;1024,02;9765,43;2976,92;3659,2;65535;6938,5;3279,3;0;0;0;
1693;1024,15;9764,18;2978,16;3621,6;65535;6874,5;3252,9;0;0;0;
1694;1024,28;9762,93;2979,41;3616,5;65535;6841,1;3224,6;0;0;0;
1695;1024,41;9761,69;2980,66;3601,6;65535;6784,7;3183,1;0;0;0;
1696;1024,54;9760,44;2981,9;3672;65535;6875,4;3203,4;0;0;0;
1697;1024,67;9759,2;2983,15;3972,9;65535;7172,6;3199,7;0;0;0;
1698;1024,81;9757,95;2984,39;3552,2;65535;6730,9;3178,7;0;0;0;
1699;1024,94;9756,71;2985,64;3688,5;65535;6870,8;3182,3;0;0;0;
1700;1025,07;9755,46;2986,88;3631,9;65535;6768;3136,1;0;0;0;
1701;1025,2;9754,22;2988,12;3748,7;65535;6904,2;3155,5;0;0;0;
1702;1025,33;9752,98;2989,37;3794,5;65535;6907,1;3112,6;0;0;0;
1703;1025,46;9751,73;2990,61;3825,7;65535;6943,9;3118,2;0;0;0;
1704;1025,59;9750,49;2991,85;3644,3;65535;6755,3;3111;0;0;0;
1705;1025,72;9749,25;2993,09;3763,5;65535;6892,6;3129,1;0;0;0;
1706;1025,85;9748,01;2994,34;4306,3;65535;7451,3;3145;0;0;0;
1707;1025,98;9746,77;2995,58;3733,3;65535;6825,3;3092;0;0;0;
1708;1026,11;9745,53;2996,82;3606,9;65535;6733,5;3126,6;0;0;0;
1709;1026,24;9744,29;2998,06;3749,5;65535;6862,3;3112,8;0;0;0;
1710;1026,37;9743,05;2999,3;3567,9;65535;6677;3109,1;0;0;0;
1711;1026,5;9741,81;3000,53;3727,6;65535;6858,2;3130,6;0;0;0;
1712;1026,63;9740,57;3001,77;3696,2;65535;6815,7;3119,5;0;0;0;
1713;1026,76;9739,33;3003,01;3708,9;65535;6824,8;3115,9;0;0;0;
1714;1026,89;9738,1;3004,25;3606;65535;6711,6;3105,6;0;0;0;
1715;1027,03;9736,86;3005,48;3941,3;65535;7077,6;3136,3;0;0;0;
1716;1027,16;9735,62;3006,72;3568,3;65535;6695,1;3126,8;0;0;0;
1717;1027,29;9734,39;3007,96;3650,7;65535;6779;3128,3;0;0;0;
1718;1027,42;9733,15;3009,19;3664,4;65535;6783,7;3119,3;0;0;0;
1719;1027,55;9731,92;3010,43;3685,5;65535;6808,4;3122,9;0;0;0;
1720;1027,68;9730,68;3011,66;3672,4;65535;6786,7;3114,3;0;0;0;
1721;1027,81;9729,45;3012,9;3598,1;65535;6731;3132,9;0;0;0;
1722;1027,94;9728,21;3014,13;3763;65535;6902,3;3139,3;0;0;0;
1723;1028,07;9726,98;3015,36;3629,5;65535;6755;3125,5;0;0;0;
1724;1028,2;9725,75;3016,6;3776;65535;6921,6;3145,6;0;0;0;
1725;1028,33;9724,52;3017,83;3901,9;65535;7055,4;3153,5;0;0;0;
1726;1028,46;9723,28;3019,06;3734,9;65535;6879,4;3144,5;0;0;0;
1727;1028,59;9722,05;3020,29;3599,7;65535;6749,1;3149,4;0;0;0;
1728;1028,72;9720,82;3021,52;3695,8;65535;6863,7;3167,9;0;0;0;
1729;1028,85;9719,59;3022,75;3561,2;65535;6695,3;3134,1;0;0;0;
1730;1028,98;9718,36;3023,98;3810,4;65535;6979,6;3169,2;0;0;0;
1731;1029,11;9717,13;3025,21;4376,9;65535;7559,4;3182,5;0;0;0;
1732;1029,24;9715,9;3026,44;4753,2;65535;7905,8;3152,6;0;0;0;
1733;1029,37;9714,68;3027,67;3860,3;65535;7037,3;3177;0;0;0;
1734;1029,5;9713,45;3028,9;3605,9;65535;6748,8;3142,9;0;0;0;
1735;1029,63;9712,22;3030,12;3771,1;65535;6948,2;3177,1;0;0;0;
1736;1029,76;9710,99;3031,35;3695,6;65535;6855,5;3159,9;0;0;0;
1737;1029,89;9709,77;3032,58;3674,2;65535;6849,2;3175;0;0;0;
1738;1030,02;9708,54;3033,8;3770,5;65535;6930;3159,5;0;0;0;
1739;1030,15;9707,31;3035,03;3714,3;65535;6894,2;3179,9;0;0;0;
1740;1030,28;9706,09;3036,25;3789,6;65535;6961,8;3172,2;0;0;0;
1741;1030,41;9704,87;3037,48;3740,1;65535;6869,5;3129,4;0;0;0;
1742;1030,54;9703,64;3038,7;3703,5;65535;6829,9;3126,4;0;0;0;
1743;1030,67;9702,42;3039,93;3605,8;65535;6740;3134,2;0;0;0;
1744;1030,8;9701,19;3041,15;3664,2;65535;6770,3;3106,1;0;0;0;
1745;1030,93;9699,97;3042,37;3628,7;65535;6734;3105,3;0;0;0;
1746;1031,06;9698,75;3043,59;3724,5;65535;6808,3;3083,8;0;0;0;
1747;1031,19;9697,53;3044,82;3723,9;65535;6811;3087,1;0;0;0;
1748;1031,32;9696,31;3046,04;3687,1;65535;6789;3101,9;0;0;0;
1749;1031,45;9695,09;3047,26;3826,3;65535;6876,7;3050,4;0;0;0;
1750;1031,58;9693,86;3048,48;3554,6;65535;6622,7;3068,1;0;0;0;
1751;1031,71;9692,64;3049,7;3625,2;65535;6675,4;3050,2;0;0;0;
1752;1031,84;9691,43;3050,92;3923,2;65535;6959;3035,8;0;0;0;
1753;1031,97;9690,21;3052,14;3868,6;65535;6902,4;3033,8;0;0;0;
1754;1032,1;9688,99;3053,36;3600,4;65535;6630,7;3030,3;0;0;0;
1755;1032,23;9687,77;3054,57;3585,2;65535;6617,1;3031,9;0;0;0;
1756;1032,36;9686,55;3055,79;3819;65535;6858,2;3039,2;0;0;0;
1757;1032,49;9685,34;3057,01;3612,9;65535;6661,1;3048,2;0;0;0;
1758;1032,62;9684,12;3058,23;3633;65535;6695,7;3062,7;0;0;0;
1759;1032,75;9682,9;3059,44;3691;65535;6741,9;3050,9;0;0;0;
1760;1032,88;9681,69;3060,66;3720,2;65535;6782,6;3062,4;0;0;0;
1761;1033,01;9680,47;3061,87;3768,4;65535;6838;3069,6;0;0;0;
1762;1033,14;9679,26;3063,09;3964,6;65535;7020,1;3055,5;0;0;0;
1763;1033,27;9678,04;3064,3;3768,7;65535;6847;3078,3;0;0;0;
1764;1033,4;9676,83;3065,52;3810,8;65535;6921,4;3110,6;0;0;0;
1765;1033,53;9675,61;3066,73;6442,5;65535;9660,8;3218,3;0;0;0;
1766;1033,66;9674,4;3067,94;3772;65535;6862,6;3090,6;0;0;0;
1767;1033,79;9673,19;3069,15;3663,2;65535;6791;3127,8;0;0;0;
1768;1033,91;9671,98;3070,37;3709,9;65535;6845;3135,1;0;0;0;
1769;1034,04;9670,77;3071,58;3653,6;65535;6765,8;3112,2;0;0;0;
1770;1034,17;9669,55;3072,79;3575,6;65535;6677,2;3101,6;0;0;0;
1771;1034,3;9668,34;3074;3723,5;65535;6862,9;3139,4;0;0;0;
1772;1034,43;9667,13;3075,21;3790,5;65535;6909,9;3119,4;0;0;0;
1773;1034,56;9665,92;3076,42;3645,6;65535;6750,8;3105,2;0;0;0;
1774;1034,69;9664,72;3077,63;3713,4;65535;6840,9;3127,5;0;0;0;
1775;1034,82;9663,51;3078,84;3580,4;65535;6703,4;3123;0;0;0;
1776;1034,95;9662,3;3080,05;3797,4;65535;6900,7;3103,3;0;0;0;
1777;1035,08;9661,09;3081,25;3547,9;65535;6635,9;3088;0;0;0;
1778;1035,21;9659,88;3082,46;3740,6;65535;6856;3115,4;0;0;0;
1779;1035,34;9658,68;3083,67;3888;65535;6981,8;3093,8;0;0;0;
1780;1035,47;9657,47;3084,87;3690,8;65535;6793,6;3102,8;0;0;0;
1781;1035,6;9656,26;3086,08;3710,2;65535;6818,6;3108,4;0;0;0;
1782;1035,73;9655,06;3087,29;3763;65535;6854,1;3091,1;0;0;0;
1783;1035,86;9653,85;3088,49;3566,3;65535;6624,2;3057,9;0;0;0;
1784;1035,99;9652,65;3089,7;3718,3;65535;6779,6;3061,3;0;0;0;
1785;1036,11;9651,44;3090,9;3707,1;65535;6757;3049,9;0;0;0;
1786;1036,24;9650,24;3092,1;3771,2;65535;6800,5;3029,3;0;0;0;
1787;1036,37;9649,04;3093,31;3826,5;65535;6863,1;3036,6;0;0;0;
1788;1036,5;9647,83;3094,51;3713,6;65535;6761,8;3048,2;0;0;0;
1789;1036,63;9646,63;3095,71;3638,3;65535;6673,8;3035,5;0;0;0;
1790;1036,76;9645,43;3096,91;3629,2;65535;6650,3;3021,1;0;0;0;
1791;1036,89;9644,23;3098,11;3583,4;65535;6595,2;3011,8;0;0;0;
1792;1037,02;9643,03;3099,32;3746;65535;6769,2;3023,2;0;0;0;
1793;1037,15;9641,83;3100,52;3753,9;65535;6800,6;3046,7;0;0;0;
1794;1037,28;9640,63;3101,72;3724,3;65535;6731,9;3007,6;0;0;0;
1795;1037,41;9639,43;3102,92;3596,2;65535;6557,9;2961,7;0;0;0;
1796;1037,53;9638,23;3104,11;4979;65535;7915,1;2936,1;0;0;0;
1797;1037,66;9637,03;3105,31;7851,9;65535;10678,1;2826,2;0;0;0;
1798;1037,79;9635,83;3106,51;3665,5;65535;6604,6;2939,1;0;0;0;
1799;1037,92;9634,63;3107,71;3683,7;65535;6663,4;2979,7;0;0;0;
1800;1038,05;9633,44;3108,91;3725,7;65535;6667,1;2941,4;0;0;0;
1801;1038,18;9632,24;3110,1;3711,4;65535;6655,2;2943,8;0;0;0;
1802;1038,31;9631,04;3111,3;3585,6;65535;6520,3;2934,7;0;0;0;
1803;1038,44;9629,85;3112,49;3731,2;65535;6661;2929,8;0;0;0;
1804;1038,57;9628,65;3113,69;3626,6;65535;6540,6;2914;0;0;0;
1805;1038,7;9627,46;3114,89;3607,8;65535;6479,4;2871,6;0;0;0;
1806;1038,82;9626,26;3116,08;3697,2;65535;6585,8;2888,6;0;0;0;
1807;1038,95;9625,07;3117,27;3785;65535;6683,4;2898,4;0;0;0;
1808;1039,08;9623,88;3118,47;4029,7;65535;6904,3;2874,6;0;0;0;
1809;1039,21;9622,68;3119,66;3812,1;65535;6676,3;2864,2;0;0;0;
1810;1039,34;9621,49;3120,85;3679,6;65535;6533,7;2854,1;0;0;0;
1811;1039,47;9620,3;3122,05;3780,5;65535;6637,6;2857,1;0;0;0;
1812;1039,6;9619,11;3123,24;4063,2;65535;6910,9;2847,7;0;0;0;
1813;1039,73;9617,92;3124,43;3615,1;65535;6439,4;2824,3;0;0;0;
1814;1039,86;9616,72;3125,62;3519,1;65535;6341,7;2822,6;0;0;0;
1815;1039,98;9615,53;3126,81;3707,4;65535;6504,3;2796,9;0;0;0;
1816;1040,11;9614,34;3128;3610,3;65535;6419,2;2808,9;0;0;0;
1817;1040,24;9613,15;3129,19;3912,3;65535;6685,6;2773,3;0;0;0;
1818;1040,37;9611,97;3130,38;3756,9;65535;6538,4;2781,5;0;0;0;
1819;1040,5;9610,78;3131,57;3764,1;65535;6520,5;2756,4;0;0;0;
1820;1040,63;9609,59;3132,75;3571,3;65535;6344,5;2773,2;0;0;0;
1821;1040,76;9608,4;3133,94;3571,7;65535;6320,6;2748,9;0;0;0;
1822;1040,88;9607,21;3135,13;3587,7;65535;6326,9;2739,2;0;0;0;
1823;1041,01;9606,03;3136,32;3645,7;65535;6384,1;2738,4;0;0;0;
1824;1041,14;9604,84;3137,5;3607,7;65535;6337,5;2729,8;0;0;0;
1825;1041,27;9603,66;3138,69;3813,3;65535;6556,4;2743,1;0;0;0;
1826;1041,4;9602,47;3139,87;3682,9;65535;6390,2;2707,3;0;0;0;
1827;1041,53;9601,29;3141,06;3861,1;65535;6569,8;2708,7;0;0;0;
1828;1041,66;9600,1;3142,24;3713,9;65535;6411,6;2697,7;0;0;0;
1829;1041,78;9598,92;3143,43;3706,6;65535;6381,7;2675,1;0;0;0;
1830;1041,91;9597,73;3144,61;3845,8;65535;6535,7;2689,9;0;0;0;
1831;1042,04;9596,55;3145,79;4020;65535;6704,7;2684,7;0;0;0;
1832;1042,17;9595,37;3146,98;3748,2;65535;6407,3;2659,1;0;0;0;
1833;1042,3;9594,19;3148,16;3639,3;65535;6267,7;2628,4;0;0;0;
1834;1042,43;9593;3149,34;4279,3;65535;6908;2628,7;0;0;0;
1835;1042,55;9591,82;3150,52;3629,7;65535;6245,5;2615,8;0;0;0;
1836;1042,68;9590,64;3151,7;3721,1;65535;6322,8;2601,7;0;0;0;
1837;1042,81;9589,46;3152,88;4109,2;65535;6720,4;2611,2;0;0;0;
1838;1042,94;9588,28;3154,06;3762,2;65535;6360,9;2598,7;0;0;0;
1839;1043,07;9587,1;3155,24;3737,8;65535;6315,8;2578;0;0;0;
1840;1043,2;9585,92;3156,42;3681;65535;6270,6;2589,6;0;0;0;
1841;1043,32;9584,74;3157,6;3620,7;65535;6179,6;2558,9;0;0;0;
1842;1043,45;9583,57;3158,78;3826,7;65535;6377,8;2551,1;0;0;0;
1843;1043,58;9582,39;3159,95;3679,2;65535;6241,2;2562;0;0;0;
1844;1043,71;9581,21;3161,13;3667;65535;6188,1;2521,1;0;0;0;
1845;1043,84;9580,03;3162,31;3582;65535;6102,8;2520,8;0;0;0;
1846;1043,97;9578,86;3163,49;3578,7;65535;6101,1;2522,4;0;0;0;
1847;1044,09;9577,68;3164,66;3911,9;65535;6430,8;2518,9;0;0;0;
1848;1044,22;9576,51;3165,84;3651,1;65535;6130,1;2479;0;0;0;
1849;1044,35;9575,33;3167,01;3659,6;65535;6169,2;2509,6;0;0;0;
1850;1044,48;9574,16;3168,19;3599,4;65535;6062,8;2463,4;0;0;0;
1851;1044,61;9572,98;3169,36;3685,7;65535;6144,2;2458,5;0;0;0;
1852;1044,73;9571,81;3170,53;3597,4;65535;6050,2;2452,8;0;0;0;
1853;1044,86;9570,64;3171,71;3816,3;65535;6299,7;2483,4;0;0;0;
1854;1044,99;9569,46;3172,88;3650,6;65535;6087,3;2436,7;0;0;0;
1855;1045,12;9568,29;3174,05;3589,8;65535;6020,5;2430,7;0;0;0;
1856;1045,25;9567,12;3175,22;3557,6;65535;5975,3;2417,7;0;0;0;
1857;1045,37;9565,95;3176,39;3613,6;65535;5992;2378,4;0;0;0;
1858;1045,5;9564,78;3177,57;3652,5;65535;6031;2378,5;0;0;0;
1859;1045,63;9563,61;3178,74;3756,3;65535;6129,4;2373,1;0;0;0;
1860;1045,76;9562,44;3179,91;3754,5;65535;6112,7;2358,2;0;0;0;
1861;1045,89;9561,27;3181,08;3702,3;65535;6050,9;2348,6;0;0;0;
1862;1046,01;9560,1;3182,24;3640,5;65535;5962,8;2322,3;0;0;0;
1863;1046,14;9558,93;3183,41;3639,6;65535;5962,9;2323,3;0;0;0;
1864;1046,27;9557,76;3184,58;3631,7;65535;5939,7;2308;0;0;0;
1865;1046,4;9556,59;3185,75;3718,6;65535;6041,2;2322,6;0;0;0;
1866;1046,53;9555,43;3186,92;3727,8;65535;6024,8;2297;0;0;0;
1867;1046,65;9554,26;3188,08;3610,7;65535;5890,1;2279,4;0;0;0;
1868;1046,78;9553,09;3189,25;3663,6;65535;5933,3;2269,7;0;0;0;
1869;1046,91;9551,93;3190,42;3621,5;65535;5883,3;2261,8;0;0;0;
1870;1047,04;9550,76;3191,58;3658,2;65535;5850;2191,8;0;0;0;
1871;1047,16;9549,6;3192,75;3602,4;65535;5855,1;2252,7;0;0;0;
1872;1047,29;9548,43;3193,91;3729,1;65535;5983,5;2254,4;0;0;0;
1873;1047,42;9547,27;3195,08;3796,6;65535;5975,6;2179;0;0;0;
1874;1047,55;9546,1;3196,24;3621,2;65535;5867;2245,8;0;0;0;
1875;1047,68;9544,94;3197,4;3612,1;65535;5794,9;2182,8;0;0;0;
1876;1047,8;9543,78;3198,57;3669,9;65535;5863,4;2193,5;0;0;0;
1877;1047,93;9542,62;3199,73;3660,6;65535;5848,5;2187,9;0;0;0;
1878;1048,06;9541,45;3200,89;4031;65535;6233,5;2202,5;0;0;0;
1879;1048,19;9540,29;3202,05;3567,7;65535;5723,2;2155,5;0;0;0;
1880;1048,31;9539,13;3203,21;3718,9;65535;5870,5;2151,6;0;0;0;
1881;1048,44;9537,97;3204,37;3677,1;65535;5809,5;2132,4;0;0;0;
1882;1048,57;9536,81;3205,53;3755,2;65535;5864,9;2109,7;0;0;0;
1883;1048,7;9535,65;3206,69;3696,4;65535;5803,1;2106,7;0;0;0;
1884;1048,82;9534,49;3207,85;3830,6;65535;5916,2;2085,6;0;0;0;
1885;1048,95;9533,33;3209,01;3779,1;65535;5885,4;2106,3;0;0;0;
1886;1049,08;9532,17;3210,17;3611,8;65535;5715,4;2103,6;0;0;0;
1887;1049,21;9531,02;3211,33;3763,6;65535;5829,3;2065,7;0;0;0;
1888;1049,33;9529,86;3212,48;3886,9;65535;5971,1;2084,2;0;0;0;
1889;1049,46;9528,7;3213,64;3576,3;65535;5633,6;2057,3;0;0;0;
1890;1049,59;9527,54;3214,8;3733;65535;5771,5;2038,5;0;0;0;
1891;1049,72;9526,39;3215,95;3690,5;65535;5734,5;2044;0;0;0;
1892;1049,84;9525,23;3217,11;3668,8;65535;5703,3;2034,5;0;0;0;
1893;1049,97;9524,08;3218,27;3717,5;65535;5748,2;2030,7;0;0;0;
1894;1050,1;9522,92;3219,42;3725;65535;5742;2017;0;0;0;
1895;1050,23;9521,77;3220,58;3562,3;65535;5558,2;1995,9;0;0;0;
1896;1050,35;9520,61;3221,73;3660,7;65535;5660,6;1999,9;0;0;0;
1897;1050,48;9519,46;3222,88;4496,7;65535;6499,7;2003;0;0;0;
1898;1050,61;9518,31;3224,04;3685,7;65535;5674,8;1989,1;0;0;0;
1899;1050,73;9517,16;3225,19;3634,7;65535;5589,4;1954,7;0;0;0;
1900;1050,86;9516;3226,34;3637,1;65535;5601,7;1964,6;0;0;0;
1901;1050,99;9514,85;3227,49;3579;65535;5515,6;1936,6;0;0;0;
1902;1051,12;9513,7;3228,64;3734,5;65535;5669,1;1934,6;0;0;0;
1903;1051,24;9512,55;3229,79;3742,2;65535;5662,6;1920,4;0;0;0;
1904;1051,37;9511,4;3230,94;3650,8;65535;5538,6;1887,8;0;0;0;
1905;1051,5;9510,25;3232,09;4023;65535;5951;1928;0;0;0;
1906;1051,62;9509,1;3233,24;3642,8;65535;5525,6;1882,8;0;0;0;
1907;1051,75;9507,95;3234,39;3961,6;65535;5852,5;1890,9;0;0;0;
1908;1051,88;9506,8;3235,54;3812,8;65535;5688,8;1876;0;0;0;
1909;1052,01;9505,65;3236,69;3697,8;65535;5553,8;1856;0;0;0;
1910;1052,13;9504,51;3237,84;3547,5;65535;5396,1;1848,6;0;0;0;
1911;1052,26;9503,36;3238,99;3614,5;65535;5428,9;1814,4;0;0;0;
1912;1052,39;9502,21;3240,13;3542,8;65535;5325;1782,2;0;0;0;
1913;1052,51;9501,06;3241,28;3819,6;65535;5559,9;1740,3;0;0;0;
1914;1052,64;9499,92;3242,43;3639;65535;5366,6;1727,6;0;0;0;
1915;1052,77;9498,77;3243,57;3715;65535;5420,5;1705,5;0;0;0;
1916;1052,89;9497,63;3244,72;3670,3;65535;5348,8;1678,5;0;0;0;
1917;1053,02;9496,48;3245,86;3770,2;65535;5426,5;1656,3;0;0;0;
1918;1053,15;9495,34;3247;3723,2;65535;5354,9;1631,7;0;0;0;
1919;1053,28;9494,19;3248,15;5386,1;65535;5990,9;604,8;0;0;0;
1920;1053,4;9493,05;3249,29;3625,1;65535;5203,2;1578,1;0;0;0;
1921;1053,53;9491,91;3250,44;3615,1;65535;5137,6;1522,5;0;0;0;
1922;1053,66;9490,77;3251,58;3851,3;65535;5367,8;1516,5;0;0;0;
1923;1053,78;9489,62;3252,72;3660,9;65535;5119,2;1458,3;0;0;0;
1924;1053,91;9488,48;3253,86;3760,6;65535;5177,1;1416,5;0;0;0;
1925;1054,04;9487,34;3255;3614,1;65535;5001,7;1387,6;0;0;0;
1926;1054,16;9486,2;3256,14;3662,2;65535;5016,2;1354;0;0;0;
1927;1054,29;9485,06;3257,28;3797,7;65535;5121;1323,3;0;0;0;
1928;1054,42;9483,92;3258,42;3611,8;65535;4881,1;1269,3;0;0;0;
1929;1054,54;9482,78;3259,56;3885,8;65535;5128,5;1242,7;0;0;0;
1930;1054,67;9481,64;3260,7;3601,4;65535;4830,2;1228,8;0;0;0;
1931;1054,8;9480,5;3261,84;3809,3;65535;4993,5;1184,2;0;0;0;
1932;1054,92;9479,36;3262,98;3691,7;65535;4860,6;1168,9;0;0;0;
1933;1055,05;9478,23;3264,12;3792;65535;4922;1130;0;0;0;
1934;1055,18;9477,09;3265,25;3931,6;65535;5068,4;1136,8;0;0;0;
1935;1055,3;9475,95;3266,39;4086,8;65535;5148,2;1061,4;0;0;0;
1936;1055,43;9474,82;3267,53;3996,8;65535;5026,1;1029,3;0;0;0;
1937;1055,56;9473,68;3268,66;3732,9;65535;4725,8;992,9;0;0;0;
1938;1055,68;9472,54;3269,8;3785,5;65535;4752,6;967,1;0;0;0;
1939;1055,81;9471,41;3270,93;3838,1;65535;4791,6;953,5;0;0;0;
1940;1055,94;9470,27;3272,07;3741;65535;4693;952;0;0;0;
1941;1056,06;9469,14;3273,2;3765,4;65535;4697,7;932,3;0;0;0;
1942;1056,19;9468,01;3274,34;3694,1;65535;4601;906,9;0;0;0;
1943;1056,31;9466,87;3275,47;3618,9;65535;4489,6;870,7;0;0;0;
1944;1056,44;9465,74;3276,6;3737,2;65535;4623,6;886,4;0;0;0;
1945;1056,57;9464,61;3277,74;3743,1;65535;4624,4;881,3;0;0;0;
1946;1056,69;9463,48;3278,87;4000,2;65535;4839,9;839,7;0;0;0;
1947;1056,82;9462,34;3280;3748,2;65535;4576,9;828,7;0;0;0;
1948;1056,95;9461,21;3281,13;3949,6;65535;4779,3;829,7;0;0;0;
1949;1057,07;9460,08;3282,26;3989,9;65535;4806,3;816,4;0;0;0;
1950;1057,2;9458,95;3283,39;3611,5;65535;4424,9;813,4;0;0;0;
1951;1057,33;9457,82;3284,52;3615,4;65535;4422,8;807,4;0;0;0;
1952;1057,45;9456,69;3285,65;4306,6;65535;5104,3;797,7;0;0;0;
1953;1057,58;9455,56;3286,78;6033,3;65535;6906,1;872,8;0;0;0;
1954;1057,7;9454,43;3287,91;3611,5;65535;4400,7;789,2;0;0;0;
1955;1057,83;9453,31;3289,04;3679,7;65535;4472,1;792,4;0;0;0;
1956;1057,96;9452,18;3290,16;3606,8;65535;4356;749,2;0;0;0;
1957;1058,08;9451,05;3291,29;3666,9;65535;4427,2;760,3;0;0;0;
1958;1058,21;9449,92;3292,42;3638,4;65535;4384,4;746;0;0;0;
1959;1058,34;9448,8;3293,55;3699,8;65535;4466,9;767,1;0;0;0;
1960;1058,46;9447,67;3294,67;3650,5;65535;4387,7;737,2;0;0;0;
1961;1058,59;9446,55;3295,8;3670,7;65535;4409,9;739,2;0;0;0;
1962;1058,71;9445,42;3296,92;3676;65535;4414,3;738,3;0;0;0;
1963;1058,84;9444,3;3298,05;3629,7;65535;4369,9;740,2;0;0;0;
1964;1058,97;9443,17;3299,17;3798,4;65535;4542,5;744,1;0;0;0;
1965;1059,09;9442,05;3300,29;3688,9;65535;4424,8;735,9;0;0;0;
1966;1059,22;9440,93;3301,42;3743,4;65535;4485,4;742;0;0;0;
1967;1059,34;9439,8;3302,54;3701,2;65535;4437,2;736;0;0;0;
1968;1059,47;9438,68;3303,66;3927,7;65535;4666,2;738,5;0;0;0;
1969;1059,6;9437,56;3304,79;3736,2;65535;4471,6;735,4;0;0;0;
1970;1059,72;9436,44;3305,91;3623,8;65535;4361,5;737,7;0;0;0;
1971;1059,85;9435,31;3307,03;3782,4;65535;4513,9;731,5;0;0;0;
1972;1059,97;9434,19;3308,15;3678,6;65535;4385,3;706,7;0;0;0;
1973;1060,1;9433,07;3309,27;3910;65535;4637,6;727,6;0;0;0;
1974;1060,23;9431,95;3310,39;3702,3;65535;4426,9;724,6;0;0;0;
1975;1060,35;9430,83;3311,51;3636,5;65535;4363,6;727,1;0;0;0;
1976;1060,48;9429,71;3312,63;3554,9;65535;4265,2;710,3;0;0;0;
1977;1060,6;9428,6;3313,75;3717,7;65535;4431,4;713,7;0;0;0;
1978;1060,73;9427,48;3314,87;3746,1;65535;4437,7;691,6;0;0;0;
1979;1060,85;9426,36;3315,98;3560;65535;4250,1;690,1;0;0;0;
1980;1060,98;9425,24;3317,1;3644;65535;4328,5;684,5;0;0;0;
1981;1061,11;9424,13;3318,22;3929,9;65535;4644,7;714,8;0;0;0;
1982;1061,23;9423,01;3319,33;3740,5;65535;4444,5;704;0;0;0;
1983;1061,36;9421,89;3320,45;3623,7;65535;4318,8;695,1;0;0;0;
1984;1061,48;9420,78;3321,57;3885,3;65535;4595,1;709,8;0;0;0;
1985;1061,61;9419,66;3322,68;3603,2;65535;4305,9;702,7;0;0;0;
1986;1061,73;9418,55;3323,8;3648,8;65535;4350,2;701,4;0;0;0;
1987;1061,86;9417,43;3324,91;3639,1;65535;4328,8;689,7;0;0;0;
1988;1061,99;9416,32;3326,03;3703,7;65535;4384,3;680,6;0;0;0;
1989;1062,11;9415,2;3327,14;3791,1;65535;4480,5;689,4;0;0;0;
1990;1062,24;9414,09;3328,25;3648,8;65535;4322,9;674,1;0;0;0;
1991;1062,36;9412,98;3329,36;3775,3;65535;4453,6;678,3;0;0;0;
1992;1062,49;9411,87;3330,48;3713,4;65535;4385,9;672,5;0;0;0;
1993;1062,61;9410,75;3331,59;4805,8;65535;5742,6;936,8;0;0;0;
1994;1062,74;9409,64;3332,7;3740,1;65535;4415,7;675,6;0;0;0;
1995;1062,87;9408,53;3333,81;3699,4;65535;4372,5;673,1;0;0;0;
1996;1062,99;9407,42;3334,92;3623,5;65535;4283,2;659,7;0;0;0;
1997;1063,12;9406,31;3336,03;3646,1;65535;4314,5;668,4;0;0;0;
1998;1063,24;9405,2;3337,14;3632,3;65535;4283,8;651,5;0;0;0;
1999;1063,37;9404,09;3338,25;3571,2;65535;4215,3;644,1;0;0;0;
2000;1063,49;9402,98;3339,36;3602,3;65535;4243,8;641,5;0;0;0;
2001;1063,62;9401,87;3340,47;3711,6;65535;4359,1;647,5;0;0;0;
2002;1063,74;9400,77;3341,58;3812,7;65535;4457,6;644,9;0;0;0;
2003;1063,87;9399,66;3342,68;3907,5;65535;4537,7;630,2;0;0;0;
2004;1063,99;9398,55;3343,79;3634,5;65535;4250,3;615,8;0;0;0;
2005;1064,12;9397,45;3344,9;3642,6;65535;4256,5;613,9;0;0;0;
2006;1064,24;9396,34;3346;3694,7;65535;4302,9;608,2;0;0;0;
2007;1064,37;9395,23;3347,11;3653,6;65535;4244,1;590,5;0;0;0;
2008;1064,49;9394,13;3348,22;3657,5;65535;4276,7;619,2;0;0;0;
2009;1064,62;9393,02;3349,32;3795,6;65535;4389,4;593,8;0;0;0;
2010;1064,75;9391,92;3350,43;3536,8;65535;4118,9;582,1;0;0;0;
2011;1064,87;9390,81;3351,53;3903,5;65535;4483,3;579,8;0;0;0;
2012;;;;3678,8;65535;4253,2;574,4;0;0;0;
2013;;;;3724,9;65535;4288,7;563,8;0;0;0;
2014;;;;3594,6;65535;4154;559,4;0;0;0;
2015;;;;3754,6;65535;4330,2;575,6;0;0;0;
2016;;;;3759,4;65535;4297;537,6;0;0;0;
2017;;;;3740,1;65535;4287,8;547,7;0;0;0;
2018;;;;4064,5;65535;4618,9;554,4;0;0;0;
2019;;;;3697,4;65535;4234,8;537,4;0;0;0;
2020;;;;3628,5;65535;4155,9;527,4;0;0;0;
2021;;;;3653,1;65535;4190,6;537,5;0;0;0;
2022;;;;3922,8;65535;4450;527,2;0;0;0;
2023;;;;3684;65535;4184,5;500,5;0;0;0;
2024;;;;3984;65535;4508,3;524,3;0;0;0;
2025;;;;3714,9;65535;4207,6;492,7;0;0;0;
2026;;;;3742,2;65535;4228,4;486,2;0;0;0;
2027;;;;3589,2;65535;4051,2;462;0;0;0;
2028;;;;3627,1;65535;4084,4;457,3;0;0;0;
2029;;;;3642,1;65535;4100,5;458,4;0;0;0;
2030;;;;3814,5;65535;4270,4;455,9;0;0;0;
2031;;;;3667,5;65535;4124;456,5;0;0;0;
2032;;;;3740,3;65535;4172,3;432;0;0;0;
2033;;;;3645,2;65535;4076,3;431,1;0;0;0;
2034;;;;3605,7;65535;4033,5;427,8;0;0;0;
2035;;;;3609,7;65535;4034,5;424,8;0;0;0;
2036;;;;3672,8;65535;4091,4;418,6;0;0;0;
2037;;;;3721,6;65535;4154,5;432,9;0;0;0;
2038;;;;3661,6;65535;4101,9;440,3;0;0;0;
2039;;;;3648,3;65535;4058,7;410,4;0;0;0;
2040;;;;3631,6;65535;4059,9;428,3;0;0;0;
2041;;;;3521,1;65535;3950;428,9;0;0;0;
2042;;;;3643,5;65535;4048,5;405;0;0;0;
2043;;;;2930,2;65535;2952,8;22,6;0;0;0;
2044;;;;2924,3;65535;2962,4;38,1;0;0;0;
2045;;;;2969,2;65535;2997,9;28,7;0;0;0;
2046;;;;3189,9;65535;3225,6;35,7;0;0;0;
2047;;;;3546,3;65535;3674,7;128,4;0;0;0;
