Pixel;Wavelength;Wavenumber;Raman Shift;Dark;Reference;Raw data #1;Dark Subtracted #1;%TR #1;Absorbance #1;Irradiance (W/cm^2/nm) #1;
0;--;--;--;3554,8;65535;3665;110,2;0;0;0;
1;--;--;--;3493,8;65535;3632,6;138,8;0;0;0;
2;--;--;--;3945,2;65535;4109,4;164,2;0;0;0;
3;--;--;--;3536,8;65535;3691,9;155,1;0;0;0;
4;--;--;--;3864,2;65535;4056,6;192,4;0;0;0;
5;--;--;--;3597,1;65535;3838,4;241,3;0;0;0;
6;--;--;--;3598,4;65535;3962,2;363,8;0;0;0;
7;--;--;--;3550,8;65535;4094,4;543,6;0;0;0;
8;--;--;--;3592;65535;4597,6;1005,6;0;0;0;
9;--;--;--;3602;65535;5955,7;2353,7;0;0;0;
10;--;--;--;3665;65535;7099,4;3434,4;0;0;0;
11;--;--;--;4009,9;65535;5660,5;1650,6;0;0;0;
12;--;--;--;3608,3;65535;3896,9;288,6;0;0;0;
13;--;--;--;3573;65535;3743;170;0;0;0;
14;--;--;--;3681;65535;3859,9;178,9;0;0;0;
15;--;--;--;3615,3;65535;3756,4;141,1;0;0;0;
16;--;--;--;3690,4;65535;3845,2;154,8;0;0;0;
17;--;--;--;3563,1;65535;3710,6;147,5;0;0;0;
18;--;--;--;4230,2;65535;4389,5;159,3;0;0;0;
19;--;--;--;3557,6;65535;3704,1;146,5;0;0;0;
20;--;--;--;3626,6;65535;3768,8;142,2;0;0;0;
21;--;--;--;3658,2;65535;3829,3;171,1;0;0;0;
22;--;--;--;3604,1;65535;3788,1;184;0;0;0;
23;--;--;--;3635,7;65535;3823,1;187,4;0;0;0;
24;--;--;--;3586,4;65535;3790,6;204,2;0;0;0;
25;--;--;--;3618,3;65535;3843,6;225,3;0;0;0;
26;--;--;--;3767,3;65535;4019,1;251,8;0;0;0;
27;--;--;--;3567,8;65535;3872,9;305,1;0;0;0;
28;--;--;--;3609,4;65535;3999,7;390,3;0;0;0;
29;--;--;--;3783,2;65535;4404,1;620,9;0;0;0;
30;--;--;--;3649,9;65535;4744;1094,1;0;0;0;
31;--;--;--;3635;65535;5663,3;2028,3;0;0;0;
32;--;--;--;3657,9;65535;7392,8;3734,9;0;0;0;
33;--;--;--;3657,8;65535;9811,9;6154,1;0;0;0;
34;--;--;--;3578;65535;12892,8;9314,8;0;0;0;
35;--;--;--;3640,4;65535;15136,4;11496;0;0;0;
36;--;--;--;3573,4;65535;15202,7;11629,3;0;0;0;
37;--;--;--;3552,3;65535;15236,7;11684,4;0;0;0;
38;--;--;--;3529,5;65535;15990,8;12461,3;0;0;0;
39;--;--;--;3524,3;65535;16761,5;13237,2;0;0;0;
40;--;--;--;3609,1;65535;17415,9;13806,8;0;0;0;
41;--;--;--;3699,4;65535;18122,3;14422,9;0;0;0;
42;--;--;--;3625,4;65535;18793,1;15167,7;0;0;0;
43;--;--;--;3948,8;65535;20088,5;16139,7;0;0;0;
44;--;--;--;3656,3;65535;21049,3;17393;0;0;0;
45;--;--;--;3590,9;65535;22455,1;18864,2;0;0;0;
46;--;--;--;3732,5;65535;22859,6;19127,1;0;0;0;
47;--;--;--;3823,9;65535;22207,3;18383,4;0;0;0;
48;--;--;--;3713,3;65535;21743,8;18030,5;0;0;0;
49;--;--;--;3702,9;65535;22347,7;18644,8;0;0;0;
50;--;--;--;3682,1;65535;23742,5;20060,4;0;0;0;
51;--;--;--;3802,5;65535;25478,1;21675,6;0;0;0;
52;--;--;--;3651,4;65535;26385,8;22734,4;0;0;0;
53;--;--;--;3654,6;65535;25979,1;22324,5;0;0;0;
54;--;--;--;3566,9;65535;24653,4;21086,5;0;0;0;
55;--;--;--;3723;65535;23217,8;19494,8;0;0;0;
56;--;--;--;3826,2;65535;22010,2;18184;0;0;0;
57;--;--;--;3713,5;65535;20546,3;16832,8;0;0;0;
58;--;--;--;3588,2;65535;19149,8;15561,6;0;0;0;
59;--;--;--;3800,2;65535;18315,3;14515,1;0;0;0;
60;--;--;--;3851;65535;17495,4;13644,4;0;0;0;
61;--;--;--;3994,7;65535;17067;13072,3;0;0;0;
62;--;--;--;3641,3;65535;16219,5;12578,2;0;0;0;
63;--;--;--;3608,4;65535;15865,3;12256,9;0;0;0;
64;--;--;--;3793,1;65535;15708,3;11915,2;0;0;0;
65;--;--;--;3580,4;65535;15204,3;11623,9;0;0;0;
66;--;--;--;3913,9;65535;15530,4;11616,5;0;0;0;
67;--;--;--;3589,9;65535;15347,7;11757,8;0;0;0;
68;--;--;--;3530,6;65535;15486,8;11956,2;0;0;0;
69;--;--;--;3708,6;65535;15793,4;12084,8;0;0;0;
70;--;--;--;4400,5;65535;16382,9;11982,4;0;0;0;
71;--;--;--;3516,6;65535;15164,1;11647,5;0;0;0;
72;--;--;--;3514,2;65535;14997,9;11483,7;0;0;0;
73;794,03;12593,93;148,42;3708,7;65535;15225,9;11517,2;0;0;0;
74;794,18;12591,53;150,81;3535,5;65535;15261;11725,5;0;0;0;
75;794,34;12589,14;153,2;3529,9;65535;15077,8;11547,9;0;0;0;
76;794,49;12586,75;155,59;3618,7;65535;14860,8;11242,1;0;0;0;
77;794,64;12584,36;157,98;4898,8;65535;15794,8;10896;0;0;0;
78;794,79;12581,97;160,37;3810,7;65535;14558,8;10748,1;0;0;0;
79;794,94;12579,58;162,76;3700,4;65535;14459;10758,6;0;0;0;
80;795,09;12577,2;165,15;3873;65535;14597,4;10724,4;0;0;0;
81;795,24;12574,81;167,53;3830,9;65535;14557,7;10726,8;0;0;0;
82;795,39;12572,43;169,92;3638,6;65535;14335;10696,4;0;0;0;
83;795,54;12570,04;172,3;3615,7;65535;14411,7;10796;0;0;0;
84;795,69;12567,66;174,68;3775,8;65535;14747,5;10971,7;0;0;0;
85;795,84;12565,28;177,06;3981,6;65535;15175,3;11193,7;0;0;0;
86;795,99;12562,9;179,44;4207;65535;15763,7;11556,7;0;0;0;
87;796,15;12560,52;181,82;3642;65535;15456,5;11814,5;0;0;0;
88;796,3;12558,14;184,2;3713,5;65535;15977,8;12264,3;0;0;0;
89;796,45;12555,76;186,58;3645,1;65535;16214;12568,9;0;0;0;
90;796,6;12553,39;188,96;3738,7;65535;16476,6;12737,9;0;0;0;
91;796,75;12551,01;191,33;3763,5;65535;16599,2;12835,7;0;0;0;
92;796,9;12548,64;193,71;3566,9;65535;16551,2;12984,3;0;0;0;
93;797,05;12546,26;196,08;3631,4;65535;16605,4;12974;0;0;0;
94;797,2;12543,89;198,45;3702,8;65535;16769,2;13066,4;0;0;0;
95;797,35;12541,52;200,82;3606,1;65535;16549,7;12943,6;0;0;0;
96;797,5;12539,15;203,19;3559,5;65535;16438,3;12878,8;0;0;0;
97;797,65;12536,78;205,56;3859,8;65535;16922,5;13062,7;0;0;0;
98;797,8;12534,41;207,93;3752,2;65535;17058,3;13306,1;0;0;0;
99;797,95;12532,05;210,3;3628,6;65535;17289,4;13660,8;0;0;0;
100;798,1;12529,68;212,66;3649,8;65535;17855,7;14205,9;0;0;0;
101;798,26;12527,32;215,03;3725,5;65535;18733,2;15007,7;0;0;0;
102;798,41;12524,95;217,39;3532,3;65535;19589,5;16057,2;0;0;0;
103;798,56;12522,59;219,75;4715;65535;22177,1;17462,1;0;0;0;
104;798,71;12520,23;222,12;3567,8;65535;22786,1;19218,3;0;0;0;
105;798,86;12517,87;224,48;3516,6;65535;24997,5;21480,9;0;0;0;
106;799,01;12515,51;226,84;3877,6;65535;28198,9;24321,3;0;0;0;
107;799,16;12513,15;229,2;3619,9;65535;31595;27975,1;0;0;0;
108;799,31;12510,79;231,55;3573,6;65535;37335,7;33762,1;0;0;0;
109;799,46;12508,43;233,91;3645,5;65535;43690,6;40045,1;0;0;0;
110;799,61;12506,08;236,27;3620,8;65535;54207,8;50587;0;0;0;
111;799,76;12503,72;238,62;3569,7;65535;65535;61965,3;0;0;0;
112;799,91;12501,37;240,98;3607;65535;65535;61928;0;0;0;
113;800,06;12499,01;243,33;3638,7;65535;65535;61896,3;0;0;0;
114;800,21;12496,66;245,68;3692,8;65535;65535;61842,2;0;0;0;
115;800,36;12494,31;248,03;3522,6;65535;65535;62012,4;0;0;0;
116;800,51;12491,96;250,38;3638,6;65535;65535;61896,4;0;0;0;
117;800,67;12489,61;252,73;3536;65535;65535;61999;0;0;0;
118;800,82;12487,26;255,08;3594,3;65535;65535;61940,7;0;0;0;
119;800,97;12484,92;257,43;3677,3;65535;65535;61857,7;0;0;0;
120;801,12;12482,57;259,77;3652,2;65535;51794,3;48142,1;0;0;0;
121;801,27;12480,23;262,12;3520,6;65535;40756,5;37235,9;0;0;0;
122;801,42;12477,88;264,46;3677,8;65535;35184,3;31506,5;0;0;0;
123;801,57;12475,54;266,8;3638,9;65535;32496,3;28857,4;0;0;0;
124;801,72;12473,2;269,14;3702,2;65535;31603,5;27901,3;0;0;0;
125;801,87;12470,86;271,48;3680,4;65535;32343,4;28663;0;0;0;
126;802,02;12468,52;273,82;3520,1;65535;34390,2;30870,1;0;0;0;
127;802,17;12466,18;276,16;3683,6;65535;37246,3;33562,7;0;0;0;
128;802,32;12463,84;278,5;3597,6;65535;38851,1;35253,5;0;0;0;
129;802,47;12461,51;280,84;3686,3;65535;38536,3;34850;0;0;0;
130;802,62;12459,17;283,17;4346,8;65535;37615,7;33268,9;0;0;0;
131;802,77;12456,84;285,51;3663,6;65535;34691,3;31027,7;0;0;0;
132;802,92;12454,5;287,84;3919,3;65535;31633,2;27713,9;0;0;0;
133;803,07;12452,17;290,17;3622,7;65535;27530,8;23908,1;0;0;0;
134;803,22;12449,84;292,51;4120,7;65535;25394,8;21274,1;0;0;0;
135;803,37;12447,51;294,84;3612,5;65535;23550,9;19938,4;0;0;0;
136;803,52;12445,18;297,17;3665,4;65535;23028,8;19363,4;0;0;0;
137;803,67;12442,85;299,5;3619,4;65535;22659,8;19040,4;0;0;0;
138;803,82;12440,52;301,82;3634;65535;22443,7;18809,7;0;0;0;
139;803,98;12438,19;304,15;3914,9;65535;22764;18849,1;0;0;0;
140;804,13;12435,87;306,48;3719,7;65535;22420;18700,3;0;0;0;
141;804,28;12433,54;308,8;3590,2;65535;21923,9;18333,7;0;0;0;
142;804,43;12431,22;311,12;3559;65535;20613,5;17054,5;0;0;0;
143;804,58;12428,9;313,45;3551,5;65535;19354,2;15802,7;0;0;0;
144;804,73;12426,58;315,77;3726,1;65535;18825,5;15099,4;0;0;0;
145;804,88;12424,25;318,09;3633,2;65535;18685,3;15052,1;0;0;0;
146;805,03;12421,93;320,41;3661,1;65535;19138,1;15477;0;0;0;
147;805,18;12419,62;322,73;3702,9;65535;20045;16342,1;0;0;0;
148;805,33;12417,3;325,05;3776,1;65535;21626,1;17850;0;0;0;
149;805,48;12414,98;327,36;3778,4;65535;24273,1;20494,7;0;0;0;
150;805,63;12412,67;329,68;3758,7;65535;28922,7;25164;0;0;0;
151;805,78;12410,35;331,99;3852,9;65535;35534,2;31681,3;0;0;0;
152;805,93;12408,04;334,31;3818,3;65535;44698,7;40880,4;0;0;0;
153;806,08;12405,72;336,62;3532,5;65535;54553,6;51021,1;0;0;0;
154;806,23;12403,41;338,93;3618,2;65535;61300,4;57682,2;0;0;0;
155;806,38;12401,1;341,24;3600,8;65535;58102,8;54502;0;0;0;
156;806,53;12398,79;343,55;3645,3;65535;48363,9;44718,6;0;0;0;
157;806,68;12396,48;345,86;3837,5;65535;41122,7;37285,2;0;0;0;
158;806,83;12394,18;348,17;3678;65535;35961,1;32283,1;0;0;0;
159;806,98;12391,87;350,47;3542,6;65535;30753,7;27211,1;0;0;0;
160;807,13;12389,56;352,78;3676,1;65535;25610,9;21934,8;0;0;0;
161;807,28;12387,26;355,09;3568,2;65535;21220,7;17652,5;0;0;0;
162;807,43;12384,95;357,39;3816,4;65535;18444,3;14627,9;0;0;0;
163;807,58;12382,65;359,69;3873,2;65535;16429,3;12556,1;0;0;0;
164;807,73;12380,35;361,99;3551,7;65535;14921,3;11369,6;0;0;0;
165;807,88;12378,05;364,29;3750,6;65535;14260,5;10509,9;0;0;0;
166;808,03;12375,75;366,59;3670,8;65535;13626;9955,2;0;0;0;
167;808,18;12373,45;368,89;3780,3;65535;13366,5;9586,2;0;0;0;
168;808,33;12371,15;371,19;3602,5;65535;12960,6;9358,1;0;0;0;
169;808,48;12368,86;373,49;3727,1;65535;12930,2;9203,1;0;0;0;
170;808,63;12366,56;375,78;3809,4;65535;12947,3;9137,9;0;0;0;
171;808,78;12364,26;378,08;3583,4;65535;12518,2;8934,8;0;0;0;
172;808,93;12361,97;380,37;3690,3;65535;12456,3;8766;0;0;0;
173;809,08;12359,68;382,67;3665,2;65535;12388,5;8723,3;0;0;0;
174;809,23;12357,39;384,96;3797,4;65535;12424,7;8627,3;0;0;0;
175;809,38;12355,09;387,25;3673;65535;12215,1;8542,1;0;0;0;
176;809,53;12352,8;389,54;3622,5;65535;12055,3;8432,8;0;0;0;
177;809,68;12350,51;391,83;3860,2;65535;12156,8;8296,6;0;0;0;
178;809,83;12348,23;394,12;3824,1;65535;12001,2;8177,1;0;0;0;
179;809,98;12345,94;396,4;3923,1;65535;12045,1;8122;0;0;0;
180;810,13;12343,65;398,69;3688;65535;11700,7;8012,7;0;0;0;
181;810,28;12341,37;400,98;3676,4;65535;11607,5;7931,1;0;0;0;
182;810,43;12339,08;403,26;3693,5;65535;11555,9;7862,4;0;0;0;
183;810,58;12336,8;405,54;3783,4;65535;11598,6;7815,2;0;0;0;
184;810,73;12334,52;407,83;6599,2;65535;14474;7874,8;0;0;0;
185;810,88;12332,24;410,11;3675,8;65535;11401,2;7725,4;0;0;0;
186;811,03;12329,96;412,39;3562,6;65535;11321,4;7758,8;0;0;0;
187;811,18;12327,68;414,67;3582;65535;11372,9;7790,9;0;0;0;
188;811,33;12325,4;416,94;3727,7;65535;11460,3;7732,6;0;0;0;
189;811,48;12323,12;419,22;3608,8;65535;11343,4;7734,6;0;0;0;
190;811,63;12320,85;421,5;3727,2;65535;11429,4;7702,2;0;0;0;
191;811,78;12318,57;423,77;3838,3;65535;11548,8;7710,5;0;0;0;
192;811,93;12316,3;426,05;3757,1;65535;11480,9;7723,8;0;0;0;
193;812,08;12314,02;428,32;3878,3;65535;11593,8;7715,5;0;0;0;
194;812,23;12311,75;430,59;3623,5;65535;11315,3;7691,8;0;0;0;
195;812,38;12309,48;432,87;3674,5;65535;11307,9;7633,4;0;0;0;
196;812,53;12307,21;435,14;3698,6;65535;11315,7;7617,1;0;0;0;
197;812,68;12304,94;437,41;3604,1;65535;11206,7;7602,6;0;0;0;
198;812,83;12302,67;439,67;3712,8;65535;11282;7569,2;0;0;0;
199;812,98;12300,4;441,94;3653,1;65535;11199,4;7546,3;0;0;0;
200;813,13;12298,13;444,21;3672,9;65535;11209,4;7536,5;0;0;0;
201;813,28;12295,87;446,47;3588,6;65535;11073,2;7484,6;0;0;0;
202;813,43;12293,6;448,74;3607,4;65535;11059,6;7452,2;0;0;0;
203;813,58;12291,34;451;4046,4;65535;11600,1;7553,7;0;0;0;
204;813,73;12289,08;453,27;3708;65535;11317;7609;0;0;0;
205;813,88;12286,82;455,53;3825,9;65535;11491,3;7665,4;0;0;0;
206;814,03;12284,55;457,79;3674,4;65535;11397,9;7723,5;0;0;0;
207;814,18;12282,29;460,05;3554,4;65535;11327,2;7772,8;0;0;0;
208;814,33;12280,04;462,31;3545,5;65535;11383,2;7837,7;0;0;0;
209;814,48;12277,78;464,57;3575,4;65535;11460,7;7885,3;0;0;0;
210;814,63;12275,52;466,82;3621;65535;11507,2;7886,2;0;0;0;
211;814,78;12273,26;469,08;3558,4;65535;11476,1;7917,7;0;0;0;
212;814,93;12271,01;471,33;3766,6;65535;11709,8;7943,2;0;0;0;
213;815,08;12268,75;473,59;3601,5;65535;11520,2;7918,7;0;0;0;
214;815,23;12266,5;475,84;3714,7;65535;11634,5;7919,8;0;0;0;
215;815,38;12264,25;478,09;3615;65535;11508,4;7893,4;0;0;0;
216;815,53;12262;480,35;3731,2;65535;11668,1;7936,9;0;0;0;
217;815,68;12259,75;482,6;3783,9;65535;11686,3;7902,4;0;0;0;
218;815,83;12257,5;484,85;3843,9;65535;11773,6;7929,7;0;0;0;
219;815,98;12255,25;487,09;3715,4;65535;11688,7;7973,3;0;0;0;
220;816,13;12253;489,34;3622,3;65535;11604,7;7982,4;0;0;0;
221;816,28;12250,76;491,59;3644,9;65535;11565,3;7920,4;0;0;0;
222;816,43;12248,51;493,83;3603;65535;11545,8;7942,8;0;0;0;
223;816,58;12246,27;496,08;3683,5;65535;11640,7;7957,2;0;0;0;
224;816,73;12244,02;498,32;3668,3;65535;11538,5;7870,2;0;0;0;
225;816,87;12241,78;500,56;3564,3;65535;11483,7;7919,4;0;0;0;
226;817,02;12239,54;502,81;3761;65535;11563,1;7802,1;0;0;0;
227;817,17;12237,3;505,05;3669,7;65535;11499,4;7829,7;0;0;0;
228;817,32;12235,06;507,29;3753,4;65535;11571,3;7817,9;0;0;0;
229;817,47;12232,82;509,53;3729;65535;11537,9;7808,9;0;0;0;
230;817,62;12230,58;511,76;3669,9;65535;11425,3;7755,4;0;0;0;
231;817,77;12228,34;514;3700,6;65535;11417;7716,4;0;0;0;
232;817,92;12226,11;516,24;3751,2;65535;11472,3;7721,1;0;0;0;
233;818,07;12223,87;518,47;3865,6;65535;11622,2;7756,6;0;0;0;
234;818,22;12221,64;520,71;3576,2;65535;11293;7716,8;0;0;0;
235;818,37;12219,4;522,94;4224,4;65535;11847,9;7623,5;0;0;0;
236;818,52;12217,17;525,17;3574,1;65535;11255,3;7681,2;0;0;0;
237;818,67;12214,94;527,4;3697,5;65535;11457,2;7759,7;0;0;0;
238;818,82;12212,71;529,63;3562,5;65535;11336,5;7774;0;0;0;
239;818,97;12210,48;531,86;3889,1;65535;11599,2;7710,1;0;0;0;
240;819,12;12208,25;534,09;3751,7;65535;11421,9;7670,2;0;0;0;
241;819,27;12206,02;536,32;3703,3;65535;11403,4;7700,1;0;0;0;
242;819,42;12203,8;538,55;3772;65535;11477,3;7705,3;0;0;0;
243;819,57;12201,57;540,77;3806,7;65535;11522,2;7715,5;0;0;0;
244;819,72;12199,35;543;3744,3;65535;11466,7;7722,4;0;0;0;
245;819,87;12197,12;545,22;3926,1;65535;11681,1;7755;0;0;0;
246;820,01;12194,9;547,44;3805,5;65535;11556,4;7750,9;0;0;0;
247;820,16;12192,68;549,66;3650,5;65535;11377,9;7727,4;0;0;0;
248;820,31;12190,46;551,89;3574,1;65535;11263,1;7689;0;0;0;
249;820,46;12188,24;554,11;3628;65535;11296,3;7668,3;0;0;0;
250;820,61;12186,02;556,32;3730,4;65535;11437,8;7707,4;0;0;0;
251;820,76;12183,8;558,54;3656,4;65535;11387,1;7730,7;0;0;0;
252;820,91;12181,58;560,76;3795,3;65535;11530,4;7735,1;0;0;0;
253;821,06;12179,37;562,98;3689,1;65535;11397,3;7708,2;0;0;0;
254;821,21;12177,15;565,19;3667,6;65535;11397,5;7729,9;0;0;0;
255;821,36;12174,94;567,41;3686,8;65535;11408;7721,2;0;0;0;
256;821,51;12172,72;569,62;3695,8;65535;11381,1;7685,3;0;0;0;
257;821,66;12170,51;571,83;3589,5;65535;11224,4;7634,9;0;0;0;
258;821,81;12168,3;574,04;3553,1;65535;11169,3;7616,2;0;0;0;
259;821,96;12166,09;576,25;3683,4;65535;11331,4;7648;0;0;0;
260;822,11;12163,88;578,46;3868,8;65535;11493,4;7624,6;0;0;0;
261;822,26;12161,67;580,67;3709;65535;11342,4;7633,4;0;0;0;
262;822,4;12159,46;582,88;4146,2;65535;11782,7;7636,5;0;0;0;
263;822,55;12157,26;585,09;4032,9;65535;11671,2;7638,3;0;0;0;
264;822,7;12155,05;587,29;3784,6;65535;11410,3;7625,7;0;0;0;
265;822,85;12152,85;589,5;3837,7;65535;11522,8;7685,1;0;0;0;
266;823;12150,64;591,7;3518,8;65535;11221,4;7702,6;0;0;0;
267;823,15;12148,44;593,9;3565,2;65535;11266,6;7701,4;0;0;0;
268;823,3;12146,24;596,11;3588,1;65535;11300,4;7712,3;0;0;0;
269;823,45;12144,04;598,31;3714,5;65535;11422,2;7707,7;0;0;0;
270;823,6;12141,83;600,51;3555,2;65535;11284,7;7729,5;0;0;0;
271;823,75;12139,64;602,71;3647,7;65535;11418,8;7771,1;0;0;0;
272;823,9;12137,44;604,91;3631,8;65535;11423,5;7791,7;0;0;0;
273;824,05;12135,24;607,1;3672,8;65535;11489,8;7817;0;0;0;
274;824,2;12133,04;609,3;3691,8;65535;11532,4;7840,6;0;0;0;
275;824,34;12130,85;611,5;3712,8;65535;11585,9;7873,1;0;0;0;
276;824,49;12128,65;613,69;3550,3;65535;11382,6;7832,3;0;0;0;
277;824,64;12126,46;615,88;3760,3;65535;11651,2;7890,9;0;0;0;
278;824,79;12124,27;618,08;3570,7;65535;11525,4;7954,7;0;0;0;
279;824,94;12122,07;620,27;3655,5;65535;11629,2;7973,7;0;0;0;
280;825,09;12119,88;622,46;3712,6;65535;11755,3;8042,7;0;0;0;
281;825,24;12117,69;624,65;3673,8;65535;11674,5;8000,7;0;0;0;
282;825,39;12115,5;626,84;3719,8;65535;11750,4;8030,6;0;0;0;
283;825,54;12113,32;629,03;3689,4;65535;11711,8;8022,4;0;0;0;
284;825,69;12111,13;631,22;3686,5;65535;11749,5;8063;0;0;0;
285;825,84;12108,94;633,4;3669;65535;11774,8;8105,8;0;0;0;
286;825,99;12106,76;635,59;3711,6;65535;11855,4;8143,8;0;0;0;
287;826,13;12104,57;637,77;3574,3;65535;11694;8119,7;0;0;0;
288;826,28;12102,39;639,96;3524,1;65535;11601,2;8077,1;0;0;0;
289;826,43;12100,2;642,14;3531,8;65535;11755,9;8224,1;0;0;0;
290;826,58;12098,02;644,32;3619,9;65535;11811,1;8191,2;0;0;0;
291;826,73;12095,84;646,5;3636,5;65535;11766,5;8130;0;0;0;
292;826,88;12093,66;648,68;3721;65535;11872,6;8151,6;0;0;0;
293;827,03;12091,48;650,86;3558,9;65535;11732,3;8173,4;0;0;0;
294;827,18;12089,3;653,04;3684,9;65535;11913,8;8228,9;0;0;0;
295;827,33;12087,13;655,22;3748,3;65535;11936,8;8188,5;0;0;0;
296;827,48;12084,95;657,39;3742,9;65535;11995,8;8252,9;0;0;0;
297;827,62;12082,78;659,57;3531,8;65535;11756,8;8225;0;0;0;
298;827,77;12080,6;661,74;3594,1;65535;11832,5;8238,4;0;0;0;
299;827,92;12078,43;663,92;4632;65535;12801,8;8169,8;0;0;0;
300;828,07;12076,26;666,09;3665,5;65535;11915,7;8250,2;0;0;0;
301;828,22;12074,08;668,26;3627,9;65535;11839,6;8211,7;0;0;0;
302;828,37;12071,91;670,43;3858,7;65535;12069,3;8210,6;0;0;0;
303;828,52;12069,74;672,6;3534,9;65535;11763,3;8228,4;0;0;0;
304;828,67;12067,57;674,77;3574,8;65535;11765,2;8190,4;0;0;0;
305;828,82;12065,41;676,94;3823,1;65535;12026,2;8203,1;0;0;0;
306;828,96;12063,24;679,1;3718,5;65535;11865,6;8147,1;0;0;0;
307;829,11;12061,07;681,27;3601,5;65535;11706,2;8104,7;0;0;0;
308;829,26;12058,91;683,44;3654,8;65535;11693,5;8038,7;0;0;0;
309;829,41;12056,74;685,6;3596,6;65535;11588,8;7992,2;0;0;0;
310;829,56;12054,58;687,76;3699,9;65535;11674,7;7974,8;0;0;0;
311;829,71;12052,42;689,93;3724,7;65535;11694,6;7969,9;0;0;0;
312;829,86;12050,26;692,09;4099,3;65535;12034,7;7935,4;0;0;0;
313;830,01;12048,09;694,25;3714,3;65535;11617,5;7903,2;0;0;0;
314;830,16;12045,93;696,41;3731,5;65535;11595,8;7864,3;0;0;0;
315;830,3;12043,78;698,57;3594,6;65535;11464,3;7869,7;0;0;0;
316;830,45;12041,62;700,73;3701,3;65535;11537,2;7835,9;0;0;0;
317;830,6;12039,46;702,88;3597,3;65535;11393,2;7795,9;0;0;0;
318;830,75;12037,3;705,04;3586,8;65535;11393,3;7806,5;0;0;0;
319;830,9;12035,15;707,19;3715,1;65535;11541,5;7826,4;0;0;0;
320;831,05;12032,99;709,35;3719,7;65535;11623,1;7903,4;0;0;0;
321;831,2;12030,84;711,5;3639,3;65535;11448,6;7809,3;0;0;0;
322;831,35;12028,69;713,65;3691,8;65535;11341,7;7649,9;0;0;0;
323;831,49;12026,54;715,81;3933,4;65535;11570,9;7637,5;0;0;0;
324;831,64;12024,39;717,96;3742,1;65535;11355,5;7613,4;0;0;0;
325;831,79;12022,24;720,11;3763,9;65535;11326;7562,1;0;0;0;
326;831,94;12020,09;722,26;3870,9;65535;11507,4;7636,5;0;0;0;
327;832,09;12017,94;724,4;3589,4;65535;11193,9;7604,5;0;0;0;
328;832,24;12015,79;726,55;3704,9;65535;11301,7;7596,8;0;0;0;
329;832,39;12013,65;728,7;3685,5;65535;11255,1;7569,6;0;0;0;
330;832,54;12011,5;730,84;3570,2;65535;11163,2;7593;0;0;0;
331;832,68;12009,36;732,99;3685,5;65535;11312,9;7627,4;0;0;0;
332;832,83;12007,21;735,13;3698,7;65535;11346,4;7647,7;0;0;0;
333;832,98;12005,07;737,27;3980,7;65535;11624,1;7643,4;0;0;0;
334;833,13;12002,93;739,42;3735,8;65535;11379,2;7643,4;0;0;0;
335;833,28;12000,79;741,56;3626,7;65535;11221,8;7595,1;0;0;0;
336;833,43;11998,65;743,7;3934,6;65535;11593,3;7658,7;0;0;0;
337;833,58;11996,51;745,84;3699,7;65535;11320,3;7620,6;0;0;0;
338;833,72;11994,37;747,97;3728,9;65535;11342,3;7613,4;0;0;0;
339;833,87;11992,23;750,11;4178,4;65535;11808;7629,6;0;0;0;
340;834,02;11990,1;752,25;4471,9;65535;12146,8;7674,9;0;0;0;
341;834,17;11987,96;754,38;3528,5;65535;11152,8;7624,3;0;0;0;
342;834,32;11985,83;756,52;3736,2;65535;11366,9;7630,7;0;0;0;
343;834,47;11983,69;758,65;3670,5;65535;11311,2;7640,7;0;0;0;
344;834,62;11981,56;760,78;3708,1;65535;11351,1;7643;0;0;0;
345;834,76;11979,43;762,92;3691,4;65535;11407,1;7715,7;0;0;0;
346;834,91;11977,3;765,05;3910,5;65535;11692,8;7782,3;0;0;0;
347;835,06;11975,17;767,18;3778,5;65535;11662,7;7884,2;0;0;0;
348;835,21;11973,04;769,31;3619,7;65535;11425;7805,3;0;0;0;
349;835,36;11970,91;771,43;3542,4;65535;11447,9;7905,5;0;0;0;
350;835,51;11968,78;773,56;3689,2;65535;11702,2;8013;0;0;0;
351;835,66;11966,66;775,69;3706,1;65535;11807,5;8101,4;0;0;0;
352;835,8;11964,53;777,81;3673,4;65535;11847;8173,6;0;0;0;
353;835,95;11962,4;779,94;3585,9;65535;11776,2;8190,3;0;0;0;
354;836,1;11960,28;782,06;3688,2;65535;11948,7;8260,5;0;0;0;
355;836,25;11958,16;784,19;3634,1;65535;11895,1;8261;0;0;0;
356;836,4;11956,04;786,31;3594,5;65535;11887,4;8292,9;0;0;0;
357;836,55;11953,91;788,43;3704,8;65535;11996,8;8292;0;0;0;
358;836,69;11951,79;790,55;3732,8;65535;12100,9;8368,1;0;0;0;
359;836,84;11949,68;792,67;3651,4;65535;12036,6;8385,2;0;0;0;
360;836,99;11947,56;794,79;3665,8;65535;12034,4;8368,6;0;0;0;
361;837,14;11945,44;796,9;3615,4;65535;12001,8;8386,4;0;0;0;
362;837,29;11943,32;799,02;3695,1;65535;12080,2;8385,1;0;0;0;
363;837,44;11941,21;801,14;3650,4;65535;12051,9;8401,5;0;0;0;
364;837,58;11939,09;803,25;3821,4;65535;12206,8;8385,4;0;0;0;
365;837,73;11936,98;805,37;3667,9;65535;12016,7;8348,8;0;0;0;
366;837,88;11934,86;807,48;3641,3;65535;11914,6;8273,3;0;0;0;
367;838,03;11932,75;809,59;3669,4;65535;11905,9;8236,5;0;0;0;
368;838,18;11930,64;811,7;3777,1;65535;12033,3;8256,2;0;0;0;
369;838,33;11928,53;813,81;3689,5;65535;11894,9;8205,4;0;0;0;
370;838,47;11926,42;815,92;3579,8;65535;11837,1;8257,3;0;0;0;
371;838,62;11924,31;818,03;3565,4;65535;11655,1;8089,7;0;0;0;
372;838,77;11922,2;820,14;3699,9;65535;11691,4;7991,5;0;0;0;
373;838,92;11920,1;822,25;3800,8;65535;11773,7;7972,9;0;0;0;
374;839,07;11917,99;824,35;3799,6;65535;11729,4;7929,8;0;0;0;
375;839,22;11915,88;826,46;3668,9;65535;11564,2;7895,3;0;0;0;
376;839,36;11913,78;828,56;3679,2;65535;11587,5;7908,3;0;0;0;
377;839,51;11911,68;830,67;3592;65535;11471,7;7879,7;0;0;0;
378;839,66;11909,57;832,77;3691,6;65535;11574,4;7882,8;0;0;0;
379;839,81;11907,47;834,87;3702,3;65535;11560;7857,7;0;0;0;
380;839,96;11905,37;836,97;3642,8;65535;11499,9;7857,1;0;0;0;
381;840,11;11903,27;839,07;3762,2;65535;11600;7837,8;0;0;0;
382;840,25;11901,17;841,17;3524,9;65535;11357,6;7832,7;0;0;0;
383;840,4;11899,07;843,27;3613,3;65535;11473;7859,7;0;0;0;
384;840,55;11896,98;845,37;3662,1;65535;11546,3;7884,2;0;0;0;
385;840,7;11894,88;847,46;3588,3;65535;11468;7879,7;0;0;0;
386;840,85;11892,79;849,56;3748,7;65535;11611,1;7862,4;0;0;0;
387;840,99;11890,69;851,65;3919,4;65535;11836,4;7917;0;0;0;
388;841,14;11888,6;853,75;3583,1;65535;11525,4;7942,3;0;0;0;
389;841,29;11886,5;855,84;3720,1;65535;11662,5;7942,4;0;0;0;
390;841,44;11884,41;857,93;3599,9;65535;11514,8;7914,9;0;0;0;
391;841,59;11882,32;860,02;4263,9;65535;12201,7;7937,8;0;0;0;
392;841,73;11880,23;862,11;3586,3;65535;11603,7;8017,4;0;0;0;
393;841,88;11878,14;864,2;3738,7;65535;11813,3;8074,6;0;0;0;
394;842,03;11876,05;866,29;3586,8;65535;11731,9;8145,1;0;0;0;
395;842,18;11873,96;868,38;3624,4;65535;11869,7;8245,3;0;0;0;
396;842,33;11871,88;870,47;4722,7;65535;12901,7;8179;0;0;0;
397;842,47;11869,79;872,55;4299,5;65535;12567,7;8268,2;0;0;0;
398;842,62;11867,71;874,64;3673,8;65535;12013;8339,2;0;0;0;
399;842,77;11865,62;876,72;3653,1;65535;12035;8381,9;0;0;0;
400;842,92;11863,54;878,81;3596,2;65535;11923,7;8327,5;0;0;0;
401;843,07;11861,46;880,89;3723,3;65535;12110,9;8387,6;0;0;0;
402;843,21;11859,37;882,97;3706,5;65535;12114,6;8408,1;0;0;0;
403;843,36;11857,29;885,05;3699,1;65535;12114;8414,9;0;0;0;
404;843,51;11855,21;887,13;3706,8;65535;12096;8389,2;0;0;0;
405;843,66;11853,13;889,21;3845,1;65535;12239,2;8394,1;0;0;0;
406;843,81;11851,06;891,29;3545,5;65535;12055,9;8510,4;0;0;0;
407;843,95;11848,98;893,36;3630,7;65535;12206;8575,3;0;0;0;
408;844,1;11846,9;895,44;3571,9;65535;12193,9;8622;0;0;0;
409;844,25;11844,83;897,52;3638;65535;12268,8;8630,8;0;0;0;
410;844,4;11842,75;899,59;3580,9;65535;12191;8610,1;0;0;0;
411;844,55;11840,68;901,67;3660,8;65535;12299,9;8639,1;0;0;0;
412;844,69;11838,61;903,74;3700,3;65535;12347,8;8647,5;0;0;0;
413;844,84;11836,53;905,81;3612,9;65535;12280;8667,1;0;0;0;
414;844,99;11834,46;907,88;3671,8;65535;12276,7;8604,9;0;0;0;
415;845,14;11832,39;909,95;3589,4;65535;12231;8641,6;0;0;0;
416;845,29;11830,32;912,02;3535,7;65535;12144,2;8608,5;0;0;0;
417;845,43;11828,25;914,09;3596,6;65535;12168,4;8571,8;0;0;0;
418;845,58;11826,19;916,16;3584,1;65535;12133,3;8549,2;0;0;0;
419;845,73;11824,12;918,23;3793,5;65535;12339,5;8546;0;0;0;
420;845,88;11822,05;920,29;3593,1;65535;12016;8422,9;0;0;0;
421;846,02;11819,99;922,36;3644,1;65535;12041,8;8397,7;0;0;0;
422;846,17;11817,92;924,42;3571,9;65535;11995,8;8423,9;0;0;0;
423;846,32;11815,86;926,48;3499;65535;11887,6;8388,6;0;0;0;
424;846,47;11813,8;928,55;3705;65535;12089,6;8384,6;0;0;0;
425;846,62;11811,73;930,61;3826,7;65535;12238,7;8412;0;0;0;
426;846,76;11809,67;932,67;3531,4;65535;11942,2;8410,8;0;0;0;
427;846,91;11807,61;934,73;3689,2;65535;12055;8365,8;0;0;0;
428;847,06;11805,55;936,79;3585,1;65535;11919,6;8334,5;0;0;0;
429;847,21;11803,5;938,85;3644,2;65535;11941,1;8296,9;0;0;0;
430;847,35;11801,44;940,9;3726,9;65535;11969,4;8242,5;0;0;0;
431;847,5;11799,38;942,96;3695,3;65535;11955,8;8260,5;0;0;0;
432;847,65;11797,33;945,02;3773,6;65535;12022,9;8249,3;0;0;0;
433;847,8;11795,27;947,07;3528,1;65535;11771,9;8243,8;0;0;0;
434;847,95;11793,22;949,13;3645,6;65535;11902,2;8256,6;0;0;0;
435;848,09;11791,16;951,18;3602,2;65535;11838,1;8235,9;0;0;0;
436;848,24;11789,11;953,23;3644,9;65535;11903,8;8258,9;0;0;0;
437;848,39;11787,06;955,28;3561,3;65535;11813,1;8251,8;0;0;0;
438;848,54;11785,01;957,33;3747,2;65535;11989,5;8242,3;0;0;0;
439;848,68;11782,96;959,38;3559,1;65535;11814,9;8255,8;0;0;0;
440;848,83;11780,91;961,43;3648,3;65535;11897;8248,7;0;0;0;
441;848,98;11778,86;963,48;3790,2;65535;12038,3;8248,1;0;0;0;
442;849,13;11776,81;965,53;3847,5;65535;12090,1;8242,6;0;0;0;
443;849,27;11774,77;967,58;3809,9;65535;12019,7;8209,8;0;0;0;
444;849,42;11772,72;969,62;3680,9;65535;11899,4;8218,5;0;0;0;
445;849,57;11770,68;971,67;3727;65535;11954,4;8227,4;0;0;0;
446;849,72;11768,63;973,71;3733,5;65535;11983,4;8249,9;0;0;0;
447;849,86;11766,59;975,75;4177,1;65535;12394,7;8217,6;0;0;0;
448;850,01;11764,55;977,79;4062,1;65535;12308,1;8246;0;0;0;
449;850,16;11762,51;979,84;3873,9;65535;12175,9;8302;0;0;0;
450;850,31;11760,47;981,88;3839;65535;12131,4;8292,4;0;0;0;
451;850,45;11758,43;983,92;3776,6;65535;12128,3;8351,7;0;0;0;
452;850,6;11756,39;985,95;3608,9;65535;11934,8;8325,9;0;0;0;
453;850,75;11754,35;987,99;3967,1;65535;12304,9;8337,8;0;0;0;
454;850,9;11752,31;990,03;3643,5;65535;12013,1;8369,6;0;0;0;
455;851,04;11750,28;992,07;3639,3;65535;12048,9;8409,6;0;0;0;
456;851,19;11748,24;994,1;3710,2;65535;12127,8;8417,6;0;0;0;
457;851,34;11746,21;996,14;3731,1;65535;12214,4;8483,3;0;0;0;
458;851,49;11744,17;998,17;3672,9;65535;12201,1;8528,2;0;0;0;
459;851,63;11742,14;1000,2;3619,8;65535;12258,5;8638,7;0;0;0;
460;851,78;11740,11;1002,23;3646,5;65535;12361,2;8714,7;0;0;0;
461;851,93;11738,08;1004,27;3553,7;65535;12363,7;8810;0;0;0;
462;852,08;11736,05;1006,3;3648,6;65535;12535,1;8886,5;0;0;0;
463;852,22;11734,02;1008,33;3552,8;65535;12516,6;8963,8;0;0;0;
464;852,37;11731,99;1010,35;3717,6;65535;12684,9;8967,3;0;0;0;
465;852,52;11729,96;1012,38;3695,7;65535;12741,2;9045,5;0;0;0;
466;852,67;11727,93;1014,41;3697,5;65535;12745,2;9047,7;0;0;0;
467;852,81;11725,91;1016,44;3722,2;65535;12832,7;9110,5;0;0;0;
468;852,96;11723,88;1018,46;3797,8;65535;12951,6;9153,8;0;0;0;
469;853,11;11721,86;1020,49;3668,9;65535;12780;9111,1;0;0;0;
470;853,25;11719,83;1022,51;3691,2;65535;12735,8;9044,6;0;0;0;
471;853,4;11717,81;1024,53;3719,8;65535;12821,5;9101,7;0;0;0;
472;853,55;11715,79;1026,55;3693,6;65535;12816,8;9123,2;0;0;0;
473;853,7;11713,77;1028,58;3651,1;65535;12795,3;9144,2;0;0;0;
474;853,84;11711,75;1030,6;3665,6;65535;12779,8;9114,2;0;0;0;
475;853,99;11709,73;1032,61;3644;65535;12799,7;9155,7;0;0;0;
476;854,14;11707,71;1034,63;3697,1;65535;12818,4;9121,3;0;0;0;
477;854,29;11705,69;1036,65;3588,6;65535;12712,5;9123,9;0;0;0;
478;854,43;11703,68;1038,67;3635,9;65535;12828,2;9192,3;0;0;0;
479;854,58;11701,66;1040,68;3642,4;65535;12834,6;9192,2;0;0;0;
480;854,73;11699,64;1042,7;3703,6;65535;12908,8;9205,2;0;0;0;
481;854,87;11697,63;1044,71;3588,8;65535;12819,9;9231,1;0;0;0;
482;855,02;11695,62;1046,73;3875,8;65535;13075,4;9199,6;0;0;0;
483;855,17;11693,6;1048,74;3599,8;65535;12828,8;9229;0;0;0;
484;855,32;11691,59;1050,75;3638,7;65535;12926;9287,3;0;0;0;
485;855,46;11689,58;1052,76;3674,8;65535;12930,3;9255,5;0;0;0;
486;855,61;11687,57;1054,77;3699,6;65535;12959,3;9259,7;0;0;0;
487;855,76;11685,56;1056,78;3616,6;65535;12881,4;9264,8;0;0;0;
488;855,9;11683,55;1058,79;3815,8;65535;13109,9;9294,1;0;0;0;
489;856,05;11681,54;1060,8;3666,3;65535;12984,2;9317,9;0;0;0;
490;856,2;11679,54;1062,81;3638,3;65535;12977,1;9338,8;0;0;0;
491;856,35;11677,53;1064,81;5387,5;65535;14718,9;9331,4;0;0;0;
492;856,49;11675,53;1066,82;3624,8;65535;12979,6;9354,8;0;0;0;
493;856,64;11673,52;1068,82;3616,1;65535;12961,9;9345,8;0;0;0;
494;856,79;11671,52;1070,83;3603,7;65535;12946,9;9343,2;0;0;0;
495;856,93;11669,51;1072,83;3691,7;65535;13107,7;9416;0;0;0;
496;857,08;11667,51;1074,83;3638,5;65535;13144;9505,5;0;0;0;
497;857,23;11665,51;1076,83;3697,4;65535;13334,5;9637,1;0;0;0;
498;857,37;11663,51;1078,83;3649,9;65535;13604,1;9954,2;0;0;0;
499;857,52;11661,51;1080,83;3671,3;65535;14091,8;10420,5;0;0;0;
500;857,67;11659,51;1082,83;3699,8;65535;14786,3;11086,5;0;0;0;
501;857,82;11657,51;1084,83;3663,3;65535;15003;11339,7;0;0;0;
502;857,96;11655,52;1086,83;3680,3;65535;14084,4;10404,1;0;0;0;
503;858,11;11653,52;1088,82;3578,2;65535;13287,3;9709,1;0;0;0;
504;858,26;11651,53;1090,82;3651,2;65535;13092,2;9441;0;0;0;
505;858,4;11649,53;1092,81;3659,9;65535;13048,4;9388,5;0;0;0;
506;858,55;11647,54;1094,81;3709;65535;13070,7;9361,7;0;0;0;
507;858,7;11645,54;1096,8;3680,2;65535;13015,3;9335,1;0;0;0;
508;858,84;11643,55;1098,79;3708,9;65535;12984,4;9275,5;0;0;0;
509;858,99;11641,56;1100,78;3687,5;65535;12865,4;9177,9;0;0;0;
510;859,14;11639,57;1102,77;3780,4;65535;12923,2;9142,8;0;0;0;
511;859,29;11637,58;1104,76;3690,3;65535;12820,3;9130;0;0;0;
512;859,43;11635,59;1106,75;3576,9;65535;12689,6;9112,7;0;0;0;
513;859,58;11633,6;1108,74;3610;65535;12633,7;9023,7;0;0;0;
514;859,73;11631,62;1110,73;3735,3;65535;12718,4;8983,1;0;0;0;
515;859,87;11629,63;1112,71;3728,4;65535;12668,2;8939,8;0;0;0;
516;860,02;11627,65;1114,7;3737,3;65535;12702,6;8965,3;0;0;0;
517;860,17;11625,66;1116,68;3649;65535;12563,2;8914,2;0;0;0;
518;860,31;11623,68;1118,67;3653,1;65535;12598,5;8945,4;0;0;0;
519;860,46;11621,69;1120,65;3719,2;65535;12704,5;8985,3;0;0;0;
520;860,61;11619,71;1122,63;3865,3;65535;12895,3;9030;0;0;0;
521;860,75;11617,73;1124,61;3564,7;65535;12601,5;9036,8;0;0;0;
522;860,9;11615,75;1126,59;3608,9;65535;12694,7;9085,8;0;0;0;
523;861,05;11613,77;1128,57;3780;65535;12930,4;9150,4;0;0;0;
524;861,19;11611,79;1130,55;3614,1;65535;12765,2;9151,1;0;0;0;
525;861,34;11609,81;1132,53;3614,7;65535;12828,6;9213,9;0;0;0;
526;861,49;11607,83;1134,51;3642,7;65535;12864,5;9221,8;0;0;0;
527;861,63;11605,86;1136,49;3608,9;65535;12883,7;9274,8;0;0;0;
528;861,78;11603,88;1138,46;3594,8;65535;12899,2;9304,4;0;0;0;
529;861,93;11601,91;1140,44;3725,4;65535;13077,9;9352,5;0;0;0;
530;862,07;11599,93;1142,41;3576,7;65535;12950,1;9373,4;0;0;0;
531;862,22;11597,96;1144,38;4047,5;65535;13496,4;9448,9;0;0;0;
532;862,37;11595,99;1146,36;3529,2;65535;12957,7;9428,5;0;0;0;
533;862,51;11594,02;1148,33;3714,7;65535;13235,5;9520,8;0;0;0;
534;862,66;11592,04;1150,3;3759,2;65535;13328,7;9569,5;0;0;0;
535;862,81;11590,07;1152,27;3598,3;65535;13234,8;9636,5;0;0;0;
536;862,95;11588,11;1154,24;3731,2;65535;13388,5;9657,3;0;0;0;
537;863,1;11586,14;1156,21;3762,6;65535;13512,9;9750,3;0;0;0;
538;863,25;11584,17;1158,17;3619,8;65535;13401,2;9781,4;0;0;0;
539;863,39;11582,2;1160,14;3639,7;65535;13455,5;9815,8;0;0;0;
540;863,54;11580,24;1162,11;3515,7;65535;13334,1;9818,4;0;0;0;
541;863,69;11578,27;1164,07;3579,7;65535;13471,2;9891,5;0;0;0;
542;863,83;11576,31;1166,04;3940,7;65535;13861,4;9920,7;0;0;0;
543;863,98;11574,34;1168;3746,3;65535;13661,4;9915,1;0;0;0;
544;864,13;11572,38;1169,96;3653,1;65535;13606,4;9953,3;0;0;0;
545;864,27;11570,42;1171,92;3676;65535;13635,3;9959,3;0;0;0;
546;864,42;11568,46;1173,89;3695,5;65535;13676,1;9980,6;0;0;0;
547;864,57;11566,5;1175,85;3591,6;65535;13620,7;10029,1;0;0;0;
548;864,71;11564,54;1177,81;3701,4;65535;13768,4;10067;0;0;0;
549;864,86;11562,58;1179,76;3583,9;65535;13667,6;10083,7;0;0;0;
550;865,01;11560,62;1181,72;4220,8;65535;14954,5;10733,7;0;0;0;
551;865,15;11558,66;1183,68;5198,3;65535;16546,2;11347,9;0;0;0;
552;865,3;11556,71;1185,64;3611,5;65535;13656,3;10044,8;0;0;0;
553;865,44;11554,75;1187,59;3772,3;65535;13839,3;10067;0;0;0;
554;865,59;11552,8;1189,55;3760,1;65535;13821,9;10061,8;0;0;0;
555;865,74;11550,84;1191,5;3730,5;65535;13792,7;10062,2;0;0;0;
556;865,88;11548,89;1193,45;3750,5;65535;13735,3;9984,8;0;0;0;
557;866,03;11546,94;1195,41;3696,8;65535;13677,1;9980,3;0;0;0;
558;866,18;11544,99;1197,36;4028,4;65535;13977,6;9949,2;0;0;0;
559;866,32;11543,04;1199,31;3691,4;65535;13605,1;9913,7;0;0;0;
560;866,47;11541,09;1201,26;3748;65535;13651,2;9903,2;0;0;0;
561;866,62;11539,14;1203,21;3601,7;65535;13479,7;9878;0;0;0;
562;866,76;11537,19;1205,16;4136,7;65535;13942,6;9805,9;0;0;0;
563;866,91;11535,24;1207,1;4057,3;65535;13821,2;9763,9;0;0;0;
564;867,05;11533,29;1209,05;3775,2;65535;13458,6;9683,4;0;0;0;
565;867,2;11531,35;1211;3695;65535;13383,4;9688,4;0;0;0;
566;867,35;11529,4;1212,94;3890,2;65535;13536,3;9646,1;0;0;0;
567;867,49;11527,46;1214,88;3575;65535;13198,9;9623,9;0;0;0;
568;867,64;11525,51;1216,83;3628,7;65535;13200,6;9571,9;0;0;0;
569;867,79;11523,57;1218,77;4074,3;65535;13526,6;9452,3;0;0;0;
570;867,93;11521,63;1220,71;3634,6;65535;13098,3;9463,7;0;0;0;
571;868,08;11519,69;1222,65;3716,4;65535;13146,5;9430,1;0;0;0;
572;868,23;11517,75;1224,59;3700;65535;13115,3;9415,3;0;0;0;
573;868,37;11515,81;1226,53;3713,9;65535;13146,3;9432,4;0;0;0;
574;868,52;11513,87;1228,47;3720,1;65535;13227,1;9507;0;0;0;
575;868,66;11511,93;1230,41;3858,7;65535;13470,1;9611,4;0;0;0;
576;868,81;11510;1232,35;3928,6;65535;14150;10221,4;0;0;0;
577;868,96;11508,06;1234,28;3628,6;65535;13641,3;10012,7;0;0;0;
578;869,1;11506,12;1236,22;3615,8;65535;13385,5;9769,7;0;0;0;
579;869,25;11504,19;1238,15;3756,8;65535;13654,1;9897,3;0;0;0;
580;869,39;11502,25;1240,09;3659,8;65535;13569,9;9910,1;0;0;0;
581;869,54;11500,32;1242,02;3711,2;65535;13687,4;9976,2;0;0;0;
582;869,69;11498,39;1243,95;5939,1;65535;16061,1;10122;0;0;0;
583;869,83;11496,46;1245,89;3606,1;65535;13707,5;10101,4;0;0;0;
584;869,98;11494,53;1247,82;3647,9;65535;13834,1;10186,2;0;0;0;
585;870,13;11492,6;1249,75;4019,1;65535;14177,5;10158,4;0;0;0;
586;870,27;11490,67;1251,68;3644,7;65535;13805,8;10161,1;0;0;0;
587;870,42;11488,74;1253,6;3573,2;65535;13727,9;10154,7;0;0;0;
588;870,56;11486,81;1255,53;3652,1;65535;13799,5;10147,4;0;0;0;
589;870,71;11484,88;1257,46;3675,7;65535;13852,6;10176,9;0;0;0;
590;870,86;11482,96;1259,39;3574,6;65535;13700,3;10125,7;0;0;0;
591;871;11481,03;1261,31;3878,5;65535;14008,6;10130,1;0;0;0;
592;871,15;11479,11;1263,24;5637;65535;15872,8;10235,8;0;0;0;
593;871,29;11477,18;1265,16;3692,3;65535;13896,9;10204,6;0;0;0;
594;871,44;11475,26;1267,08;3695,9;65535;13916,6;10220,7;0;0;0;
595;871,59;11473,34;1269;3696;65535;13916,9;10220,9;0;0;0;
596;871,73;11471,42;1270,93;3570,1;65535;13841,8;10271,7;0;0;0;
597;871,88;11469,5;1272,85;3743,2;65535;14018,2;10275;0;0;0;
598;872,02;11467,58;1274,77;3719,6;65535;13981,7;10262,1;0;0;0;
599;872,17;11465,66;1276,68;3639;65535;13983,4;10344,4;0;0;0;
600;872,32;11463,74;1278,6;3752,8;65535;14140,7;10387,9;0;0;0;
601;872,46;11461,82;1280,52;3890,2;65535;14398,5;10508,3;0;0;0;
602;872,61;11459,91;1282,44;4269,3;65535;14826,5;10557,2;0;0;0;
603;872,75;11457,99;1284,35;3673,5;65535;14151,5;10478;0;0;0;
604;872,9;11456,08;1286,27;3616;65535;14151;10535;0;0;0;
605;873,05;11454,16;1288,18;3702,1;65535;14254,5;10552,4;0;0;0;
606;873,19;11452,25;1290,1;3638,6;65535;14221,4;10582,8;0;0;0;
607;873,34;11450,33;1292,01;3773,9;65535;14341,1;10567,2;0;0;0;
608;873,48;11448,42;1293,92;3666,5;65535;14252,4;10585,9;0;0;0;
609;873,63;11446,51;1295,83;3755,2;65535;14407,8;10652,6;0;0;0;
610;873,77;11444,6;1297,74;3672,5;65535;14328,8;10656,3;0;0;0;
611;873,92;11442,69;1299,65;3730,6;65535;14422,1;10691,5;0;0;0;
612;874,07;11440,78;1301,56;3677;65535;14372;10695;0;0;0;
613;874,21;11438,87;1303,47;3699,1;65535;14440,8;10741,7;0;0;0;
614;874,36;11436,97;1305,38;3709,5;65535;14394;10684,5;0;0;0;
615;874,5;11435,06;1307,28;3789,1;65535;14557,7;10768,6;0;0;0;
616;874,65;11433,16;1309,19;3536,9;65535;14340,9;10804;0;0;0;
617;874,79;11431,25;1311,09;3628,7;65535;14385,9;10757,2;0;0;0;
618;874,94;11429,35;1313;3602,5;65535;14357,9;10755,4;0;0;0;
619;875,09;11427,44;1314,9;3758,3;65535;14483,9;10725,6;0;0;0;
620;875,23;11425,54;1316,8;4001,6;65535;14822,3;10820,7;0;0;0;
621;875,38;11423,64;1318,71;3855,9;65535;14605,7;10749,8;0;0;0;
622;875,52;11421,74;1320,61;3847,7;65535;14559,8;10712,1;0;0;0;
623;875,67;11419,84;1322,51;3685,8;65535;14435,2;10749,4;0;0;0;
624;875,81;11417,94;1324,41;3561,9;65535;14386,8;10824,9;0;0;0;
625;875,96;11416,04;1326,3;3681,9;65535;14538,7;10856,8;0;0;0;
626;876,11;11414,14;1328,2;3631,6;65535;14516,8;10885,2;0;0;0;
627;876,25;11412,24;1330,1;3616,9;65535;14293,2;10676,3;0;0;0;
628;876,4;11410,35;1332;3737,3;65535;14245,9;10508,6;0;0;0;
629;876,54;11408,45;1333,89;3730,4;65535;14233;10502,6;0;0;0;
630;876,69;11406,56;1335,79;3762,1;65535;14328,9;10566,8;0;0;0;
631;876,83;11404,66;1337,68;3918,8;65535;14429,9;10511,1;0;0;0;
632;876,98;11402,77;1339,57;3687,9;65535;14148,9;10461;0;0;0;
633;877,13;11400,88;1341,47;3671,2;65535;13987,2;10316;0;0;0;
634;877,27;11398,98;1343,36;3724,3;65535;13925,9;10201,6;0;0;0;
635;877,42;11397,09;1345,25;5057;65535;15249,3;10192,3;0;0;0;
636;877,56;11395,2;1347,14;3541,8;65535;13736,3;10194,5;0;0;0;
637;877,71;11393,31;1349,03;3939,7;65535;14208,5;10268,8;0;0;0;
638;877,85;11391,43;1350,92;3640,7;65535;13873,9;10233,2;0;0;0;
639;878;11389,54;1352,81;3639,3;65535;13883,4;10244,1;0;0;0;
640;878,14;11387,65;1354,69;3728;65535;14033,7;10305,7;0;0;0;
641;878,29;11385,76;1356,58;3710,3;65535;14138,7;10428,4;0;0;0;
642;878,44;11383,88;1358,47;3760,2;65535;14091,5;10331,3;0;0;0;
643;878,58;11381,99;1360,35;3700,9;65535;14033,8;10332,9;0;0;0;
644;878,73;11380,11;1362,23;4066,2;65535;14509,4;10443,2;0;0;0;
645;878,87;11378,23;1364,12;3705,2;65535;14233,4;10528,2;0;0;0;
646;879,02;11376,34;1366;3635,7;65535;14192,1;10556,4;0;0;0;
647;879,16;11374,46;1367,88;3649,9;65535;14237,3;10587,4;0;0;0;
648;879,31;11372,58;1369,76;3548,9;65535;14114;10565,1;0;0;0;
649;879,45;11370,7;1371,64;3693,4;65535;14289,1;10595,7;0;0;0;
650;879,6;11368,82;1373,52;3678,5;65535;14309,1;10630,6;0;0;0;
651;879,74;11366,94;1375,4;3720,9;65535;14407;10686,1;0;0;0;
652;879,89;11365,06;1377,28;3657,7;65535;14345,6;10687,9;0;0;0;
653;880,03;11363,19;1379,16;4290,8;65535;14972,1;10681,3;0;0;0;
654;880,18;11361,31;1381,03;4275,6;65535;14974,2;10698,6;0;0;0;
655;880,33;11359,43;1382,91;3907,4;65535;14666,3;10758,9;0;0;0;
656;880,47;11357,56;1384,78;3635;65535;14385,8;10750,8;0;0;0;
657;880,62;11355,69;1386,66;3706,8;65535;14516,5;10809,7;0;0;0;
658;880,76;11353,81;1388,53;3706,6;65535;14526,9;10820,3;0;0;0;
659;880,91;11351,94;1390,4;3756,2;65535;14628,9;10872,7;0;0;0;
660;881,05;11350,07;1392,28;3900,8;65535;14778,9;10878,1;0;0;0;
661;881,2;11348,2;1394,15;3636,4;65535;14508,9;10872,5;0;0;0;
662;881,34;11346,33;1396,02;3793,5;65535;14753,4;10959,9;0;0;0;
663;881,49;11344,46;1397,89;3853,4;65535;14836,5;10983,1;0;0;0;
664;881,63;11342,59;1399,76;3646,2;65535;14651,7;11005,5;0;0;0;
665;881,78;11340,72;1401,62;3800,7;65535;14809,2;11008,5;0;0;0;
666;881,92;11338,85;1403,49;3710;65535;14801,9;11091,9;0;0;0;
667;882,07;11336,99;1405,36;3705;65535;14754,4;11049,4;0;0;0;
668;882,21;11335,12;1407,22;3609,8;65535;14699;11089,2;0;0;0;
669;882,36;11333,26;1409,09;3616,9;65535;14738,1;11121,2;0;0;0;
670;882,5;11331,39;1410,95;3547,3;65535;14647,4;11100,1;0;0;0;
671;882,65;11329,53;1412,82;3803,1;65535;14903,3;11100,2;0;0;0;
672;882,79;11327,67;1414,68;3630,6;65535;14681,7;11051,1;0;0;0;
673;882,94;11325,8;1416,54;3654;65535;14679,2;11025,2;0;0;0;
674;883,08;11323,94;1418,4;3646;65535;14645,8;10999,8;0;0;0;
675;883,23;11322,08;1420,26;3631,2;65535;14591,6;10960,4;0;0;0;
676;883,37;11320,22;1422,12;3920,6;65535;14900,5;10979,9;0;0;0;
677;883,52;11318,36;1423,98;3823,2;65535;14775,5;10952,3;0;0;0;
678;883,67;11316,5;1425,84;3587,6;65535;14499,5;10911,9;0;0;0;
679;883,81;11314,65;1427,7;3788,6;65535;14690,5;10901,9;0;0;0;
680;883,96;11312,79;1429,55;3624,8;65535;14441,6;10816,8;0;0;0;
681;884,1;11310,93;1431,41;3673,3;65535;14452;10778,7;0;0;0;
682;884,25;11309,08;1433,26;3671,6;65535;14440,4;10768,8;0;0;0;
683;884,39;11307,22;1435,12;3676,4;65535;14390,9;10714,5;0;0;0;
684;884,54;11305,37;1436,97;3742;65535;14342,1;10600,1;0;0;0;
685;884,68;11303,52;1438,83;3751,8;65535;14309,2;10557,4;0;0;0;
686;884,83;11301,67;1440,68;3681;65535;14135,6;10454,6;0;0;0;
687;884,97;11299,81;1442,53;3664,7;65535;14177,3;10512,6;0;0;0;
688;885,12;11297,96;1444,38;4039,8;65535;14557,2;10517,4;0;0;0;
689;885,26;11296,11;1446,23;3710,1;65535;14162,8;10452,7;0;0;0;
690;885,41;11294,26;1448,08;3594,9;65535;14037,5;10442,6;0;0;0;
691;885,55;11292,42;1449,93;3665,1;65535;14107,3;10442,2;0;0;0;
692;885,69;11290,57;1451,77;3732,5;65535;14129,2;10396,7;0;0;0;
693;885,84;11288,72;1453,62;3610,3;65535;14063;10452,7;0;0;0;
694;885,98;11286,88;1455,47;3687;65535;14111,1;10424,1;0;0;0;
695;886,13;11285,03;1457,31;3604,5;65535;14056,8;10452,3;0;0;0;
696;886,27;11283,19;1459,16;5061,6;65535;15640,2;10578,6;0;0;0;
697;886,42;11281,34;1461;3584,2;65535;14143,6;10559,4;0;0;0;
698;886,56;11279,5;1462,85;3605,6;65535;14232,2;10626,6;0;0;0;
699;886,71;11277,66;1464,69;3593,1;65535;14265,8;10672,7;0;0;0;
700;886,85;11275,81;1466,53;3689,7;65535;14383,5;10693,8;0;0;0;
701;887;11273,97;1468,37;3689,8;65535;14380,1;10690,3;0;0;0;
702;887,14;11272,13;1470,21;3583;65535;14352,1;10769,1;0;0;0;
703;887,29;11270,29;1472,05;3582,6;65535;14389,1;10806,5;0;0;0;
704;887,43;11268,45;1473,89;3703,9;65535;14575,3;10871,4;0;0;0;
705;887,58;11266,62;1475,73;3828,3;65535;14748,7;10920,4;0;0;0;
706;887,72;11264,78;1477,56;3760,9;65535;14778,9;11018;0;0;0;
707;887,87;11262,94;1479,4;3758,3;65535;14832,3;11074;0;0;0;
708;888,01;11261,11;1481,24;3690,2;65535;14809,9;11119,7;0;0;0;
709;888,16;11259,27;1483,07;3683,6;65535;14822,3;11138,7;0;0;0;
710;888,3;11257,44;1484,91;3577,8;65535;14750,8;11173;0;0;0;
711;888,45;11255,6;1486,74;3664,2;65535;14906,2;11242;0;0;0;
712;888,59;11253,77;1488,57;3860,7;65535;15136,2;11275,5;0;0;0;
713;888,74;11251,94;1490,4;4354,7;65535;15777,5;11422,8;0;0;0;
714;888,88;11250,11;1492,23;3672,4;65535;15087,2;11414,8;0;0;0;
715;889,02;11248,28;1494,07;3690,4;65535;15150,4;11460;0;0;0;
716;889,17;11246,45;1495,9;3734,8;65535;15252,8;11518;0;0;0;
717;889,31;11244,62;1497,72;3612,2;65535;15160,6;11548,4;0;0;0;
718;889,46;11242,79;1499,55;3599;65535;15183,3;11584,3;0;0;0;
719;889,6;11240,96;1501,38;3732,7;65535;15399,6;11666,9;0;0;0;
720;889,75;11239,14;1503,21;3721,9;65535;15409,4;11687,5;0;0;0;
721;889,89;11237,31;1505,03;3673,4;65535;15363,4;11690;0;0;0;
722;890,04;11235,48;1506,86;3699,9;65535;15410;11710,1;0;0;0;
723;890,18;11233,66;1508,68;3679,9;65535;15400,6;11720,7;0;0;0;
724;890,33;11231,84;1510,51;3670,2;65535;15426,1;11755,9;0;0;0;
725;890,47;11230,01;1512,33;3688,2;65535;15489,5;11801,3;0;0;0;
726;890,62;11228,19;1514,15;3878,1;65535;15712,4;11834,3;0;0;0;
727;890,76;11226,37;1515,97;3848,2;65535;15726,7;11878,5;0;0;0;
728;890,9;11224,55;1517,8;3571,3;65535;15444,2;11872,9;0;0;0;
729;891,05;11222,73;1519,62;3610,1;65535;15511,2;11901,1;0;0;0;
730;891,19;11220,91;1521,43;3649,9;65535;15508,1;11858,2;0;0;0;
731;891,34;11219,09;1523,25;3774,3;65535;15640,4;11866,1;0;0;0;
732;891,48;11217,27;1525,07;3765,8;65535;15578,1;11812,3;0;0;0;
733;891,63;11215,45;1526,89;3704,3;65535;15506,1;11801,8;0;0;0;
734;891,77;11213,64;1528,71;3794,9;65535;15563,7;11768,8;0;0;0;
735;891,92;11211,82;1530,52;3744,2;65535;15500,9;11756,7;0;0;0;
736;892,06;11210,01;1532,34;3639,8;65535;15336,2;11696,4;0;0;0;
737;892,2;11208,19;1534,15;3631,6;65535;15228,4;11596,8;0;0;0;
738;892,35;11206,38;1535,96;3643,2;65535;15281,7;11638,5;0;0;0;
739;892,49;11204,57;1537,78;3611,3;65535;15230,1;11618,8;0;0;0;
740;892,64;11202,75;1539,59;3644,9;65535;15297,1;11652,2;0;0;0;
741;892,78;11200,94;1541,4;3653,2;65535;15313;11659,8;0;0;0;
742;892,93;11199,13;1543,21;3559;65535;15147,1;11588,1;0;0;0;
743;893,07;11197,32;1545,02;3806,3;65535;15441,2;11634,9;0;0;0;
744;893,21;11195,51;1546,83;3655,4;65535;15274,4;11619;0;0;0;
745;893,36;11193,7;1548,64;3766,3;65535;15385,5;11619,2;0;0;0;
746;893,5;11191,9;1550,45;3767,1;65535;15459,9;11692,8;0;0;0;
747;893,65;11190,09;1552,25;3608,8;65535;15278,6;11669,8;0;0;0;
748;893,79;11188,28;1554,06;3744,1;65535;15382,2;11638,1;0;0;0;
749;893,94;11186,48;1555,87;3705;65535;15287,1;11582,1;0;0;0;
750;894,08;11184,67;1557,67;3779,9;65535;15322,6;11542,7;0;0;0;
751;894,22;11182,87;1559,47;3604,7;65535;15194,1;11589,4;0;0;0;
752;894,37;11181,07;1561,28;3591,8;65535;15229,6;11637,8;0;0;0;
753;894,51;11179,26;1563,08;3607,7;65535;15302,1;11694,4;0;0;0;
754;894,66;11177,46;1564,88;3710,4;65535;15433,9;11723,5;0;0;0;
755;894,8;11175,66;1566,68;3662,5;65535;15437,9;11775,4;0;0;0;
756;894,95;11173,86;1568,48;3891,4;65535;15660,8;11769,4;0;0;0;
757;895,09;11172,06;1570,28;3602,9;65535;15328,8;11725,9;0;0;0;
758;895,23;11170,26;1572,08;4536,4;65535;16329;11792,6;0;0;0;
759;895,38;11168,46;1573,88;3650,2;65535;15438,9;11788,7;0;0;0;
760;895,52;11166,67;1575,68;3759,3;65535;15492,5;11733,2;0;0;0;
761;895,67;11164,87;1577,48;3808,3;65535;15583,6;11775,3;0;0;0;
762;895,81;11163,07;1579,27;3677,2;65535;15354,9;11677,7;0;0;0;
763;895,95;11161,28;1581,07;3586,5;65535;15229,3;11642,8;0;0;0;
764;896,1;11159,48;1582,86;3726,9;65535;15368,2;11641,3;0;0;0;
765;896,24;11157,69;1584,66;3620,4;65535;15246,6;11626,2;0;0;0;
766;896,39;11155,89;1586,45;3559,3;65535;15177,4;11618,1;0;0;0;
767;896,53;11154,1;1588,24;3668,6;65535;15282,1;11613,5;0;0;0;
768;896,68;11152,31;1590,03;3755,5;65535;15364,8;11609,3;0;0;0;
769;896,82;11150,52;1591,82;3921,1;65535;15551,1;11630;0;0;0;
770;896,96;11148,73;1593,61;3613,3;65535;15274,9;11661,6;0;0;0;
771;897,11;11146,94;1595,4;3610,1;65535;15220,6;11610,5;0;0;0;
772;897,25;11145,15;1597,19;3595,6;65535;15241,9;11646,3;0;0;0;
773;897,4;11143,36;1598,98;3574,9;65535;15188,3;11613,4;0;0;0;
774;897,54;11141,58;1600,77;3746,2;65535;15324;11577,8;0;0;0;
775;897,68;11139,79;1602,56;3713;65535;15337,1;11624,1;0;0;0;
776;897,83;11138;1604,34;3670,7;65535;15263,1;11592,4;0;0;0;
777;897,97;11136,22;1606,13;3865,2;65535;15458;11592,8;0;0;0;
778;898,11;11134,43;1607,91;3790,3;65535;15395,2;11604,9;0;0;0;
779;898,26;11132,65;1609,69;4023,8;65535;15651,6;11627,8;0;0;0;
780;898,4;11130,87;1611,48;5931,8;65535;17650,1;11718,3;0;0;0;
781;898,55;11129,08;1613,26;4821,3;65535;16563,9;11742,6;0;0;0;
782;898,69;11127,3;1615,04;3715,7;65535;15420,7;11705;0;0;0;
783;898,83;11125,52;1616,82;3724,5;65535;15525,9;11801,4;0;0;0;
784;898,98;11123,74;1618,6;3625,6;65535;15439,7;11814,1;0;0;0;
785;899,12;11121,96;1620,38;3707,1;65535;15559,7;11852,6;0;0;0;
786;899,27;11120,18;1622,16;3597,1;65535;15417,5;11820,4;0;0;0;
787;899,41;11118,4;1623,94;3693,2;65535;15606,6;11913,4;0;0;0;
788;899,55;11116,63;1625,72;3586,5;65535;15491,6;11905,1;0;0;0;
789;899,7;11114,85;1627,49;3633;65535;15597,7;11964,7;0;0;0;
790;899,84;11113,07;1629,27;3595,2;65535;15592,5;11997,3;0;0;0;
791;899,98;11111,3;1631,05;3614,4;65535;15672,9;12058,5;0;0;0;
792;900,13;11109,52;1632,82;3766,7;65535;15865,1;12098,4;0;0;0;
793;900,27;11107,75;1634,59;3768,8;65535;15823,7;12054,9;0;0;0;
794;900,42;11105,98;1636,37;3887,1;65535;16019;12131,9;0;0;0;
795;900,56;11104,2;1638,14;3604,8;65535;15734,5;12129,7;0;0;0;
796;900,7;11102,43;1639,91;3695,3;65535;15820,6;12125,3;0;0;0;
797;900,85;11100,66;1641,68;3718,8;65535;15804,8;12086;0;0;0;
798;900,99;11098,89;1643,45;3679,3;65535;15840,4;12161,1;0;0;0;
799;901,13;11097,12;1645,22;3825,6;65535;16015,3;12189,7;0;0;0;
800;901,28;11095,35;1646,99;3705,8;65535;15856,3;12150,5;0;0;0;
801;901,42;11093,59;1648,76;3669,5;65535;15865,2;12195,7;0;0;0;
802;901,57;11091,82;1650,53;3750;65535;15953,5;12203,5;0;0;0;
803;901,71;11090,05;1652,29;3622,3;65535;15859,8;12237,5;0;0;0;
804;901,85;11088,28;1654,06;3773,4;65535;16078,7;12305,3;0;0;0;
805;902;11086,52;1655,82;3625,9;65535;15911,1;12285,2;0;0;0;
806;902,14;11084,76;1657,59;3694,2;65535;16042,6;12348,4;0;0;0;
807;902,28;11082,99;1659,35;3561;65535;15868,9;12307,9;0;0;0;
808;902,43;11081,23;1661,12;4296;65535;16413,1;12117,1;0;0;0;
809;902,57;11079,47;1662,88;3527,1;65535;15468,9;11941,8;0;0;0;
810;902,71;11077,7;1664,64;3653,4;65535;15556,4;11903;0;0;0;
811;902,86;11075,94;1666,4;3912,4;65535;15943,7;12031,3;0;0;0;
812;903;11074,18;1668,16;3623,3;65535;15839,1;12215,8;0;0;0;
813;903,14;11072,42;1669,92;4423,8;65535;16562,4;12138,6;0;0;0;
814;903,29;11070,66;1671,68;3583,1;65535;16034,7;12451,6;0;0;0;
815;903,43;11068,91;1673,44;3839;65535;16359;12520;0;0;0;
816;903,58;11067,15;1675,2;3599,9;65535;16138;12538,1;0;0;0;
817;903,72;11065,39;1676,95;3690;65535;16264;12574;0;0;0;
818;903,86;11063,64;1678,71;3758,4;65535;16377,2;12618,8;0;0;0;
819;904,01;11061,88;1680,46;3638,8;65535;16344,5;12705,7;0;0;0;
820;904,15;11060,13;1682,22;3573,2;65535;16242,7;12669,5;0;0;0;
821;904,29;11058,37;1683,97;3624,6;65535;16295,8;12671,2;0;0;0;
822;904,44;11056,62;1685,73;3675,6;65535;16315,5;12639,9;0;0;0;
823;904,58;11054,87;1687,48;6570,5;65535;19319,7;12749,2;0;0;0;
824;904,72;11053,11;1689,23;3667,9;65535;16339,5;12671,6;0;0;0;
825;904,87;11051,36;1690,98;3782,1;65535;16423;12640,9;0;0;0;
826;905,01;11049,61;1692,73;3621,5;65535;16265,7;12644,2;0;0;0;
827;905,15;11047,86;1694,48;3697,7;65535;16345,4;12647,7;0;0;0;
828;905,3;11046,11;1696,23;3696;65535;16323,1;12627,1;0;0;0;
829;905,44;11044,36;1697,98;3771,2;65535;16409,5;12638,3;0;0;0;
830;905,58;11042,62;1699,73;3573,1;65535;16210,4;12637,3;0;0;0;
831;905,73;11040,87;1701,47;3592,3;65535;16249,4;12657,1;0;0;0;
832;905,87;11039,12;1703,22;3780,7;65535;16459,1;12678,4;0;0;0;
833;906,01;11037,38;1704,97;3633;65535;16299,6;12666,6;0;0;0;
834;906,16;11035,63;1706,71;3642,3;65535;16265,8;12623,5;0;0;0;
835;906,3;11033,89;1708,45;3641,4;65535;16267,3;12625,9;0;0;0;
836;906,44;11032,15;1710,2;3746,5;65535;16361,2;12614,7;0;0;0;
837;906,59;11030,4;1711,94;3608,6;65535;16229,6;12621;0;0;0;
838;906,73;11028,66;1713,68;3708,5;65535;16338,8;12630,3;0;0;0;
839;906,87;11026,92;1715,42;4411,9;65535;17074,2;12662,3;0;0;0;
840;907,01;11025,18;1717,16;3634,1;65535;16343,2;12709,1;0;0;0;
841;907,16;11023,44;1718,9;3741,5;65535;16487,2;12745,7;0;0;0;
842;907,3;11021,7;1720,64;3643,8;65535;16347,9;12704,1;0;0;0;
843;907,44;11019,96;1722,38;3579,5;65535;16371,2;12791,7;0;0;0;
844;907,59;11018,22;1724,12;3593,7;65535;16412,4;12818,7;0;0;0;
845;907,73;11016,49;1725,86;3903,9;65535;16687,8;12783,9;0;0;0;
846;907,87;11014,75;1727,59;3563,1;65535;16377;12813,9;0;0;0;
847;908,02;11013,01;1729,33;3791,5;65535;16692,9;12901,4;0;0;0;
848;908,16;11011,28;1731,07;3728;65535;16604,9;12876,9;0;0;0;
849;908,3;11009,54;1732,8;3772,7;65535;16659,1;12886,4;0;0;0;
850;908,45;11007,81;1734,53;3768,9;65535;16677,8;12908,9;0;0;0;
851;908,59;11006,08;1736,27;3660,2;65535;16608,6;12948,4;0;0;0;
852;908,73;11004,34;1738;3671,4;65535;16606,2;12934,8;0;0;0;
853;908,87;11002,61;1739,73;3647,8;65535;16544,7;12896,9;0;0;0;
854;909,02;11000,88;1741,46;3693;65535;16600,8;12907,8;0;0;0;
855;909,16;10999,15;1743,19;3744,4;65535;16700,2;12955,8;0;0;0;
856;909,3;10997,42;1744,92;3641,8;65535;16553;12911,2;0;0;0;
857;909,45;10995,69;1746,65;3673,7;65535;16639,1;12965,4;0;0;0;
858;909,59;10993,97;1748,38;4127,9;65535;17110,2;12982,3;0;0;0;
859;909,73;10992,24;1750,11;3674,3;65535;16609,5;12935,2;0;0;0;
860;909,88;10990,51;1751,83;3563,3;65535;16502,2;12938,9;0;0;0;
861;910,02;10988,79;1753,56;3736,9;65535;16612,1;12875,2;0;0;0;
862;910,16;10987,06;1755,28;3685;65535;16597,6;12912,6;0;0;0;
863;910,3;10985,33;1757,01;3710,6;65535;16587,8;12877,2;0;0;0;
864;910,45;10983,61;1758,73;3669,6;65535;16575,8;12906,2;0;0;0;
865;910,59;10981,89;1760,46;4021,4;65535;16964,1;12942,7;0;0;0;
866;910,73;10980,16;1762,18;3698,3;65535;16564,1;12865,8;0;0;0;
867;910,88;10978,44;1763,9;3676,6;65535;16550,9;12874,3;0;0;0;
868;911,02;10976,72;1765,62;4299,6;65535;17072,4;12772,8;0;0;0;
869;911,16;10975;1767,34;3612,1;65535;16405,5;12793,4;0;0;0;
870;911,3;10973,28;1769,06;3610,2;65535;16383,5;12773,3;0;0;0;
871;911,45;10971,56;1770,78;3614,1;65535;16426,2;12812,1;0;0;0;
872;911,59;10969,84;1772,5;3794,9;65535;16656,2;12861,3;0;0;0;
873;911,73;10968,13;1774,22;3705,8;65535;16580,1;12874,3;0;0;0;
874;911,88;10966,41;1775,93;3796,6;65535;16727,6;12931;0;0;0;
875;912,02;10964,69;1777,65;3827,2;65535;16803,5;12976,3;0;0;0;
876;912,16;10962,98;1779,37;3571,6;65535;16471,8;12900,2;0;0;0;
877;912,3;10961,26;1781,08;3523;65535;16413,3;12890,3;0;0;0;
878;912,45;10959,55;1782,8;4018,9;65535;16978,9;12960;0;0;0;
879;912,59;10957,83;1784,51;3809;65535;16732,4;12923,4;0;0;0;
880;912,73;10956,12;1786,22;3659,1;65535;16550,3;12891,2;0;0;0;
881;912,87;10954,41;1787,94;3740,2;65535;16669;12928,8;0;0;0;
882;913,02;10952,7;1789,65;3607,8;65535;16467,5;12859,7;0;0;0;
883;913,16;10950,98;1791,36;3624,1;65535;16517,3;12893,2;0;0;0;
884;913,3;10949,27;1793,07;3683;65535;16588;12905;0;0;0;
885;913,45;10947,57;1794,78;4799,7;65535;17353,7;12554;0;0;0;
886;913,59;10945,86;1796,49;3700,3;65535;16565,2;12864,9;0;0;0;
887;913,73;10944,15;1798,2;3603,3;65535;16442,8;12839,5;0;0;0;
888;913,87;10942,44;1799,9;6888,9;65535;19877,6;12988,7;0;0;0;
889;914,02;10940,73;1801,61;3654,2;65535;16505,2;12851;0;0;0;
890;914,16;10939,03;1803,32;3541,5;65535;16400,5;12859;0;0;0;
891;914,3;10937,32;1805,02;3697;65535;16482,1;12785,1;0;0;0;
892;914,44;10935,62;1806,73;3644,8;65535;16409,6;12764,8;0;0;0;
893;914,59;10933,91;1808,43;3675,1;65535;16425,8;12750,7;0;0;0;
894;914,73;10932,21;1810,13;3559,6;65535;16320,1;12760,5;0;0;0;
895;914,87;10930,51;1811,84;3709,1;65535;16411,2;12702,1;0;0;0;
896;915,01;10928,8;1813,54;3565,2;65535;16247,1;12681,9;0;0;0;
897;915,16;10927,1;1815,24;3711,3;65535;16363,5;12652,2;0;0;0;
898;915,3;10925,4;1816,94;3743,7;65535;16320,7;12577;0;0;0;
899;915,44;10923,7;1818,64;3654,1;65535;16201;12546,9;0;0;0;
900;915,58;10922;1820,34;3698,7;65535;16205,2;12506,5;0;0;0;
901;915,73;10920,3;1822,04;3785,8;65535;16359,2;12573,4;0;0;0;
902;915,87;10918,61;1823,74;3625;65535;16200,8;12575,8;0;0;0;
903;916,01;10916,91;1825,44;3627,6;65535;16159,4;12531,8;0;0;0;
904;916,15;10915,21;1827,13;3615,2;65535;16208,6;12593,4;0;0;0;
905;916,3;10913,52;1828,83;3925,5;65535;16548,4;12622,9;0;0;0;
906;916,44;10911,82;1830,52;3708,6;65535;16375,8;12667,2;0;0;0;
907;916,58;10910,13;1832,22;3725,8;65535;16413,5;12687,7;0;0;0;
908;916,72;10908,43;1833,91;3741,9;65535;16420,5;12678,6;0;0;0;
909;916,86;10906,74;1835,61;3810,3;65535;16517;12706,7;0;0;0;
910;917,01;10905,05;1837,3;3613,8;65535;16386,1;12772,3;0;0;0;
911;917,15;10903,35;1838,99;3680,5;65535;16386,4;12705,9;0;0;0;
912;917,29;10901,66;1840,68;4083,9;65535;16836,1;12752,2;0;0;0;
913;917,43;10899,97;1842,37;3602,8;65535;16260,4;12657,6;0;0;0;
914;917,58;10898,28;1844,06;3668,9;65535;16341,3;12672,4;0;0;0;
915;917,72;10896,59;1845,75;3669,1;65535;16375,4;12706,3;0;0;0;
916;917,86;10894,9;1847,44;3750,1;65535;16400,7;12650,6;0;0;0;
917;918;10893,22;1849,13;3748,8;65535;16350,4;12601,6;0;0;0;
918;918,14;10891,53;1850,82;3535,9;65535;16159,9;12624;0;0;0;
919;918,29;10889,84;1852,5;3866,1;65535;16486,4;12620,3;0;0;0;
920;918,43;10888,16;1854,19;3822,2;65535;16397,9;12575,7;0;0;0;
921;918,57;10886,47;1855,87;3756,1;65535;16280,8;12524,7;0;0;0;
922;918,71;10884,79;1857,56;3585,2;65535;16081,8;12496,6;0;0;0;
923;918,86;10883,1;1859,24;4437,4;65535;16997,5;12560,1;0;0;0;
924;919;10881,42;1860,92;3730,9;65535;16257,4;12526,5;0;0;0;
925;919,14;10879,74;1862,61;3594,9;65535;16115,9;12521;0;0;0;
926;919,28;10878,05;1864,29;3945,1;65535;16394,1;12449;0;0;0;
927;919,42;10876,37;1865,97;3712;65535;16199,3;12487,3;0;0;0;
928;919,57;10874,69;1867,65;3684,4;65535;16161,6;12477,2;0;0;0;
929;919,71;10873,01;1869,33;3817,1;65535;16285,7;12468,6;0;0;0;
930;919,85;10871,33;1871,01;3612,5;65535;16099,4;12486,9;0;0;0;
931;919,99;10869,65;1872,69;3660,3;65535;16096,8;12436,5;0;0;0;
932;920,13;10867,98;1874,37;3657;65535;16074,5;12417,5;0;0;0;
933;920,28;10866,3;1876,04;3609,5;65535;16125,4;12515,9;0;0;0;
934;920,42;10864,62;1877,72;3634,2;65535;16204,8;12570,6;0;0;0;
935;920,56;10862,95;1879,4;3617;65535;16138,7;12521,7;0;0;0;
936;920,7;10861,27;1881,07;3759,2;65535;16332,2;12573;0;0;0;
937;920,84;10859,6;1882,75;3776;65535;16434,4;12658,4;0;0;0;
938;920,99;10857,92;1884,42;3711,1;65535;16366,8;12655,7;0;0;0;
939;921,13;10856,25;1886,09;3801,1;65535;16496,5;12695,4;0;0;0;
940;921,27;10854,58;1887,77;3648,5;65535;16374,5;12726;0;0;0;
941;921,41;10852,91;1889,44;3527,3;65535;16311,8;12784,5;0;0;0;
942;921,55;10851,23;1891,11;3736,2;65535;16583,7;12847,5;0;0;0;
943;921,7;10849,56;1892,78;3705,5;65535;16594,3;12888,8;0;0;0;
944;921,84;10847,89;1894,45;3829,7;65535;16767,8;12938,1;0;0;0;
945;921,98;10846,22;1896,12;3687,7;65535;16648,4;12960,7;0;0;0;
946;922,12;10844,56;1897,79;3532,2;65535;16591,3;13059,1;0;0;0;
947;922,26;10842,89;1899,45;3650,6;65535;16715,6;13065;0;0;0;
948;922,41;10841,22;1901,12;3708,4;65535;16794;13085,6;0;0;0;
949;922,55;10839,55;1902,79;3870,2;65535;17068,4;13198,2;0;0;0;
950;922,69;10837,89;1904,45;3797;65535;16977,2;13180,2;0;0;0;
951;922,83;10836,22;1906,12;4129,2;65535;17348;13218,8;0;0;0;
952;922,97;10834,56;1907,78;3609,9;65535;16758,5;13148,6;0;0;0;
953;923,11;10832,89;1909,45;4594,8;65535;17869,6;13274,8;0;0;0;
954;923,26;10831,23;1911,11;5528,1;65535;18820,3;13292,2;0;0;0;
955;923,4;10829,57;1912,77;6008,1;65535;19248,2;13240,1;0;0;0;
956;923,54;10827,91;1914,44;3636,5;65535;16871,6;13235,1;0;0;0;
957;923,68;10826,25;1916,1;3594,7;65535;16856,3;13261,6;0;0;0;
958;923,82;10824,59;1917,76;3609,9;65535;16866,1;13256,2;0;0;0;
959;923,96;10822,93;1919,42;3593;65535;16822;13229;0;0;0;
960;924,11;10821,27;1921,08;3692,9;65535;16992;13299,1;0;0;0;
961;924,25;10819,61;1922,74;3706,2;65535;17012,1;13305,9;0;0;0;
962;924,39;10817,95;1924,39;3652;65535;16976,2;13324,2;0;0;0;
963;924,53;10816,29;1926,05;3744;65535;16967,5;13223,5;0;0;0;
964;924,67;10814,64;1927,71;3734,4;65535;17006,2;13271,8;0;0;0;
965;924,81;10812,98;1929,36;3565,4;65535;16860,9;13295,5;0;0;0;
966;924,96;10811,32;1931,02;3813,1;65535;17165,3;13352,2;0;0;0;
967;925,1;10809,67;1932,67;3629,8;65535;17132;13502,2;0;0;0;
968;925,24;10808,01;1934,33;3615,7;65535;17126,1;13510,4;0;0;0;
969;925,38;10806,36;1935,98;3694;65535;17213,1;13519,1;0;0;0;
970;925,52;10804,71;1937,63;3689,4;65535;17284,1;13594,7;0;0;0;
971;925,66;10803,06;1939,29;4017,5;65535;17618;13600,5;0;0;0;
972;925,81;10801,41;1940,94;3697,9;65535;17379,5;13681,6;0;0;0;
973;925,95;10799,75;1942,59;3609,9;65535;17291,9;13682;0;0;0;
974;926,09;10798,1;1944,24;3736,7;65535;17403,5;13666,8;0;0;0;
975;926,23;10796,45;1945,89;3583,8;65535;17317,8;13734;0;0;0;
976;926,37;10794,81;1947,54;3666,5;65535;17393,5;13727;0;0;0;
977;926,51;10793,16;1949,19;3550,4;65535;17253,1;13702,7;0;0;0;
978;926,65;10791,51;1950,83;3811,7;65535;17494,1;13682,4;0;0;0;
979;926,8;10789,86;1952,48;3826,8;65535;17587,6;13760,8;0;0;0;
980;926,94;10788,22;1954,13;3745,8;65535;17506,9;13761,1;0;0;0;
981;927,08;10786,57;1955,77;3794,5;65535;17506,5;13712;0;0;0;
982;927,22;10784,93;1957,42;3567,5;65535;17274,7;13707,2;0;0;0;
983;927,36;10783,28;1959,06;3706;65535;17327,7;13621,7;0;0;0;
984;927,5;10781,64;1960,7;3643,1;65535;17260,6;13617,5;0;0;0;
985;927,64;10780;1962,35;3604,6;65535;17236,1;13631,5;0;0;0;
986;927,79;10778,35;1963,99;3573;65535;17172,7;13599,7;0;0;0;
987;927,93;10776,71;1965,63;3613,6;65535;17236,5;13622,9;0;0;0;
988;928,07;10775,07;1967,27;3591,7;65535;17185;13593,3;0;0;0;
989;928,21;10773,43;1968,91;3729;65535;17341,4;13612,4;0;0;0;
990;928,35;10771,79;1970,55;3908,8;65535;17524,9;13616,1;0;0;0;
991;928,49;10770,15;1972,19;3772,8;65535;17305,1;13532,3;0;0;0;
992;928,63;10768,51;1973,83;3610,7;65535;17152,6;13541,9;0;0;0;
993;928,77;10766,88;1975,47;3612,9;65535;17114,1;13501,2;0;0;0;
994;928,92;10765,24;1977,1;3610,4;65535;17091,9;13481,5;0;0;0;
995;929,06;10763,6;1978,74;4263,4;65535;17759,4;13496;0;0;0;
996;929,2;10761,97;1980,38;3637,3;65535;17058,9;13421,6;0;0;0;
997;929,34;10760,33;1982,01;3747,8;65535;17201,6;13453,8;0;0;0;
998;929,48;10758,7;1983,65;3650,2;65535;17065,5;13415,3;0;0;0;
999;929,62;10757,06;1985,28;3544,1;65535;16908,8;13364,7;0;0;0;
1000;929,76;10755,43;1986,91;3656,6;65535;16955,5;13298,9;0;0;0;
1001;929,9;10753,8;1988,55;3726,7;65535;16948,2;13221,5;0;0;0;
1002;930,05;10752,17;1990,18;3620,2;65535;16756;13135,8;0;0;0;
1003;930,19;10750,53;1991,81;3786;65535;16796;13010;0;0;0;
1004;930,33;10748,9;1993,44;3673;65535;16611,8;12938,8;0;0;0;
1005;930,47;10747,27;1995,07;3559,2;65535;16442,8;12883,6;0;0;0;
1006;930,61;10745,64;1996,7;4190,3;65535;16994,4;12804,1;0;0;0;
1007;930,75;10744,02;1998,33;3650,8;65535;16428,2;12777,4;0;0;0;
1008;930,89;10742,39;1999,96;3608,2;65535;16407,1;12798,9;0;0;0;
1009;931,03;10740,76;2001,58;3768,2;65535;16492,3;12724,1;0;0;0;
1010;931,17;10739,13;2003,21;3617;65535;16329,3;12712,3;0;0;0;
1011;931,31;10737,51;2004,84;4578,7;65535;17287,6;12708,9;0;0;0;
1012;931,46;10735,88;2006,46;3611,3;65535;16299,1;12687,8;0;0;0;
1013;931,6;10734,26;2008,09;3578,9;65535;16204;12625,1;0;0;0;
1014;931,74;10732,63;2009,71;3566,8;65535;16251;12684,2;0;0;0;
1015;931,88;10731,01;2011,33;3539,3;65535;16288,4;12749,1;0;0;0;
1016;932,02;10729,39;2012,96;3607,5;65535;16272,4;12664,9;0;0;0;
1017;932,16;10727,76;2014,58;3602;65535;16311;12709;0;0;0;
1018;932,3;10726,14;2016,2;3656;65535;16381,9;12725,9;0;0;0;
1019;932,44;10724,52;2017,82;3540,4;65535;16264,1;12723,7;0;0;0;
1020;932,58;10722,9;2019,44;3700,1;65535;16430;12729,9;0;0;0;
1021;932,72;10721,28;2021,06;3630;65535;16366,9;12736,9;0;0;0;
1022;932,87;10719,66;2022,68;3694,6;65535;16424,9;12730,3;0;0;0;
1023;933,01;10718,04;2024,3;3593,2;65535;16289,6;12696,4;0;0;0;
1024;933,15;10716,43;2025,92;3544,5;65535;16263,1;12718,6;0;0;0;
1025;933,29;10714,81;2027,53;3604;65535;16308,7;12704,7;0;0;0;
1026;933,43;10713,19;2029,15;3669,7;65535;16505,7;12836;0;0;0;
1027;933,57;10711,58;2030,77;3668,4;65535;16618,2;12949,8;0;0;0;
1028;933,71;10709,96;2032,38;3600,1;65535;16601,6;13001,5;0;0;0;
1029;933,85;10708,35;2034;3710,2;65535;16728;13017,8;0;0;0;
1030;933,99;10706,73;2035,61;3577,9;65535;16654;13076,1;0;0;0;
1031;934,13;10705,12;2037,22;3634,3;65535;16819;13184,7;0;0;0;
1032;934,27;10703,51;2038,84;3711,3;65535;16931,3;13220;0;0;0;
1033;934,41;10701,89;2040,45;3659,4;65535;16912,1;13252,7;0;0;0;
1034;934,55;10700,28;2042,06;3564,1;65535;16858,5;13294,4;0;0;0;
1035;934,7;10698,67;2043,67;3754,9;65535;17052,2;13297,3;0;0;0;
1036;934,84;10697,06;2045,28;3646,4;65535;16972,2;13325,8;0;0;0;
1037;934,98;10695,45;2046,89;3664;65535;16953,4;13289,4;0;0;0;
1038;935,12;10693,84;2048,5;3972,3;65535;18368,2;14395,9;0;0;0;
1039;935,26;10692,24;2050,11;3657;65535;16953,1;13296,1;0;0;0;
1040;935,4;10690,63;2051,72;3651,5;65535;16980;13328,5;0;0;0;
1041;935,54;10689,02;2053,32;3800,2;65535;17160,5;13360,3;0;0;0;
1042;935,68;10687,42;2054,93;3677,5;65535;17024,4;13346,9;0;0;0;
1043;935,82;10685,81;2056,53;3940,2;65535;17354,1;13413,9;0;0;0;
1044;935,96;10684,2;2058,14;3616;65535;16993,1;13377,1;0;0;0;
1045;936,1;10682,6;2059,74;3688,1;65535;17023,7;13335,6;0;0;0;
1046;936,24;10681;2061,35;3819,2;65535;17124,9;13305,7;0;0;0;
1047;936,38;10679,39;2062,95;3679,3;65535;16986,4;13307,1;0;0;0;
1048;936,52;10677,79;2064,55;3918,4;65535;17295;13376,6;0;0;0;
1049;936,66;10676,19;2066,15;3750,8;65535;17053,4;13302,6;0;0;0;
1050;936,8;10674,59;2067,76;3648;65535;16909,9;13261,9;0;0;0;
1051;936,94;10672,99;2069,36;4541,1;65535;17840,4;13299,3;0;0;0;
1052;937,09;10671,39;2070,96;3695,9;65535;16935,1;13239,2;0;0;0;
1053;937,23;10669,79;2072,56;3714,2;65535;17028;13313,8;0;0;0;
1054;937,37;10668,19;2074,15;3664,8;65535;17006,5;13341,7;0;0;0;
1055;937,51;10666,59;2075,75;3641;65535;16867,5;13226,5;0;0;0;
1056;937,65;10664,99;2077,35;3579,4;65535;16837,2;13257,8;0;0;0;
1057;937,79;10663,4;2078,95;3552,1;65535;16839,7;13287,6;0;0;0;
1058;937,93;10661,8;2080,54;3515,5;65535;16727,1;13211,6;0;0;0;
1059;938,07;10660,2;2082,14;3649,1;65535;16910,6;13261,5;0;0;0;
1060;938,21;10658,61;2083,73;4134,2;65535;17402,5;13268,3;0;0;0;
1061;938,35;10657,02;2085,33;3666,9;65535;16926,9;13260;0;0;0;
1062;938,49;10655,42;2086,92;3581,9;65535;16856,6;13274,7;0;0;0;
1063;938,63;10653,83;2088,51;3568,4;65535;16830,4;13262;0;0;0;
1064;938,77;10652,24;2090,11;3796,1;65535;17082,4;13286,3;0;0;0;
1065;938,91;10650,64;2091,7;3692,8;65535;16975,6;13282,8;0;0;0;
1066;939,05;10649,05;2093,29;3709,2;65535;17051,3;13342,1;0;0;0;
1067;939,19;10647,46;2094,88;3785;65535;17071,4;13286,4;0;0;0;
1068;939,33;10645,87;2096,47;3568;65535;16836,5;13268,5;0;0;0;
1069;939,47;10644,28;2098,06;3817,8;65535;17099,9;13282,1;0;0;0;
1070;939,61;10642,69;2099,65;3681,9;65535;16892;13210,1;0;0;0;
1071;939,75;10641,11;2101,24;3815;65535;17112,6;13297,6;0;0;0;
1072;939,89;10639,52;2102,82;3765,1;65535;17061,5;13296,4;0;0;0;
1073;940,03;10637,93;2104,41;3743,2;65535;17096,9;13353,7;0;0;0;
1074;940,17;10636,35;2106;3583,4;65535;16907,6;13324,2;0;0;0;
1075;940,31;10634,76;2107,58;3725,5;65535;16966,7;13241,2;0;0;0;
1076;940,45;10633,18;2109,17;3646,3;65535;16891,3;13245;0;0;0;
1077;940,59;10631,59;2110,75;3706,4;65535;16919,2;13212,8;0;0;0;
1078;940,73;10630,01;2112,34;3536,9;65535;16738,2;13201,3;0;0;0;
1079;940,87;10628,43;2113,92;3815,6;65535;17006,7;13191,1;0;0;0;
1080;941,01;10626,84;2115,5;3631;65535;16810,5;13179,5;0;0;0;
1081;941,15;10625,26;2117,08;3620,5;65535;16742,9;13122,4;0;0;0;
1082;941,29;10623,68;2118,66;3726,4;65535;16902,2;13175,8;0;0;0;
1083;941,43;10622,1;2120,24;3583,8;65535;16677,4;13093,6;0;0;0;
1084;941,57;10620,52;2121,82;3553,8;65535;16617,9;13064,1;0;0;0;
1085;941,71;10618,94;2123,4;3692,3;65535;16697,1;13004,8;0;0;0;
1086;941,85;10617,36;2124,98;3633,1;65535;16684,8;13051,7;0;0;0;
1087;941,99;10615,78;2126,56;3605,3;65535;16636,4;13031,1;0;0;0;
1088;942,13;10614,21;2128,14;3605,9;65535;16755,6;13149,7;0;0;0;
1089;942,27;10612,63;2129,71;3786,2;65535;16871,1;13084,9;0;0;0;
1090;942,41;10611,05;2131,29;3800,6;65535;16714,7;12914,1;0;0;0;
1091;942,55;10609,48;2132,87;3649,7;65535;16510,4;12860,7;0;0;0;
1092;942,69;10607,9;2134,44;3912,3;65535;16786,8;12874,5;0;0;0;
1093;942,83;10606,33;2136,02;3819,7;65535;16672,4;12852,7;0;0;0;
1094;942,97;10604,75;2137,59;3733,9;65535;16551,6;12817,7;0;0;0;
1095;943,11;10603,18;2139,16;3606,2;65535;16439,8;12833,6;0;0;0;
1096;943,25;10601,61;2140,73;3553,8;65535;16361,8;12808;0;0;0;
1097;943,39;10600,04;2142,31;3644,6;65535;16430;12785,4;0;0;0;
1098;943,53;10598,47;2143,88;3607,6;65535;16357;12749,4;0;0;0;
1099;943,67;10596,89;2145,45;3583,7;65535;16396,6;12812,9;0;0;0;
1100;943,81;10595,32;2147,02;3655,1;65535;16370,1;12715;0;0;0;
1101;943,95;10593,76;2148,59;3637,6;65535;16430,9;12793,3;0;0;0;
1102;944,09;10592,19;2150,16;3611,2;65535;16339;12727,8;0;0;0;
1103;944,23;10590,62;2151,72;3635,8;65535;16375,1;12739,3;0;0;0;
1104;944,37;10589,05;2153,29;3722,3;65535;16494,2;12771,9;0;0;0;
1105;944,51;10587,48;2154,86;3834,8;65535;16706,6;12871,8;0;0;0;
1106;944,65;10585,92;2156,43;3743,2;65535;16583,4;12840,2;0;0;0;
1107;944,79;10584,35;2157,99;3587,2;65535;16413,9;12826,7;0;0;0;
1108;944,93;10582,79;2159,56;3549,1;65535;16361,6;12812,5;0;0;0;
1109;945,07;10581,22;2161,12;3689,4;65535;16570,8;12881,4;0;0;0;
1110;945,21;10579,66;2162,68;3567,3;65535;16537,5;12970,2;0;0;0;
1111;945,35;10578,1;2164,25;3664,7;65535;16618,4;12953,7;0;0;0;
1112;945,49;10576,53;2165,81;3753,5;65535;16798,7;13045,2;0;0;0;
1113;945,63;10574,97;2167,37;3998,9;65535;17075,4;13076,5;0;0;0;
1114;945,77;10573,41;2168,93;3821,6;65535;16879,1;13057,5;0;0;0;
1115;945,91;10571,85;2170,49;3603;65535;16653,7;13050,7;0;0;0;
1116;946,05;10570,29;2172,05;3689,6;65535;16780,5;13090,9;0;0;0;
1117;946,19;10568,73;2173,61;3766,9;65535;16836,4;13069,5;0;0;0;
1118;946,33;10567,17;2175,17;3650,3;65535;16790,3;13140;0;0;0;
1119;946,47;10565,61;2176,73;3654;65535;16834,8;13180,8;0;0;0;
1120;946,61;10564,05;2178,29;3723,9;65535;16944,3;13220,4;0;0;0;
1121;946,75;10562,5;2179,85;3676,8;65535;16951;13274,2;0;0;0;
1122;946,89;10560,94;2181,4;3684,4;65535;16974,7;13290,3;0;0;0;
1123;947,02;10559,38;2182,96;3629,7;65535;16945,4;13315,7;0;0;0;
1124;947,16;10557,83;2184,51;3708,5;65535;17057;13348,5;0;0;0;
1125;947,3;10556,27;2186,07;3654,6;65535;16991,1;13336,5;0;0;0;
1126;947,44;10554,72;2187,62;3598,4;65535;17009,6;13411,2;0;0;0;
1127;947,58;10553,17;2189,18;3560,8;65535;16962,6;13401,8;0;0;0;
1128;947,72;10551,61;2190,73;3625,9;65535;17012,5;13386,6;0;0;0;
1129;947,86;10550,06;2192,28;3906;65535;17269,3;13363,3;0;0;0;
1130;948;10548,51;2193,83;3660,3;65535;17036;13375,7;0;0;0;
1131;948,14;10546,96;2195,38;3615,8;65535;17062,2;13446,4;0;0;0;
1132;948,28;10545,41;2196,93;3667,7;65535;17119,9;13452,2;0;0;0;
1133;948,42;10543,86;2198,48;3672,1;65535;17178,5;13506,4;0;0;0;
1134;948,56;10542,31;2200,03;3626,7;65535;17120,2;13493,5;0;0;0;
1135;948,7;10540,76;2201,58;3699;65535;17121,1;13422,1;0;0;0;
1136;948,84;10539,21;2203,13;3618;65535;16965,5;13347,5;0;0;0;
1137;948,98;10537,67;2204,68;3696,7;65535;17063,3;13366,6;0;0;0;
1138;949,12;10536,12;2206,22;4076,3;65535;17502,8;13426,5;0;0;0;
1139;949,26;10534,57;2207,77;3561;65535;16916;13355;0;0;0;
1140;949,39;10533,03;2209,32;3826;65535;17162,1;13336,1;0;0;0;
1141;949,53;10531,48;2210,86;3681,5;65535;16968,5;13287;0;0;0;
1142;949,67;10529,94;2212,4;3789,5;65535;17064,4;13274,9;0;0;0;
1143;949,81;10528,4;2213,95;3672,7;65535;16803;13130,3;0;0;0;
1144;949,95;10526,85;2215,49;3768,3;65535;16976,6;13208,3;0;0;0;
1145;950,09;10525,31;2217,03;3648,3;65535;16841,6;13193,3;0;0;0;
1146;950,23;10523,77;2218,58;3603,7;65535;16766,6;13162,9;0;0;0;
1147;950,37;10522,23;2220,12;3546,9;65535;16655,4;13108,5;0;0;0;
1148;950,51;10520,69;2221,66;3722,5;65535;16771;13048,5;0;0;0;
1149;950,65;10519,15;2223,2;3715,2;65535;16712;12996,8;0;0;0;
1150;950,79;10517,61;2224,74;3701,8;65535;16570,8;12869;0;0;0;
1151;950,93;10516,07;2226,28;3679,4;65535;16431,1;12751,7;0;0;0;
1152;951,06;10514,53;2227,81;3557,2;65535;16180,6;12623,4;0;0;0;
1153;951,2;10512,99;2229,35;3672,1;65535;16203,3;12531,2;0;0;0;
1154;951,34;10511,45;2230,89;3671;65535;16111;12440;0;0;0;
1155;951,48;10509,92;2232,43;3688,4;65535;16072;12383,6;0;0;0;
1156;951,62;10508,38;2233,96;3648,4;65535;15942,2;12293,8;0;0;0;
1157;951,76;10506,85;2235,5;3573,1;65535;15788,9;12215,8;0;0;0;
1158;951,9;10505,31;2237,03;3818,1;65535;15950,3;12132,2;0;0;0;
1159;952,04;10503,78;2238,57;3707,4;65535;15699;11991,6;0;0;0;
1160;952,18;10502,24;2240,1;3613,5;65535;15541;11927,5;0;0;0;
1161;952,32;10500,71;2241,63;3791,6;65535;15673,1;11881,5;0;0;0;
1162;952,46;10499,18;2243,16;3756,6;65535;15571;11814,4;0;0;0;
1163;952,59;10497,65;2244,7;3583,1;65535;15298;11714,9;0;0;0;
1164;952,73;10496,12;2246,23;3720;65535;15361,4;11641,4;0;0;0;
1165;952,87;10494,59;2247,76;3813,2;65535;15467,6;11654,4;0;0;0;
1166;953,01;10493,06;2249,29;3879,3;65535;15527,9;11648,6;0;0;0;
1167;953,15;10491,53;2250,82;3537,5;65535;15185,6;11648,1;0;0;0;
1168;953,29;10490;2252,34;3879,8;65535;15618,8;11739;0;0;0;
1169;953,43;10488,47;2253,87;3644,9;65535;15450,6;11805,7;0;0;0;
1170;953,57;10486,94;2255,4;3673,5;65535;15531,4;11857,9;0;0;0;
1171;953,71;10485,42;2256,93;3869,7;65535;15746,9;11877,2;0;0;0;
1172;953,84;10483,89;2258,45;3720,2;65535;15650,5;11930,3;0;0;0;
1173;953,98;10482,36;2259,98;3724,7;65535;15736,7;12012;0;0;0;
1174;954,12;10480,84;2261,5;3572,1;65535;15572,4;12000,3;0;0;0;
1175;954,26;10479,32;2263,03;3578,6;65535;15642,1;12063,5;0;0;0;
1176;954,4;10477,79;2264,55;3635,8;65535;15781,9;12146,1;0;0;0;
1177;954,54;10476,27;2266,08;3559,3;65535;15730,3;12171;0;0;0;
1178;954,68;10474,75;2267,6;3659;65535;15958,8;12299,8;0;0;0;
1179;954,82;10473,22;2269,12;4069,1;65535;16236,5;12167,4;0;0;0;
1180;954,95;10471,7;2270,64;3655,5;65535;15956,3;12300,8;0;0;0;
1181;955,09;10470,18;2272,16;3874,1;65535;16295;12420,9;0;0;0;
1182;955,23;10468,66;2273,68;3716,5;65535;16153;12436,5;0;0;0;
1183;955,37;10467,14;2275,2;3686,1;65535;16189,2;12503,1;0;0;0;
1184;955,51;10465,62;2276,72;3735,7;65535;16285,6;12549,9;0;0;0;
1185;955,65;10464,1;2278,24;4102,2;65535;16673,1;12570,9;0;0;0;
1186;955,79;10462,59;2279,76;3734,6;65535;16366,7;12632,1;0;0;0;
1187;955,93;10461,07;2281,28;3612,1;65535;16261,6;12649,5;0;0;0;
1188;956,06;10459,55;2282,79;3651,5;65535;16337,3;12685,8;0;0;0;
1189;956,2;10458,04;2284,31;4092,8;65535;16791,6;12698,8;0;0;0;
1190;956,34;10456,52;2285,82;4015,2;65535;16686,3;12671,1;0;0;0;
1191;956,48;10455,01;2287,34;3746,7;65535;16454;12707,3;0;0;0;
1192;956,62;10453,49;2288,85;3905,2;65535;16733,8;12828,6;0;0;0;
1193;956,76;10451,98;2290,37;3608,8;65535;16389,1;12780,3;0;0;0;
1194;956,9;10450,46;2291,88;3587;65535;16382,3;12795,3;0;0;0;
1195;957,03;10448,95;2293,39;3525,7;65535;16305,8;12780,1;0;0;0;
1196;957,17;10447,44;2294,9;3654,4;65535;16478,4;12824;0;0;0;
1197;957,31;10445,93;2296,42;3921,7;65535;16760,7;12839;0;0;0;
1198;957,45;10444,42;2297,93;3739,1;65535;16609,5;12870,4;0;0;0;
1199;957,59;10442,91;2299,44;3775,2;65535;16659,8;12884,6;0;0;0;
1200;957,73;10441,4;2300,95;3667,4;65535;16561,8;12894,4;0;0;0;
1201;957,86;10439,89;2302,46;3679;65535;16561,1;12882,1;0;0;0;
1202;958;10438,38;2303,96;3790,3;65535;16687,5;12897,2;0;0;0;
1203;958,14;10436,87;2305,47;3562,5;65535;16401,7;12839,2;0;0;0;
1204;958,28;10435,36;2306,98;4405,4;65535;17343,1;12937,7;0;0;0;
1205;958,42;10433,86;2308,49;3764,5;65535;16658,8;12894,3;0;0;0;
1206;958,56;10432,35;2309,99;3709,2;65535;16588,4;12879,2;0;0;0;
1207;958,69;10430,85;2311,5;3768,5;65535;16636,2;12867,7;0;0;0;
1208;958,83;10429,34;2313;3645,3;65535;16457,9;12812,6;0;0;0;
1209;958,97;10427,84;2314,51;3650;65535;16423,7;12773,7;0;0;0;
1210;959,11;10426,33;2316,01;3680,8;65535;16533;12852,2;0;0;0;
1211;959,25;10424,83;2317,51;3604,6;65535;16383,2;12778,6;0;0;0;
1212;959,39;10423,33;2319,02;3780,8;65535;16566,2;12785,4;0;0;0;
1213;959,52;10421,83;2320,52;3540,9;65535;16313;12772,1;0;0;0;
1214;959,66;10420,32;2322,02;4129,8;65535;16785,8;12656;0;0;0;
1215;959,8;10418,82;2323,52;4085,3;65535;16805,9;12720,6;0;0;0;
1216;959,94;10417,32;2325,02;3844,6;65535;16517;12672,4;0;0;0;
1217;960,08;10415,82;2326,52;3575;65535;16187,5;12612,5;0;0;0;
1218;960,22;10414,33;2328,02;4081,9;65535;16712,7;12630,8;0;0;0;
1219;960,35;10412,83;2329,52;3658,2;65535;16272,4;12614,2;0;0;0;
1220;960,49;10411,33;2331,01;3660,5;65535;16249,6;12589,1;0;0;0;
1221;960,63;10409,83;2332,51;3600,3;65535;16142,9;12542,6;0;0;0;
1222;960,77;10408,33;2334,01;3662,5;65535;16167,4;12504,9;0;0;0;
1223;960,91;10406,84;2335,5;3723,2;65535;16152,3;12429,1;0;0;0;
1224;961,04;10405,34;2337;3761,5;65535;16205,8;12444,3;0;0;0;
1225;961,18;10403,85;2338,5;3657,8;65535;16096;12438,2;0;0;0;
1226;961,32;10402,35;2339,99;3561,6;65535;15942,7;12381,1;0;0;0;
1227;961,46;10400,86;2341,48;3592,4;65535;15967,8;12375,4;0;0;0;
1228;961,6;10399,37;2342,98;3713,4;65535;16076;12362,6;0;0;0;
1229;961,74;10397,87;2344,47;3741,8;65535;16099,6;12357,8;0;0;0;
1230;961,87;10396,38;2345,96;3821,5;65535;16162,6;12341,1;0;0;0;
1231;962,01;10394,89;2347,45;3743,8;65535;16048;12304,2;0;0;0;
1232;962,15;10393,4;2348,94;3681,6;65535;15955,9;12274,3;0;0;0;
1233;962,29;10391,91;2350,43;3601;65535;15869,5;12268,5;0;0;0;
1234;962,42;10390,42;2351,92;3806,9;65535;16077,6;12270,7;0;0;0;
1235;962,56;10388,93;2353,41;3695,1;65535;15966,9;12271,8;0;0;0;
1236;962,7;10387,44;2354,9;3776,5;65535;15980,2;12203,7;0;0;0;
1237;962,84;10385,95;2356,39;3741,3;65535;15983,3;12242;0;0;0;
1238;962,98;10384,47;2357,88;3582,1;65535;15761,5;12179,4;0;0;0;
1239;963,11;10382,98;2359,36;3883,5;65535;16065,6;12182,1;0;0;0;
1240;963,25;10381,49;2360,85;3635,1;65535;15815,4;12180,3;0;0;0;
1241;963,39;10380,01;2362,33;3596;65535;15701,9;12105,9;0;0;0;
1242;963,53;10378,52;2363,82;3753,4;65535;15819,6;12066,2;0;0;0;
1243;963,67;10377,04;2365,3;3749,7;65535;15784,4;12034,7;0;0;0;
1244;963,8;10375,56;2366,79;3665,1;65535;15665,9;12000,8;0;0;0;
1245;963,94;10374,07;2368,27;3777,6;65535;15754,6;11977;0;0;0;
1246;964,08;10372,59;2369,75;3812,3;65535;15820,7;12008,4;0;0;0;
1247;964,22;10371,11;2371,24;3621,1;65535;15676,5;12055,4;0;0;0;
1248;964,35;10369,63;2372,72;3640,3;65535;15607;11966,7;0;0;0;
1249;964,49;10368,14;2374,2;3677,7;65535;15683,4;12005,7;0;0;0;
1250;964,63;10366,66;2375,68;3637,2;65535;15604,4;11967,2;0;0;0;
1251;964,77;10365,18;2377,16;3576,7;65535;15505,7;11929;0;0;0;
1252;964,91;10363,71;2378,64;3662,9;65535;15607,2;11944,3;0;0;0;
1253;965,04;10362,23;2380,12;3741;65535;15657,9;11916,9;0;0;0;
1254;965,18;10360,75;2381,59;3673,7;65535;15599,9;11926,2;0;0;0;
1255;965,32;10359,27;2383,07;3695,7;65535;15620,9;11925,2;0;0;0;
1256;965,46;10357,79;2384,55;3688,5;65535;15562,4;11873,9;0;0;0;
1257;965,59;10356,32;2386,03;3673,9;65535;15533,8;11859,9;0;0;0;
1258;965,73;10354,84;2387,5;3652,4;65535;15456,9;11804,5;0;0;0;
1259;965,87;10353,37;2388,98;3678,2;65535;15484,9;11806,7;0;0;0;
1260;966,01;10351,89;2390,45;4742,6;65535;16580,1;11837,5;0;0;0;
1261;966,14;10350,42;2391,93;3744,5;65535;15484,1;11739,6;0;0;0;
1262;966,28;10348,94;2393,4;3765,3;65535;15553,2;11787,9;0;0;0;
1263;966,42;10347,47;2394,87;3670;65535;15443,8;11773,8;0;0;0;
1264;966,56;10346;2396,34;3605,7;65535;15341,1;11735,4;0;0;0;
1265;966,69;10344,53;2397,82;3643,4;65535;15364,2;11720,8;0;0;0;
1266;966,83;10343,06;2399,29;3707;65535;15434,4;11727,4;0;0;0;
1267;966,97;10341,59;2400,76;3603,7;65535;15306;11702,3;0;0;0;
1268;967,11;10340,12;2402,23;3761,6;65535;15423;11661,4;0;0;0;
1269;967,24;10338,65;2403,7;3633,1;65535;15294,4;11661,3;0;0;0;
1270;967,38;10337,18;2405,17;3827,2;65535;15484,5;11657,3;0;0;0;
1271;967,52;10335,71;2406,63;3609,9;65535;15227,2;11617,3;0;0;0;
1272;967,66;10334,24;2408,1;3784,7;65535;15379,4;11594,7;0;0;0;
1273;967,79;10332,77;2409,57;3597,8;65535;15181,8;11584;0;0;0;
1274;967,93;10331,31;2411,04;4720,9;65535;16361,7;11640,8;0;0;0;
1275;968,07;10329,84;2412,5;3763,2;65535;15338,9;11575,7;0;0;0;
1276;968,21;10328,38;2413,97;3659,4;65535;15181,8;11522,4;0;0;0;
1277;968,34;10326,91;2415,43;3662;65535;15187,3;11525,3;0;0;0;
1278;968,48;10325,45;2416,9;3904,6;65535;15404,8;11500,2;0;0;0;
1279;968,62;10323,98;2418,36;3792,5;65535;15338,2;11545,7;0;0;0;
1280;968,76;10322,52;2419,82;3633,4;65535;15183,3;11549,9;0;0;0;
1281;968,89;10321,06;2421,29;3665,6;65535;15229,1;11563,5;0;0;0;
1282;969,03;10319,59;2422,75;3715,4;65535;15237,7;11522,3;0;0;0;
1283;969,17;10318,13;2424,21;3849,3;65535;15326,6;11477,3;0;0;0;
1284;969,3;10316,67;2425,67;4089,3;65535;15622,5;11533,2;0;0;0;
1285;969,44;10315,21;2427,13;3734,9;65535;15274,9;11540;0;0;0;
1286;969,58;10313,75;2428,59;3686,2;65535;15182,2;11496;0;0;0;
1287;969,72;10312,29;2430,05;3745,2;65535;15294,3;11549,1;0;0;0;
1288;969,85;10310,83;2431,51;3723,8;65535;15189,9;11466,1;0;0;0;
1289;969,99;10309,38;2432,97;3643,7;65535;15097,5;11453,8;0;0;0;
1290;970,13;10307,92;2434,42;3576,6;65535;15097,5;11520,9;0;0;0;
1291;970,27;10306,46;2435,88;3535,3;65535;15074,6;11539,3;0;0;0;
1292;970,4;10305,01;2437,34;3709;65535;15209,6;11500,6;0;0;0;
1293;970,54;10303,55;2438,79;3680,7;65535;15180,4;11499,7;0;0;0;
1294;970,68;10302,09;2440,25;3621,9;65535;15145,9;11524;0;0;0;
1295;970,81;10300,64;2441,7;3752,1;65535;15241,6;11489,5;0;0;0;
1296;970,95;10299,19;2443,16;3654,3;65535;15170,7;11516,4;0;0;0;
1297;971,09;10297,73;2444,61;3829,9;65535;15323,3;11493,4;0;0;0;
1298;971,22;10296,28;2446,06;3702,8;65535;15195,2;11492,4;0;0;0;
1299;971,36;10294,83;2447,52;3670,5;65535;15169,6;11499,1;0;0;0;
1300;971,5;10293,37;2448,97;3602,6;65535;15115,3;11512,7;0;0;0;
1301;971,64;10291,92;2450,42;3631,4;65535;15182,4;11551;0;0;0;
1302;971,77;10290,47;2451,87;3942;65535;15519,3;11577,3;0;0;0;
1303;971,91;10289,02;2453,32;3611,5;65535;15139;11527,5;0;0;0;
1304;972,05;10287,57;2454,77;3540,9;65535;15065,9;11525;0;0;0;
1305;972,18;10286,12;2456,22;3648,2;65535;15226,2;11578;0;0;0;
1306;972,32;10284,68;2457,67;3815,4;65535;15385,8;11570,4;0;0;0;
1307;972,46;10283,23;2459,12;3678;65535;15214;11536;0;0;0;
1308;972,59;10281,78;2460,56;3599,7;65535;15197,5;11597,8;0;0;0;
1309;972,73;10280,33;2462,01;3599,1;65535;15178,4;11579,3;0;0;0;
1310;972,87;10278,89;2463,46;3723,4;65535;15321,9;11598,5;0;0;0;
1311;973;10277,44;2464,9;3744,8;65535;15276,7;11531,9;0;0;0;
1312;973,14;10276;2466,35;3680,1;65535;15215;11534,9;0;0;0;
1313;973,28;10274,55;2467,79;3622,9;65535;15157,5;11534,6;0;0;0;
1314;973,42;10273,11;2469,24;3633,3;65535;15112,5;11479,2;0;0;0;
1315;973,55;10271,66;2470,68;3605,6;65535;15070,1;11464,5;0;0;0;
1316;973,69;10270,22;2472,12;3821,4;65535;15271,4;11450;0;0;0;
1317;973,83;10268,78;2473,56;3596;65535;15006,8;11410,8;0;0;0;
1318;973,96;10267,34;2475,01;3536,8;65535;14922,4;11385,6;0;0;0;
1319;974,1;10265,9;2476,45;3836,5;65535;15181,8;11345,3;0;0;0;
1320;974,24;10264,46;2477,89;3631;65535;14957,7;11326,7;0;0;0;
1321;974,37;10263,02;2479,33;3736;65535;15057;11321;0;0;0;
1322;974,51;10261,58;2480,77;3689,2;65535;14939;11249,8;0;0;0;
1323;974,65;10260,14;2482,21;3778,7;65535;15042,2;11263,5;0;0;0;
1324;974,78;10258,7;2483,64;3664,7;65535;14830,9;11166,2;0;0;0;
1325;974,92;10257,26;2485,08;3694,1;65535;14857;11162,9;0;0;0;
1326;975,06;10255,82;2486,52;3857,8;65535;15022,9;11165,1;0;0;0;
1327;975,19;10254,39;2487,96;3897,2;65535;14966,4;11069,2;0;0;0;
1328;975,33;10252,95;2489,39;3593,2;65535;14673,4;11080,2;0;0;0;
1329;975,47;10251,52;2490,83;3766,1;65535;14767,9;11001,8;0;0;0;
1330;975,6;10250,08;2492,26;3612,8;65535;14621,7;11008,9;0;0;0;
1331;975,74;10248,65;2493,7;3603,4;65535;14603,5;11000,1;0;0;0;
1332;975,88;10247,21;2495,13;3550,9;65535;14531,3;10980,4;0;0;0;
1333;976,01;10245,78;2496,56;3783;65535;14742,2;10959,2;0;0;0;
1334;976,15;10244,35;2498;3674,7;65535;14603,2;10928,5;0;0;0;
1335;976,28;10242,91;2499,43;3700,6;65535;14658,4;10957,8;0;0;0;
1336;976,42;10241,48;2500,86;3601,6;65535;14496,6;10895;0;0;0;
1337;976,56;10240,05;2502,29;3671,7;65535;14536,1;10864,4;0;0;0;
1338;976,69;10238,62;2503,72;3750,3;65535;14558,7;10808,4;0;0;0;
1339;976,83;10237,19;2505,15;3732,9;65535;14480,4;10747,5;0;0;0;
1340;976,97;10235,76;2506,58;4229,7;65535;14964,2;10734,5;0;0;0;
1341;977,1;10234,33;2508,01;3683,5;65535;14344,3;10660,8;0;0;0;
1342;977,24;10232,9;2509,44;3752,2;65535;14410,5;10658,3;0;0;0;
1343;977,38;10231,48;2510,87;3718,7;65535;14360,2;10641,5;0;0;0;
1344;977,51;10230,05;2512,29;3709,3;65535;14361;10651,7;0;0;0;
1345;977,65;10228,62;2513,72;3712,1;65535;14347,9;10635,8;0;0;0;
1346;977,79;10227,2;2515,15;3670,2;65535;14290,3;10620,1;0;0;0;
1347;977,92;10225,77;2516,57;3698,1;65535;14331,3;10633,2;0;0;0;
1348;978,06;10224,35;2518;3593,1;65535;14111,5;10518,4;0;0;0;
1349;978,19;10222,92;2519,42;3671,9;65535;14131,2;10459,3;0;0;0;
1350;978,33;10221,5;2520,85;3680,7;65535;14104,2;10423,5;0;0;0;
1351;978,47;10220,07;2522,27;3713,3;65535;14142,4;10429,1;0;0;0;
1352;978,6;10218,65;2523,69;3610,1;65535;14008,9;10398,8;0;0;0;
1353;978,74;10217,23;2525,11;3829,3;65535;14194,5;10365,2;0;0;0;
1354;978,88;10215,81;2526,54;4333,7;65535;14638,1;10304,4;0;0;0;
1355;979,01;10214,39;2527,96;3615,4;65535;13846,6;10231,2;0;0;0;
1356;979,15;10212,97;2529,38;3752,6;65535;14032,5;10279,9;0;0;0;
1357;979,28;10211,55;2530,8;3568,1;65535;13891,1;10323;0;0;0;
1358;979,42;10210,13;2532,22;3805,7;65535;14066,7;10261;0;0;0;
1359;979,56;10208,71;2533,64;3786,7;65535;13996,7;10210;0;0;0;
1360;979,69;10207,29;2535,05;3769,6;65535;13940,5;10170,9;0;0;0;
1361;979,83;10205,87;2536,47;3648,9;65535;13767,7;10118,8;0;0;0;
1362;979,96;10204,45;2537,89;3665,4;65535;13752,4;10087;0;0;0;
1363;980,1;10203,04;2539,31;3956,6;65535;13990,4;10033,8;0;0;0;
1364;980,24;10201,62;2540,72;3612;65535;13611,5;9999,5;0;0;0;
1365;980,37;10200,21;2542,14;3641,6;65535;13597;9955,4;0;0;0;
1366;980,51;10198,79;2543,55;3666,7;65535;13599,5;9932,8;0;0;0;
1367;980,64;10197,38;2544,97;3755,5;65535;13666,4;9910,9;0;0;0;
1368;980,78;10195,96;2546,38;3798;65535;13626,2;9828,2;0;0;0;
1369;980,92;10194,55;2547,8;3597,9;65535;13303,7;9705,8;0;0;0;
1370;981,05;10193,14;2549,21;3657,8;65535;13321,6;9663,8;0;0;0;
1371;981,19;10191,72;2550,62;3656,9;65535;13268;9611,1;0;0;0;
1372;981,32;10190,31;2552,03;3708,1;65535;13251,5;9543,4;0;0;0;
1373;981,46;10188,9;2553,44;3722,8;65535;13180,6;9457,8;0;0;0;
1374;981,6;10187,49;2554,85;3620,2;65535;13081,4;9461,2;0;0;0;
1375;981,73;10186,08;2556,26;4406,9;65535;13915,1;9508,2;0;0;0;
1376;981,87;10184,67;2557,67;3820,3;65535;13168,9;9348,6;0;0;0;
1377;982;10183,26;2559,08;3832,4;65535;13141;9308,6;0;0;0;
1378;982,14;10181,85;2560,49;3705,4;65535;12939,9;9234,5;0;0;0;
1379;982,28;10180,44;2561,9;3550,6;65535;12742,3;9191,7;0;0;0;
1380;982,41;10179,04;2563,31;3712,6;65535;12804,5;9091,9;0;0;0;
1381;982,55;10177,63;2564,71;3634,8;65535;12667,5;9032,7;0;0;0;
1382;982,68;10176,22;2566,12;3600,3;65535;12583,4;8983,1;0;0;0;
1383;982,82;10174,82;2567,53;3667,1;65535;12555,9;8888,8;0;0;0;
1384;982,95;10173,41;2568,93;3589,3;65535;12403,2;8813,9;0;0;0;
1385;983,09;10172,01;2570,34;3649,4;65535;12424,2;8774,8;0;0;0;
1386;983,23;10170,6;2571,74;3606,3;65535;12276,7;8670,4;0;0;0;
1387;983,36;10169,2;2573,14;3840,1;65535;12527,8;8687,7;0;0;0;
1388;983,5;10167,8;2574,55;3631,8;65535;12231,5;8599,7;0;0;0;
1389;983,63;10166,39;2575,95;3716;65535;12328,9;8612,9;0;0;0;
1390;983,77;10164,99;2577,35;3666,9;65535;12217,6;8550,7;0;0;0;
1391;983,9;10163,59;2578,75;3725,7;65535;12239,1;8513,4;0;0;0;
1392;984,04;10162,19;2580,15;3619,1;65535;12047,5;8428,4;0;0;0;
1393;984,18;10160,79;2581,55;3727,1;65535;12172,6;8445,5;0;0;0;
1394;984,31;10159,39;2582,95;3723,8;65535;12170,1;8446,3;0;0;0;
1395;984,45;10157,99;2584,35;3680,6;65535;12104,2;8423,6;0;0;0;
1396;984,58;10156,59;2585,75;3766,6;65535;12144,2;8377,6;0;0;0;
1397;984,72;10155,19;2587,15;3798,9;65535;12223,8;8424,9;0;0;0;
1398;984,85;10153,8;2588,55;3627,1;65535;12056,2;8429,1;0;0;0;
1399;984,99;10152,4;2589,94;3627,8;65535;12045,4;8417,6;0;0;0;
1400;985,12;10151;2591,34;3719,2;65535;12174,2;8455;0;0;0;
1401;985,26;10149,61;2592,74;3570;65535;12034,8;8464,8;0;0;0;
1402;985,4;10148,21;2594,13;3604,2;65535;12088,1;8483,9;0;0;0;
1403;985,53;10146,82;2595,53;3818,4;65535;12361,5;8543,1;0;0;0;
1404;985,67;10145,42;2596,92;3627,2;65535;12164,6;8537,4;0;0;0;
1405;985,8;10144,03;2598,32;3760,6;65535;12336,2;8575,6;0;0;0;
1406;985,94;10142,63;2599,71;3588,6;65535;12163;8574,4;0;0;0;
1407;986,07;10141,24;2601,1;3596,6;65535;12197,4;8600,8;0;0;0;
1408;986,21;10139,85;2602,49;3732,6;65535;12385;8652,4;0;0;0;
1409;986,34;10138,46;2603,89;3773,6;65535;12421,8;8648,2;0;0;0;
1410;986,48;10137,07;2605,28;3704,4;65535;12396,3;8691,9;0;0;0;
1411;986,61;10135,68;2606,67;3721;65535;12367,5;8646,5;0;0;0;
1412;986,75;10134,29;2608,06;3786,1;65535;12512,8;8726,7;0;0;0;
1413;986,88;10132,9;2609,45;3657,8;65535;12398,5;8740,7;0;0;0;
1414;987,02;10131,51;2610,84;3724,6;65535;12496,3;8771,7;0;0;0;
1415;987,16;10130,12;2612,22;3603,6;65535;12423,8;8820,2;0;0;0;
1416;987,29;10128,73;2613,61;3664,2;65535;12505,3;8841,1;0;0;0;
1417;987,43;10127,34;2615;3595,2;65535;12480;8884,8;0;0;0;
1418;987,56;10125,96;2616,39;3762,1;65535;12684,5;8922,4;0;0;0;
1419;987,7;10124,57;2617,77;4058,4;65535;13020,3;8961,9;0;0;0;
1420;987,83;10123,18;2619,16;3657,1;65535;12647,9;8990,8;0;0;0;
1421;987,97;10121,8;2620,54;3573,7;65535;12544,3;8970,6;0;0;0;
1422;988,1;10120,41;2621,93;3654,8;65535;12663,7;9008,9;0;0;0;
1423;988,24;10119,03;2623,31;3668,7;65535;12711,3;9042,6;0;0;0;
1424;988,37;10117,65;2624,7;3837,5;65535;12867;9029,5;0;0;0;
1425;988,51;10116,26;2626,08;3622,2;65535;12659,4;9037,2;0;0;0;
1426;988,64;10114,88;2627,46;3695,1;65535;12733,1;9038;0;0;0;
1427;988,78;10113,5;2628,84;3986,6;65535;13053,1;9066,5;0;0;0;
1428;988,91;10112,12;2630,23;3658,6;65535;12717;9058,4;0;0;0;
1429;989,05;10110,74;2631,61;3563,9;65535;12647,4;9083,5;0;0;0;
1430;989,18;10109,36;2632,99;4149;65535;13219,7;9070,7;0;0;0;
1431;989,32;10107,98;2634,37;3851,5;65535;12927,8;9076,3;0;0;0;
1432;989,45;10106,6;2635,75;3825;65535;12915,4;9090,4;0;0;0;
1433;989,59;10105,22;2637,13;3643,8;65535;12660,9;9017,1;0;0;0;
1434;989,72;10103,84;2638,5;3604,3;65535;12685,6;9081,3;0;0;0;
1435;989,86;10102,46;2639,88;3621,3;65535;12691,2;9069,9;0;0;0;
1436;989,99;10101,08;2641,26;3696,7;65535;12733,6;9036,9;0;0;0;
1437;990,13;10099,71;2642,64;3700,4;65535;12759,4;9059;0;0;0;
1438;990,26;10098,33;2644,01;3811,1;65535;12920,2;9109,1;0;0;0;
1439;990,4;10096,96;2645,39;3662,8;65535;12795,6;9132,8;0;0;0;
1440;990,53;10095,58;2646,76;3635,9;65535;12711,3;9075,4;0;0;0;
1441;990,67;10094,21;2648,14;3714,7;65535;12796,6;9081,9;0;0;0;
1442;990,8;10092,83;2649,51;3737,1;65535;12805,7;9068,6;0;0;0;
1443;990,94;10091,46;2650,88;5564,2;65535;13360,1;7795,9;0;0;0;
1444;991,07;10090,09;2652,26;3672,7;65535;12739,5;9066,8;0;0;0;
1445;991,21;10088,71;2653,63;3913,3;65535;12996,8;9083,5;0;0;0;
1446;991,34;10087,34;2655;3770,1;65535;12860,4;9090,3;0;0;0;
1447;991,48;10085,97;2656,37;3617,5;65535;12667,9;9050,4;0;0;0;
1448;991,61;10084,6;2657,74;3611,4;65535;12674,9;9063,5;0;0;0;
1449;991,75;10083,23;2659,11;3699,3;65535;12733,5;9034,2;0;0;0;
1450;991,88;10081,86;2660,48;3603,5;65535;12671,3;9067,8;0;0;0;
1451;992,02;10080,49;2661,85;3556,8;65535;12600,7;9043,9;0;0;0;
1452;992,15;10079,12;2663,22;3598,7;65535;12594,5;8995,8;0;0;0;
1453;992,28;10077,75;2664,59;3570,3;65535;12572,7;9002,4;0;0;0;
1454;992,42;10076,39;2665,96;3728,5;65535;12745,3;9016,8;0;0;0;
1455;992,55;10075,02;2667,33;3681,3;65535;12663,8;8982,5;0;0;0;
1456;992,69;10073,65;2668,69;3689,9;65535;12663;8973,1;0;0;0;
1457;992,82;10072,29;2670,06;3622,4;65535;12552;8929,6;0;0;0;
1458;992,96;10070,92;2671,42;3787,8;65535;12694,6;8906,8;0;0;0;
1459;993,09;10069,55;2672,79;3642,8;65535;12536,1;8893,3;0;0;0;
1460;993,23;10068,19;2674,15;3728,4;65535;12623,8;8895,4;0;0;0;
1461;993,36;10066,83;2675,52;3626;65535;12513,5;8887,5;0;0;0;
1462;993,5;10065,46;2676,88;3607,4;65535;12519,9;8912,5;0;0;0;
1463;993,63;10064,1;2678,24;4118,9;65535;13006,7;8887,8;0;0;0;
1464;993,77;10062,74;2679,61;3591,2;65535;12444,8;8853,6;0;0;0;
1465;993,9;10061,38;2680,97;3914;65535;12753,3;8839,3;0;0;0;
1466;994,03;10060,01;2682,33;4283,1;65535;13074,2;8791,1;0;0;0;
1467;994,17;10058,65;2683,69;3822;65535;12596,6;8774,6;0;0;0;
1468;994,3;10057,29;2685,05;3710,6;65535;12468,8;8758,2;0;0;0;
1469;994,44;10055,93;2686,41;3746,4;65535;12490,4;8744;0;0;0;
1470;994,57;10054,57;2687,77;3688,6;65535;12415;8726,4;0;0;0;
1471;994,71;10053,22;2689,13;3709,6;65535;12433;8723,4;0;0;0;
1472;994,84;10051,86;2690,49;3713,9;65535;12457,9;8744;0;0;0;
1473;994,98;10050,5;2691,84;3706,7;65535;12412,5;8705,8;0;0;0;
1474;995,11;10049,14;2693,2;3807,6;65535;12506,4;8698,8;0;0;0;
1475;995,24;10047,79;2694,56;3670,1;65535;12337,4;8667,3;0;0;0;
1476;995,38;10046,43;2695,91;3705,6;65535;12354,7;8649,1;0;0;0;
1477;995,51;10045,07;2697,27;3967,3;65535;12614;8646,7;0;0;0;
1478;995,65;10043,72;2698,62;3713,9;65535;12332;8618,1;0;0;0;
1479;995,78;10042,36;2699,98;3724,5;65535;12368;8643,5;0;0;0;
1480;995,92;10041,01;2701,33;3876,4;65535;12497,2;8620,8;0;0;0;
1481;996,05;10039,66;2702,69;3992;65535;12601,6;8609,6;0;0;0;
1482;996,18;10038,3;2704,04;3710,1;65535;12342,7;8632,6;0;0;0;
1483;996,32;10036,95;2705,39;3646;65535;12274,1;8628,1;0;0;0;
1484;996,45;10035,6;2706,74;3665,2;65535;12269,1;8603,9;0;0;0;
1485;996,59;10034,25;2708,1;3601,3;65535;12244,9;8643,6;0;0;0;
1486;996,72;10032,9;2709,45;3685,8;65535;12350,1;8664,3;0;0;0;
1487;996,86;10031,55;2710,8;3544,2;65535;12239,6;8695,4;0;0;0;
1488;996,99;10030,2;2712,15;3591,5;65535;12308,4;8716,9;0;0;0;
1489;997,12;10028,85;2713,5;3558,5;65535;12252,8;8694,3;0;0;0;
1490;997,26;10027,5;2714,84;3716,9;65535;12357,1;8640,2;0;0;0;
1491;997,39;10026,15;2716,19;3728,8;65535;12362,1;8633,3;0;0;0;
1492;997,53;10024,8;2717,54;3776,7;65535;12390,2;8613,5;0;0;0;
1493;997,66;10023,46;2718,89;4045,7;65535;12677,1;8631,4;0;0;0;
1494;997,79;10022,11;2720,23;3621,6;65535;12217,9;8596,3;0;0;0;
1495;997,93;10020,76;2721,58;3712,3;65535;12332,7;8620,4;0;0;0;
1496;998,06;10019,42;2722,93;3684,7;65535;12257,1;8572,4;0;0;0;
1497;998,2;10018,07;2724,27;3701,6;65535;12288;8586,4;0;0;0;
1498;998,33;10016,73;2725,62;3579,5;65535;12155,6;8576,1;0;0;0;
1499;998,46;10015,38;2726,96;3683,1;65535;12246,7;8563,6;0;0;0;
1500;998,6;10014,04;2728,3;3635,3;65535;12206,5;8571,2;0;0;0;
1501;998,73;10012,7;2729,65;3674,9;65535;12261,2;8586,3;0;0;0;
1502;998,87;10011,35;2730,99;3825,8;65535;12375,9;8550,1;0;0;0;
1503;999;10010,01;2732,33;3653,7;65535;12166,3;8512,6;0;0;0;
1504;999,13;10008,67;2733,67;3605,7;65535;12104;8498,3;0;0;0;
1505;999,27;10007,33;2735,01;3962,8;65535;12448,6;8485,8;0;0;0;
1506;999,4;10005,99;2736,35;3796;65535;12250,1;8454,1;0;0;0;
1507;999,54;10004,65;2737,69;3651,2;65535;12087,4;8436,2;0;0;0;
1508;999,67;10003,31;2739,03;3592,3;65535;12002,9;8410,6;0;0;0;
1509;999,8;10001,97;2740,37;3791,9;65535;12154,2;8362,3;0;0;0;
1510;999,94;10000,63;2741,71;3891,5;65535;12241,3;8349,8;0;0;0;
1511;1000,07;9999,29;2743,05;3616,1;65535;11926,8;8310,7;0;0;0;
1512;1000,2;9997,96;2744,39;3695,3;65535;11970,9;8275,6;0;0;0;
1513;1000,34;9996,62;2745,72;3567,6;65535;11774,9;8207,3;0;0;0;
1514;1000,47;9995,28;2747,06;3573,6;65535;11784,5;8210,9;0;0;0;
1515;1000,61;9993,95;2748,4;3666,9;65535;11852,1;8185,2;0;0;0;
1516;1000,74;9992,61;2749,73;3761,6;65535;11967,4;8205,8;0;0;0;
1517;1000,87;9991,28;2751,07;3606,7;65535;11823,8;8217,1;0;0;0;
1518;1001,01;9989,94;2752,4;3700,2;65535;11865,6;8165,4;0;0;0;
1519;1001,14;9988,61;2753,73;3673,7;65535;11818,2;8144,5;0;0;0;
1520;1001,27;9987,28;2755,07;3735,9;65535;11850,6;8114,7;0;0;0;
1521;1001,41;9985,94;2756,4;3689,3;65535;11801,7;8112,4;0;0;0;
1522;1001,54;9984,61;2757,73;3604;65535;11683,5;8079,5;0;0;0;
1523;1001,67;9983,28;2759,06;3583,6;65535;11610,8;8027,2;0;0;0;
1524;1001,81;9981,95;2760,39;3611,9;65535;11622,4;8010,5;0;0;0;
1525;1001,94;9980,62;2761,73;3942,8;65535;11926,4;7983,6;0;0;0;
1526;1002,08;9979,29;2763,06;3888;65535;11846,1;7958,1;0;0;0;
1527;1002,21;9977,96;2764,39;3687,3;65535;11631,9;7944,6;0;0;0;
1528;1002,34;9976,63;2765,71;3703,7;65535;11632,8;7929,1;0;0;0;
1529;1002,48;9975,3;2767,04;3659,5;65535;11572,7;7913,2;0;0;0;
1530;1002,61;9973,97;2768,37;3634,4;65535;11514,5;7880,1;0;0;0;
1531;1002,74;9972,64;2769,7;3734;65535;11592;7858;0;0;0;
1532;1002,88;9971,32;2771,03;3734,8;65535;11546,7;7811,9;0;0;0;
1533;1003,01;9969,99;2772,35;3584,2;65535;11370,6;7786,4;0;0;0;
1534;1003,14;9968,67;2773,68;3672,4;65535;11436,2;7763,8;0;0;0;
1535;1003,28;9967,34;2775;3662,6;65535;11407,9;7745,3;0;0;0;
1536;1003,41;9966,01;2776,33;3684,1;65535;11399,6;7715,5;0;0;0;
1537;1003,54;9964,69;2777,65;3715,4;65535;11418,1;7702,7;0;0;0;
1538;1003,68;9963,37;2778,98;3651,7;65535;11314;7662,3;0;0;0;
1539;1003,81;9962,04;2780,3;3591,8;65535;11260,4;7668,6;0;0;0;
1540;1003,94;9960,72;2781,62;3762,9;65535;11344,7;7581,8;0;0;0;
1541;1004,08;9959,4;2782,95;3729,5;65535;11226,5;7497;0;0;0;
1542;1004,21;9958,07;2784,27;3666;65535;11138,3;7472,3;0;0;0;
1543;1004,34;9956,75;2785,59;3585,7;65535;11006,4;7420,7;0;0;0;
1544;1004,48;9955,43;2786,91;3673,4;65535;11067,5;7394,1;0;0;0;
1545;1004,61;9954,11;2788,23;3693,7;65535;11051;7357,3;0;0;0;
1546;1004,74;9952,79;2789,55;3706,9;65535;11007,6;7300,7;0;0;0;
1547;1004,88;9951,47;2790,87;3647;65535;10919,3;7272,3;0;0;0;
1548;1005,01;9950,15;2792,19;3587,2;65535;10777,8;7190,6;0;0;0;
1549;1005,14;9948,84;2793,51;3666,6;65535;10868,6;7202;0;0;0;
1550;1005,28;9947,52;2794,83;3608,6;65535;10790,4;7181,8;0;0;0;
1551;1005,41;9946,2;2796,14;3680,9;65535;10763,5;7082,6;0;0;0;
1552;1005,54;9944,88;2797,46;3653;65535;10771,8;7118,8;0;0;0;
1553;1005,68;9943,57;2798,78;3698,3;65535;10814;7115,7;0;0;0;
1554;1005,81;9942,25;2800,09;3749,9;65535;10848,5;7098,6;0;0;0;
1555;1005,94;9940,94;2801,41;3700,3;65535;10798,8;7098,5;0;0;0;
1556;1006,07;9939,62;2802,72;3606,9;65535;10703,6;7096,7;0;0;0;
1557;1006,21;9938,31;2804,04;3980,1;65535;11146,5;7166,4;0;0;0;
1558;1006,34;9936,99;2805,35;3707,2;65535;10825,1;7117,9;0;0;0;
1559;1006,47;9935,68;2806,66;3724,7;65535;10857,4;7132,7;0;0;0;
1560;1006,61;9934,37;2807,98;3786,7;65535;10930,5;7143,8;0;0;0;
1561;1006,74;9933,05;2809,29;4254,4;65535;11394,2;7139,8;0;0;0;
1562;1006,87;9931,74;2810,6;3861,7;65535;10962,5;7100,8;0;0;0;
1563;1007,01;9930,43;2811,91;3730,3;65535;10856;7125,7;0;0;0;
1564;1007,14;9929,12;2813,22;3611,3;65535;10718,2;7106,9;0;0;0;
1565;1007,27;9927,81;2814,53;3810,6;65535;10895,1;7084,5;0;0;0;
1566;1007,4;9926,5;2815,84;3650,1;65535;10741,6;7091,5;0;0;0;
1567;1007,54;9925,19;2817,15;3670;65535;10743,9;7073,9;0;0;0;
1568;1007,67;9923,88;2818,46;3995;65535;11049,9;7054,9;0;0;0;
1569;1007,8;9922,57;2819,77;3678,4;65535;10697,1;7018,7;0;0;0;
1570;1007,94;9921,26;2821,08;3853;65535;10885,6;7032,6;0;0;0;
1571;1008,07;9919,96;2822,39;3716,9;65535;10761,2;7044,3;0;0;0;
1572;1008,2;9918,65;2823,69;3695,8;65535;10691,9;6996,1;0;0;0;
1573;1008,33;9917,34;2825;3600,8;65535;10611,5;7010,7;0;0;0;
1574;1008,47;9916,04;2826,3;3705,5;65535;10732,8;7027,3;0;0;0;
1575;1008,6;9914,73;2827,61;3668,4;65535;10682,2;7013,8;0;0;0;
1576;1008,73;9913,43;2828,91;3714,5;65535;10679,4;6964,9;0;0;0;
1577;1008,87;9912,12;2830,22;3761,7;65535;10723,1;6961,4;0;0;0;
1578;1009;9910,82;2831,52;3726,7;65535;10682,5;6955,8;0;0;0;
1579;1009,13;9909,52;2832,83;3775,6;65535;10751,9;6976,3;0;0;0;
1580;1009,26;9908,21;2834,13;3749;65535;10749,5;7000,5;0;0;0;
1581;1009,4;9906,91;2835,43;3711,7;65535;10709,4;6997,7;0;0;0;
1582;1009,53;9905,61;2836,73;3573,5;65535;10531;6957,5;0;0;0;
1583;1009,66;9904,31;2838,03;3563,1;65535;10495,2;6932,1;0;0;0;
1584;1009,79;9903,01;2839,34;3788,4;65535;10739,9;6951,5;0;0;0;
1585;1009,93;9901,71;2840,64;3582;65535;10503,8;6921,8;0;0;0;
1586;1010,06;9900,41;2841,94;3747;65535;10652,5;6905,5;0;0;0;
1587;1010,19;9899,11;2843,23;4129,8;65535;11028,8;6899;0;0;0;
1588;1010,32;9897,81;2844,53;3602,7;65535;10470,8;6868,1;0;0;0;
1589;1010,46;9896,51;2845,83;3676,6;65535;10549,9;6873,3;0;0;0;
1590;1010,59;9895,21;2847,13;3740,1;65535;10592;6851,9;0;0;0;
1591;1010,72;9893,92;2848,43;3759,8;65535;10632,6;6872,8;0;0;0;
1592;1010,85;9892,62;2849,72;3679,9;65535;10477,7;6797,8;0;0;0;
1593;1010,99;9891,32;2851,02;3692,7;65535;10484,3;6791,6;0;0;0;
1594;1011,12;9890,03;2852,32;3683,7;65535;10467,8;6784,1;0;0;0;
1595;1011,25;9888,73;2853,61;3817,9;65535;10598,8;6780,9;0;0;0;
1596;1011,38;9887,44;2854,91;3793,8;65535;10573,2;6779,4;0;0;0;
1597;1011,52;9886,14;2856,2;3918;65535;10694,5;6776,5;0;0;0;
1598;1011,65;9884,85;2857,49;3706,1;65535;10405,2;6699,1;0;0;0;
1599;1011,78;9883,56;2858,79;3617,1;65535;10289,9;6672,8;0;0;0;
1600;1011,91;9882,26;2860,08;3711;65535;10381,7;6670,7;0;0;0;
1601;1012,05;9880,97;2861,37;3655;65535;10334,1;6679,1;0;0;0;
1602;1012,18;9879,68;2862,66;3561;65535;10149,9;6588,9;0;0;0;
1603;1012,31;9878,39;2863,96;3669,7;65535;10259,5;6589,8;0;0;0;
1604;1012,44;9877,1;2865,25;3599,2;65535;10184,6;6585,4;0;0;0;
1605;1012,58;9875,81;2866,54;3675;65535;10234,8;6559,8;0;0;0;
1606;1012,71;9874,52;2867,83;3941;65535;10459,8;6518,8;0;0;0;
1607;1012,84;9873,23;2869,12;3761,2;65535;10288,4;6527,2;0;0;0;
1608;1012,97;9871,94;2870,4;3706,4;65535;10224,6;6518,2;0;0;0;
1609;1013,1;9870,65;2871,69;3689,2;65535;10191,6;6502,4;0;0;0;
1610;1013,24;9869,36;2872,98;3720,7;65535;10181,2;6460,5;0;0;0;
1611;1013,37;9868,08;2874,27;3569,1;65535;10036,3;6467,2;0;0;0;
1612;1013,5;9866,79;2875,55;3648,1;65535;10271,7;6623,6;0;0;0;
1613;1013,63;9865,5;2876,84;3690;65535;10643,5;6953,5;0;0;0;
1614;1013,77;9864,22;2878,13;3882,3;65535;11081,1;7198,8;0;0;0;
1615;1013,9;9862,93;2879,41;3591,5;65535;10501,2;6909,7;0;0;0;
1616;1014,03;9861,65;2880,7;3740,1;65535;10185,1;6445;0;0;0;
1617;1014,16;9860,36;2881,98;3772,8;65535;10053,1;6280,3;0;0;0;
1618;1014,29;9859,08;2883,27;3540,3;65535;9764,1;6223,8;0;0;0;
1619;1014,43;9857,79;2884,55;3648,3;65535;9819,1;6170,8;0;0;0;
1620;1014,56;9856,51;2885,83;3689,8;65535;9800,2;6110,4;0;0;0;
1621;1014,69;9855,23;2887,11;3538,7;65535;9673,4;6134,7;0;0;0;
1622;1014,82;9853,95;2888,4;3701,1;65535;9793,8;6092,7;0;0;0;
1623;1014,95;9852,67;2889,68;3983,8;65535;10046,5;6062,7;0;0;0;
1624;1015,09;9851,39;2890,96;3616,2;65535;9625,2;6009;0;0;0;
1625;1015,22;9850,1;2892,24;3543,1;65535;9533,2;5990,1;0;0;0;
1626;1015,35;9848,82;2893,52;3929;65535;9898,1;5969,1;0;0;0;
1627;1015,48;9847,55;2894,8;3674,5;65535;9584,1;5909,6;0;0;0;
1628;1015,61;9846,27;2896,08;3681,9;65535;9525,9;5844;0;0;0;
1629;1015,75;9844,99;2897,36;3585,8;65535;9419,8;5834;0;0;0;
1630;1015,88;9843,71;2898,63;3682,6;65535;9478,4;5795,8;0;0;0;
1631;1016,01;9842,43;2899,91;3725,8;65535;9494;5768,2;0;0;0;
1632;1016,14;9841,16;2901,19;3596;65535;9339,3;5743,3;0;0;0;
1633;1016,27;9839,88;2902,46;4002,1;65535;9729,7;5727,6;0;0;0;
1634;1016,4;9838,6;2903,74;3682,6;65535;9333,1;5650,5;0;0;0;
1635;1016,54;9837,33;2905,02;3616,4;65535;9195,1;5578,7;0;0;0;
1636;1016,67;9836,05;2906,29;3555,3;65535;9110,6;5555,3;0;0;0;
1637;1016,8;9834,78;2907,57;4179,9;65535;9771,1;5591,2;0;0;0;
1638;1016,93;9833,5;2908,84;3642,9;65535;9174,4;5531,5;0;0;0;
1639;1017,06;9832,23;2910,11;3780,8;65535;9283,1;5502,3;0;0;0;
1640;1017,19;9830,96;2911,39;3627,9;65535;9083,5;5455,6;0;0;0;
1641;1017,33;9829,68;2912,66;3629,9;65535;9069,7;5439,8;0;0;0;
1642;1017,46;9828,41;2913,93;3782,6;65535;9179,5;5396,9;0;0;0;
1643;1017,59;9827,14;2915,2;3843,3;65535;9191,3;5348;0;0;0;
1644;1017,72;9825,87;2916,47;3690,5;65535;9006,2;5315,7;0;0;0;
1645;1017,85;9824,6;2917,74;3784,2;65535;9078,7;5294,5;0;0;0;
1646;1017,98;9823,33;2919,01;3696,9;65535;8940,2;5243,3;0;0;0;
1647;1018,12;9822,06;2920,28;3688;65535;8871,4;5183,4;0;0;0;
1648;1018,25;9820,79;2921,55;3961;65535;9126,2;5165,2;0;0;0;
1649;1018,38;9819,52;2922,82;4174,2;65535;9328,5;5154,3;0;0;0;
1650;1018,51;9818,25;2924,09;3715,3;65535;8842,8;5127,5;0;0;0;
1651;1018,64;9816,99;2925,36;3789,9;65535;8862;5072,1;0;0;0;
1652;1018,77;9815,72;2926,62;3564,2;65535;8608,4;5044,2;0;0;0;
1653;1018,91;9814,45;2927,89;3691;65535;8706,6;5015,6;0;0;0;
1654;1019,04;9813,19;2929,16;3575,5;65535;8560,3;4984,8;0;0;0;
1655;1019,17;9811,92;2930,42;3749;65535;8720,7;4971,7;0;0;0;
1656;1019,3;9810,66;2931,69;3801,3;65535;8703,4;4902,1;0;0;0;
1657;1019,43;9809,39;2932,95;3618,2;65535;8477,3;4859,1;0;0;0;
1658;1019,56;9808,13;2934,22;3715,1;65535;8531,7;4816,6;0;0;0;
1659;1019,69;9806,86;2935,48;3650,9;65535;8450,6;4799,7;0;0;0;
1660;1019,83;9805,6;2936,74;3594;65535;8361,2;4767,2;0;0;0;
1661;1019,96;9804,34;2938,01;3662,7;65535;8411,9;4749,2;0;0;0;
1662;1020,09;9803,07;2939,27;3977,1;65535;8691,3;4714,2;0;0;0;
1663;1020,22;9801,81;2940,53;3551,2;65535;8228,4;4677,2;0;0;0;
1664;1020,35;9800,55;2941,79;3677,1;65535;8324,2;4647,1;0;0;0;
1665;1020,48;9799,29;2943,05;3650,6;65535;8224,5;4573,9;0;0;0;
1666;1020,61;9798,03;2944,31;3615,7;65535;8154,4;4538,7;0;0;0;
1667;1020,74;9796,77;2945,57;3605,7;65535;8107,5;4501,8;0;0;0;
1668;1020,88;9795,51;2946,83;3792,2;65535;8268,8;4476,6;0;0;0;
1669;1021,01;9794,25;2948,09;3851,3;65535;8539,4;4688,1;0;0;0;
1670;1021,14;9792,99;2949,35;3747,7;65535;8160,3;4412,6;0;0;0;
1671;1021,27;9791,73;2950,61;3629,8;65535;7991,1;4361,3;0;0;0;
1672;1021,4;9790,48;2951,87;3685,4;65535;8003;4317,6;0;0;0;
1673;1021,53;9789,22;2953,12;3746,2;65535;8010,1;4263,9;0;0;0;
1674;1021,66;9787,96;2954,38;3666,5;65535;7931;4264,5;0;0;0;
1675;1021,79;9786,71;2955,64;3807,8;65535;8015,4;4207,6;0;0;0;
1676;1021,93;9785,45;2956,89;3791,9;65535;7947,1;4155,2;0;0;0;
1677;1022,06;9784,2;2958,15;3697,8;65535;7825,6;4127,8;0;0;0;
1678;1022,19;9782,94;2959,4;3976,4;65535;8059,7;4083,3;0;0;0;
1679;1022,32;9781,69;2960,66;3744,7;65535;7793;4048,3;0;0;0;
1680;1022,45;9780,43;2961,91;3811,3;65535;7813,4;4002,1;0;0;0;
1681;1022,58;9779,18;2963,16;3638,1;65535;7636,2;3998,1;0;0;0;
1682;1022,71;9777,93;2964,41;3707,1;65535;7651;3943,9;0;0;0;
1683;1022,84;9776,68;2965,67;3776,9;65535;7714,2;3937,3;0;0;0;
1684;1022,97;9775,42;2966,92;3763,7;65535;7656,3;3892,6;0;0;0;
1685;1023,1;9774,17;2968,17;3716,1;65535;7581,6;3865,5;0;0;0;
1686;1023,24;9772,92;2969,42;3622;65535;7411,5;3789,5;0;0;0;
1687;1023,37;9771,67;2970,67;3575,7;65535;7348,8;3773,1;0;0;0;
1688;1023,5;9770,42;2971,92;3604,8;65535;7370,1;3765,3;0;0;0;
1689;1023,63;9769,17;2973,17;5413,3;65535;9232,4;3819,1;0;0;0;
1690;1023,76;9767,92;2974,42;3551,3;65535;7243,2;3691,9;0;0;0;
1691;1023,89;9766,68;2975,67;3604,4;65535;7308,5;3704,1;0;0;0;
1692;1024,02;9765,43;2976,92;3659,2;65535;7322,8;3663,6;0;0;0;
1693;1024,15;9764,18;2978,16;3621,6;65535;7268,2;3646,6;0;0;0;
1694;1024,28;9762,93;2979,41;3616,5;65535;7227,6;3611,1;0;0;0;
1695;1024,41;9761,69;2980,66;3601,6;65535;7189;3587,4;0;0;0;
1696;1024,54;9760,44;2981,9;3672;65535;7252,9;3580,9;0;0;0;
1697;1024,67;9759,2;2983,15;3972,9;65535;7572,2;3599,3;0;0;0;
1698;1024,81;9757,95;2984,39;3552,2;65535;7093,8;3541,6;0;0;0;
1699;1024,94;9756,71;2985,64;3688,5;65535;7213;3524,5;0;0;0;
1700;1025,07;9755,46;2986,88;3631,9;65535;7175,7;3543,8;0;0;0;
1701;1025,2;9754,22;2988,12;3748,7;65535;7288;3539,3;0;0;0;
1702;1025,33;9752,98;2989,37;3794,5;65535;7291,7;3497,2;0;0;0;
1703;1025,46;9751,73;2990,61;3825,7;65535;7335,7;3510;0;0;0;
1704;1025,59;9750,49;2991,85;3644,3;65535;7167,8;3523,5;0;0;0;
1705;1025,72;9749,25;2993,09;3763,5;65535;7288,2;3524,7;0;0;0;
1706;1025,85;9748,01;2994,34;4306,3;65535;7832,6;3526,3;0;0;0;
1707;1025,98;9746,77;2995,58;3733,3;65535;7254,4;3521,1;0;0;0;
1708;1026,11;9745,53;2996,82;3606,9;65535;7110;3503,1;0;0;0;
1709;1026,24;9744,29;2998,06;3749,5;65535;7232,7;3483,2;0;0;0;
1710;1026,37;9743,05;2999,3;3567,9;65535;7079,1;3511,2;0;0;0;
1711;1026,5;9741,81;3000,53;3727,6;65535;7235,5;3507,9;0;0;0;
1712;1026,63;9740,57;3001,77;3696,2;65535;7193,1;3496,9;0;0;0;
1713;1026,76;9739,33;3003,01;3708,9;65535;7192,8;3483,9;0;0;0;
1714;1026,89;9738,1;3004,25;3606;65535;7134,4;3528,4;0;0;0;
1715;1027,03;9736,86;3005,48;3941,3;65535;7455,1;3513,8;0;0;0;
1716;1027,16;9735,62;3006,72;3568,3;65535;7086,1;3517,8;0;0;0;
1717;1027,29;9734,39;3007,96;3650,7;65535;7163,8;3513,1;0;0;0;
1718;1027,42;9733,15;3009,19;3664,4;65535;7174,7;3510,3;0;0;0;
1719;1027,55;9731,92;3010,43;3685,5;65535;7194,8;3509,3;0;0;0;
1720;1027,68;9730,68;3011,66;3672,4;65535;7178,8;3506,4;0;0;0;
1721;1027,81;9729,45;3012,9;3598,1;65535;7113,5;3515,4;0;0;0;
1722;1027,94;9728,21;3014,13;3763;65535;7284,7;3521,7;0;0;0;
1723;1028,07;9726,98;3015,36;3629,5;65535;7169,9;3540,4;0;0;0;
1724;1028,2;9725,75;3016,6;3776;65535;7320,5;3544,5;0;0;0;
1725;1028,33;9724,52;3017,83;3901,9;65535;7442;3540,1;0;0;0;
1726;1028,46;9723,28;3019,06;3734,9;65535;7284,4;3549,5;0;0;0;
1727;1028,59;9722,05;3020,29;3599,7;65535;7157,9;3558,2;0;0;0;
1728;1028,72;9720,82;3021,52;3695,8;65535;7250,4;3554,6;0;0;0;
1729;1028,85;9719,59;3022,75;3561,2;65535;7083,6;3522,4;0;0;0;
1730;1028,98;9718,36;3023,98;3810,4;65535;7360;3549,6;0;0;0;
1731;1029,11;9717,13;3025,21;4376,9;65535;7976;3599,1;0;0;0;
1732;1029,24;9715,9;3026,44;4753,2;65535;8315,1;3561,9;0;0;0;
1733;1029,37;9714,68;3027,67;3860,3;65535;7434,9;3574,6;0;0;0;
1734;1029,5;9713,45;3028,9;3605,9;65535;7148,9;3543;0;0;0;
1735;1029,63;9712,22;3030,12;3771,1;65535;7319,8;3548,7;0;0;0;
1736;1029,76;9710,99;3031,35;3695,6;65535;7274,8;3579,2;0;0;0;
1737;1029,89;9709,77;3032,58;3674,2;65535;7212,9;3538,7;0;0;0;
1738;1030,02;9708,54;3033,8;3770,5;65535;7304,6;3534,1;0;0;0;
1739;1030,15;9707,31;3035,03;3714,3;65535;7264,5;3550,2;0;0;0;
1740;1030,28;9706,09;3036,25;3789,6;65535;7341,9;3552,3;0;0;0;
1741;1030,41;9704,87;3037,48;3740,1;65535;7269,5;3529,4;0;0;0;
1742;1030,54;9703,64;3038,7;3703,5;65535;7230;3526,5;0;0;0;
1743;1030,67;9702,42;3039,93;3605,8;65535;7097,9;3492,1;0;0;0;
1744;1030,8;9701,19;3041,15;3664,2;65535;7150,6;3486,4;0;0;0;
1745;1030,93;9699,97;3042,37;3628,7;65535;7101,2;3472,5;0;0;0;
1746;1031,06;9698,75;3043,59;3724,5;65535;7194,4;3469,9;0;0;0;
1747;1031,19;9697,53;3044,82;3723,9;65535;7169,3;3445,4;0;0;0;
1748;1031,32;9696,31;3046,04;3687,1;65535;7159,4;3472,3;0;0;0;
1749;1031,45;9695,09;3047,26;3826,3;65535;7267,2;3440,9;0;0;0;
1750;1031,58;9693,86;3048,48;3554,6;65535;7007,4;3452,8;0;0;0;
1751;1031,71;9692,64;3049,7;3625,2;65535;7051,5;3426,3;0;0;0;
1752;1031,84;9691,43;3050,92;3923,2;65535;7325,6;3402,4;0;0;0;
1753;1031,97;9690,21;3052,14;3868,6;65535;7291,9;3423,3;0;0;0;
1754;1032,1;9688,99;3053,36;3600,4;65535;7026,1;3425,7;0;0;0;
1755;1032,23;9687,77;3054,57;3585,2;65535;7008;3422,8;0;0;0;
1756;1032,36;9686,55;3055,79;3819;65535;7216,6;3397,6;0;0;0;
1757;1032,49;9685,34;3057,01;3612,9;65535;7014,5;3401,6;0;0;0;
1758;1032,62;9684,12;3058,23;3633;65535;7062,1;3429,1;0;0;0;
1759;1032,75;9682,9;3059,44;3691;65535;7129,1;3438,1;0;0;0;
1760;1032,88;9681,69;3060,66;3720,2;65535;7169,9;3449,7;0;0;0;
1761;1033,01;9680,47;3061,87;3768,4;65535;7218,3;3449,9;0;0;0;
1762;1033,14;9679,26;3063,09;3964,6;65535;7430,9;3466,3;0;0;0;
1763;1033,27;9678,04;3064,3;3768,7;65535;7235;3466,3;0;0;0;
1764;1033,4;9676,83;3065,52;3810,8;65535;7299,8;3489;0;0;0;
1765;1033,53;9675,61;3066,73;6442,5;65535;10043;3600,5;0;0;0;
1766;1033,66;9674,4;3067,94;3772;65535;7251,1;3479,1;0;0;0;
1767;1033,79;9673,19;3069,15;3663,2;65535;7168,4;3505,2;0;0;0;
1768;1033,91;9671,98;3070,37;3709,9;65535;7217,1;3507,2;0;0;0;
1769;1034,04;9670,77;3071,58;3653,6;65535;7118,9;3465,3;0;0;0;
1770;1034,17;9669,55;3072,79;3575,6;65535;7065,7;3490,1;0;0;0;
1771;1034,3;9668,34;3074;3723,5;65535;7245,5;3522;0;0;0;
1772;1034,43;9667,13;3075,21;3790,5;65535;7279;3488,5;0;0;0;
1773;1034,56;9665,92;3076,42;3645,6;65535;7148,5;3502,9;0;0;0;
1774;1034,69;9664,72;3077,63;3713,4;65535;7217,3;3503,9;0;0;0;
1775;1034,82;9663,51;3078,84;3580,4;65535;7091,8;3511,4;0;0;0;
1776;1034,95;9662,3;3080,05;3797,4;65535;7299,7;3502,3;0;0;0;
1777;1035,08;9661,09;3081,25;3547,9;65535;7017,4;3469,5;0;0;0;
1778;1035,21;9659,88;3082,46;3740,6;65535;7216;3475,4;0;0;0;
1779;1035,34;9658,68;3083,67;3888;65535;7370,6;3482,6;0;0;0;
1780;1035,47;9657,47;3084,87;3690,8;65535;7170;3479,2;0;0;0;
1781;1035,6;9656,26;3086,08;3710,2;65535;7202,1;3491,9;0;0;0;
1782;1035,73;9655,06;3087,29;3763;65535;7230,5;3467,5;0;0;0;
1783;1035,86;9653,85;3088,49;3566,3;65535;7024;3457,7;0;0;0;
1784;1035,99;9652,65;3089,7;3718,3;65535;7134,9;3416,6;0;0;0;
1785;1036,11;9651,44;3090,9;3707,1;65535;7146,3;3439,2;0;0;0;
1786;1036,24;9650,24;3092,1;3771,2;65535;7178,4;3407,2;0;0;0;
1787;1036,37;9649,04;3093,31;3826,5;65535;7257,9;3431,4;0;0;0;
1788;1036,5;9647,83;3094,51;3713,6;65535;7135,8;3422,2;0;0;0;
1789;1036,63;9646,63;3095,71;3638,3;65535;7047,2;3408,9;0;0;0;
1790;1036,76;9645,43;3096,91;3629,2;65535;7031,5;3402,3;0;0;0;
1791;1036,89;9644,23;3098,11;3583,4;65535;6989,3;3405,9;0;0;0;
1792;1037,02;9643,03;3099,32;3746;65535;7124,5;3378,5;0;0;0;
1793;1037,15;9641,83;3100,52;3753,9;65535;7137,1;3383,2;0;0;0;
1794;1037,28;9640,63;3101,72;3724,3;65535;7089,1;3364,8;0;0;0;
1795;1037,41;9639,43;3102,92;3596,2;65535;6943,6;3347,4;0;0;0;
1796;1037,53;9638,23;3104,11;4979;65535;8353,7;3374,7;0;0;0;
1797;1037,66;9637,03;3105,31;7851,9;65535;11323,8;3471,9;0;0;0;
1798;1037,79;9635,83;3106,51;3665,5;65535;6974;3308,5;0;0;0;
1799;1037,92;9634,63;3107,71;3683,7;65535;7031,6;3347,9;0;0;0;
1800;1038,05;9633,44;3108,91;3725,7;65535;7022,5;3296,8;0;0;0;
1801;1038,18;9632,24;3110,1;3711,4;65535;7171;3459,6;0;0;0;
1802;1038,31;9631,04;3111,3;3585,6;65535;6885,1;3299,5;0;0;0;
1803;1038,44;9629,85;3112,49;3731,2;65535;7011,3;3280,1;0;0;0;
1804;1038,57;9628,65;3113,69;3626,6;65535;6868,8;3242,2;0;0;0;
1805;1038,7;9627,46;3114,89;3607,8;65535;6845,9;3238,1;0;0;0;
1806;1038,82;9626,26;3116,08;3697,2;65535;6930,4;3233,2;0;0;0;
1807;1038,95;9625,07;3117,27;3785;65535;7026,1;3241,1;0;0;0;
1808;1039,08;9623,88;3118,47;4029,7;65535;7234,4;3204,7;0;0;0;
1809;1039,21;9622,68;3119,66;3812,1;65535;7024;3211,9;0;0;0;
1810;1039,34;9621,49;3120,85;3679,6;65535;6894,2;3214,6;0;0;0;
1811;1039,47;9620,3;3122,05;3780,5;65535;6976,6;3196,1;0;0;0;
1812;1039,6;9619,11;3123,24;4063,2;65535;7253,1;3189,9;0;0;0;
1813;1039,73;9617,92;3124,43;3615,1;65535;6790,4;3175,3;0;0;0;
1814;1039,86;9616,72;3125,62;3519,1;65535;6674,7;3155,6;0;0;0;
1815;1039,98;9615,53;3126,81;3707,4;65535;6849,4;3142;0;0;0;
1816;1040,11;9614,34;3128;3610,3;65535;6755,5;3145,2;0;0;0;
1817;1040,24;9613,15;3129,19;3912,3;65535;7029,7;3117,4;0;0;0;
1818;1040,37;9611,97;3130,38;3756,9;65535;6869,4;3112,5;0;0;0;
1819;1040,5;9610,78;3131,57;3764,1;65535;6879,8;3115,7;0;0;0;
1820;1040,63;9609,59;3132,75;3571,3;65535;6679,3;3108;0;0;0;
1821;1040,76;9608,4;3133,94;3571,7;65535;6657,4;3085,7;0;0;0;
1822;1040,88;9607,21;3135,13;3587,7;65535;6663,2;3075,5;0;0;0;
1823;1041,01;9606,03;3136,32;3645,7;65535;6716,7;3071;0;0;0;
1824;1041,14;9604,84;3137,5;3607,7;65535;6685,1;3077,4;0;0;0;
1825;1041,27;9603,66;3138,69;3813,3;65535;6904,3;3091;0;0;0;
1826;1041,4;9602,47;3139,87;3682,9;65535;6722,5;3039,6;0;0;0;
1827;1041,53;9601,29;3141,06;3861,1;65535;6922,7;3061,6;0;0;0;
1828;1041,66;9600,1;3142,24;3713,9;65535;6766,4;3052,5;0;0;0;
1829;1041,78;9598,92;3143,43;3706,6;65535;6706;2999,4;0;0;0;
1830;1041,91;9597,73;3144,61;3845,8;65535;6858,3;3012,5;0;0;0;
1831;1042,04;9596,55;3145,79;4020;65535;7013,8;2993,8;0;0;0;
1832;1042,17;9595,37;3146,98;3748,2;65535;6716,1;2967,9;0;0;0;
1833;1042,3;9594,19;3148,16;3639,3;65535;6594,5;2955,2;0;0;0;
1834;1042,43;9593;3149,34;4279,3;65535;7244,4;2965,1;0;0;0;
1835;1042,55;9591,82;3150,52;3629,7;65535;6549,2;2919,5;0;0;0;
1836;1042,68;9590,64;3151,7;3721,1;65535;6650,9;2929,8;0;0;0;
1837;1042,81;9589,46;3152,88;4109,2;65535;7054;2944,8;0;0;0;
1838;1042,94;9588,28;3154,06;3762,2;65535;6650,5;2888,3;0;0;0;
1839;1043,07;9587,1;3155,24;3737,8;65535;6633,1;2895,3;0;0;0;
1840;1043,2;9585,92;3156,42;3681;65535;6576,7;2895,7;0;0;0;
1841;1043,32;9584,74;3157,6;3620,7;65535;6489;2868,3;0;0;0;
1842;1043,45;9583,57;3158,78;3826,7;65535;6687;2860,3;0;0;0;
1843;1043,58;9582,39;3159,95;3679,2;65535;6534,6;2855,4;0;0;0;
1844;1043,71;9581,21;3161,13;3667;65535;6495,2;2828,2;0;0;0;
1845;1043,84;9580,03;3162,31;3582;65535;6388,3;2806,3;0;0;0;
1846;1043,97;9578,86;3163,49;3578,7;65535;6383;2804,3;0;0;0;
1847;1044,09;9577,68;3164,66;3911,9;65535;6734,3;2822,4;0;0;0;
1848;1044,22;9576,51;3165,84;3651,1;65535;6433,2;2782,1;0;0;0;
1849;1044,35;9575,33;3167,01;3659,6;65535;6456,2;2796,6;0;0;0;
1850;1044,48;9574,16;3168,19;3599,4;65535;6392,8;2793,4;0;0;0;
1851;1044,61;9572,98;3169,36;3685,7;65535;6451,5;2765,8;0;0;0;
1852;1044,73;9571,81;3170,53;3597,4;65535;6345,6;2748,2;0;0;0;
1853;1044,86;9570,64;3171,71;3816,3;65535;6584,3;2768;0;0;0;
1854;1044,99;9569,46;3172,88;3650,6;65535;6365,8;2715,2;0;0;0;
1855;1045,12;9568,29;3174,05;3589,8;65535;6303,9;2714,1;0;0;0;
1856;1045,25;9567,12;3175,22;3557,6;65535;6252;2694,4;0;0;0;
1857;1045,37;9565,95;3176,39;3613,6;65535;6297,9;2684,3;0;0;0;
1858;1045,5;9564,78;3177,57;3652,5;65535;6308,8;2656,3;0;0;0;
1859;1045,63;9563,61;3178,74;3756,3;65535;6408,9;2652,6;0;0;0;
1860;1045,76;9562,44;3179,91;3754,5;65535;6435,4;2680,9;0;0;0;
1861;1045,89;9561,27;3181,08;3702,3;65535;6349,4;2647,1;0;0;0;
1862;1046,01;9560,1;3182,24;3640,5;65535;6249,7;2609,2;0;0;0;
1863;1046,14;9558,93;3183,41;3639,6;65535;6244,9;2605,3;0;0;0;
1864;1046,27;9557,76;3184,58;3631,7;65535;6198,4;2566,7;0;0;0;
1865;1046,4;9556,59;3185,75;3718,6;65535;6296,7;2578,1;0;0;0;
1866;1046,53;9555,43;3186,92;3727,8;65535;6283;2555,2;0;0;0;
1867;1046,65;9554,26;3188,08;3610,7;65535;6152,4;2541,7;0;0;0;
1868;1046,78;9553,09;3189,25;3663,6;65535;6186,3;2522,7;0;0;0;
1869;1046,91;9551,93;3190,42;3621,5;65535;6134,9;2513,4;0;0;0;
1870;1047,04;9550,76;3191,58;3658,2;65535;6144,6;2486,4;0;0;0;
1871;1047,16;9549,6;3192,75;3602,4;65535;6133,3;2530,9;0;0;0;
1872;1047,29;9548,43;3193,91;3729,1;65535;6232,2;2503,1;0;0;0;
1873;1047,42;9547,27;3195,08;3796,6;65535;6267,1;2470,5;0;0;0;
1874;1047,55;9546,1;3196,24;3621,2;65535;6113,7;2492,5;0;0;0;
1875;1047,68;9544,94;3197,4;3612,1;65535;6079,6;2467,5;0;0;0;
1876;1047,8;9543,78;3198,57;3669,9;65535;6132,6;2462,7;0;0;0;
1877;1047,93;9542,62;3199,73;3660,6;65535;6108;2447,4;0;0;0;
1878;1048,06;9541,45;3200,89;4031;65535;6473,1;2442,1;0;0;0;
1879;1048,19;9540,29;3202,05;3567,7;65535;5991,8;2424,1;0;0;0;
1880;1048,31;9539,13;3203,21;3718,9;65535;6125,5;2406,6;0;0;0;
1881;1048,44;9537,97;3204,37;3677,1;65535;6065;2387,9;0;0;0;
1882;1048,57;9536,81;3205,53;3755,2;65535;6118,5;2363,3;0;0;0;
1883;1048,7;9535,65;3206,69;3696,4;65535;6071,4;2375;0;0;0;
1884;1048,82;9534,49;3207,85;3830,6;65535;6179,9;2349,3;0;0;0;
1885;1048,95;9533,33;3209,01;3779,1;65535;6139,3;2360,2;0;0;0;
1886;1049,08;9532,17;3210,17;3611,8;65535;5962,8;2351;0;0;0;
1887;1049,21;9531,02;3211,33;3763,6;65535;6108,3;2344,7;0;0;0;
1888;1049,33;9529,86;3212,48;3886,9;65535;6219,3;2332,4;0;0;0;
1889;1049,46;9528,7;3213,64;3576,3;65535;5887,7;2311,4;0;0;0;
1890;1049,59;9527,54;3214,8;3733;65535;6048,7;2315,7;0;0;0;
1891;1049,72;9526,39;3215,95;3690,5;65535;5988,8;2298,3;0;0;0;
1892;1049,84;9525,23;3217,11;3668,8;65535;5942,4;2273,6;0;0;0;
1893;1049,97;9524,08;3218,27;3717,5;65535;5987,8;2270,3;0;0;0;
1894;1050,1;9522,92;3219,42;3725;65535;5962,1;2237,1;0;0;0;
1895;1050,23;9521,77;3220,58;3562,3;65535;5796,7;2234,4;0;0;0;
1896;1050,35;9520,61;3221,73;3660,7;65535;5876,5;2215,8;0;0;0;
1897;1050,48;9519,46;3222,88;4496,7;65535;6757,3;2260,6;0;0;0;
1898;1050,61;9518,31;3224,04;3685,7;65535;5892,6;2206,9;0;0;0;
1899;1050,73;9517,16;3225,19;3634,7;65535;5809,4;2174,7;0;0;0;
1900;1050,86;9516;3226,34;3637,1;65535;5825,6;2188,5;0;0;0;
1901;1050,99;9514,85;3227,49;3579;65535;5746;2167;0;0;0;
1902;1051,12;9513,7;3228,64;3734,5;65535;5898,5;2164;0;0;0;
1903;1051,24;9512,55;3229,79;3742,2;65535;5887,9;2145,7;0;0;0;
1904;1051,37;9511,4;3230,94;3650,8;65535;5773,6;2122,8;0;0;0;
1905;1051,5;9510,25;3232,09;4023;65535;6180,5;2157,5;0;0;0;
1906;1051,62;9509,1;3233,24;3642,8;65535;5764,4;2121,6;0;0;0;
1907;1051,75;9507,95;3234,39;3961,6;65535;6077,9;2116,3;0;0;0;
1908;1051,88;9506,8;3235,54;3812,8;65535;5896;2083,2;0;0;0;
1909;1052,01;9505,65;3236,69;3697,8;65535;5793;2095,2;0;0;0;
1910;1052,13;9504,51;3237,84;3547,5;65535;5591,3;2043,8;0;0;0;
1911;1052,26;9503,36;3238,99;3614,5;65535;5662,3;2047,8;0;0;0;
1912;1052,39;9502,21;3240,13;3542,8;65535;5546;2003,2;0;0;0;
1913;1052,51;9501,06;3241,28;3819,6;65535;5800,1;1980,5;0;0;0;
1914;1052,64;9499,92;3242,43;3639;65535;5610,9;1971,9;0;0;0;
1915;1052,77;9498,77;3243,57;3715;65535;5653,9;1938,9;0;0;0;
1916;1052,89;9497,63;3244,72;3670,3;65535;5559,1;1888,8;0;0;0;
1917;1053,02;9496,48;3245,86;3770,2;65535;5644;1873,8;0;0;0;
1918;1053,15;9495,34;3247;3723,2;65535;5555,5;1832,3;0;0;0;
1919;1053,28;9494,19;3248,15;5386,1;65535;6642;1255,9;0;0;0;
1920;1053,4;9493,05;3249,29;3625,1;65535;5414,5;1789,4;0;0;0;
1921;1053,53;9491,91;3250,44;3615,1;65535;5362;1746,9;0;0;0;
1922;1053,66;9490,77;3251,58;3851,3;65535;5572,4;1721,1;0;0;0;
1923;1053,78;9489,62;3252,72;3660,9;65535;5307,5;1646,6;0;0;0;
1924;1053,91;9488,48;3253,86;3760,6;65535;5366,4;1605,8;0;0;0;
1925;1054,04;9487,34;3255;3614,1;65535;5177,8;1563,7;0;0;0;
1926;1054,16;9486,2;3256,14;3662,2;65535;5201,6;1539,4;0;0;0;
1927;1054,29;9485,06;3257,28;3797,7;65535;5271,2;1473,5;0;0;0;
1928;1054,42;9483,92;3258,42;3611,8;65535;5059,7;1447,9;0;0;0;
1929;1054,54;9482,78;3259,56;3885,8;65535;5293,9;1408,1;0;0;0;
1930;1054,67;9481,64;3260,7;3601,4;65535;4974,9;1373,5;0;0;0;
1931;1054,8;9480,5;3261,84;3809,3;65535;5160,3;1351;0;0;0;
1932;1054,92;9479,36;3262,98;3691,7;65535;5002,2;1310,5;0;0;0;
1933;1055,05;9478,23;3264,12;3792;65535;5049;1257;0;0;0;
1934;1055,18;9477,09;3265,25;3931,6;65535;5208,2;1276,6;0;0;0;
1935;1055,3;9475,95;3266,39;4086,8;65535;5267,2;1180,4;0;0;0;
1936;1055,43;9474,82;3267,53;3996,8;65535;5158,1;1161,3;0;0;0;
1937;1055,56;9473,68;3268,66;3732,9;65535;4849,8;1116,9;0;0;0;
1938;1055,68;9472,54;3269,8;3785,5;65535;4880,5;1095;0;0;0;
1939;1055,81;9471,41;3270,93;3838,1;65535;4913,7;1075,6;0;0;0;
1940;1055,94;9470,27;3272,07;3741;65535;4803,2;1062,2;0;0;0;
1941;1056,06;9469,14;3273,2;3765,4;65535;4801;1035,6;0;0;0;
1942;1056,19;9468,01;3274,34;3694,1;65535;4706;1011,9;0;0;0;
1943;1056,31;9466,87;3275,47;3618,9;65535;4614,8;995,9;0;0;0;
1944;1056,44;9465,74;3276,6;3737,2;65535;4726,4;989,2;0;0;0;
1945;1056,57;9464,61;3277,74;3743,1;65535;4714,4;971,3;0;0;0;
1946;1056,69;9463,48;3278,87;4000,2;65535;4946,2;946;0;0;0;
1947;1056,82;9462,34;3280;3748,2;65535;4671,7;923,5;0;0;0;
1948;1056,95;9461,21;3281,13;3949,6;65535;4844,4;894,8;0;0;0;
1949;1057,07;9460,08;3282,26;3989,9;65535;4912,2;922,3;0;0;0;
1950;1057,2;9458,95;3283,39;3611,5;65535;4518;906,5;0;0;0;
1951;1057,33;9457,82;3284,52;3615,4;65535;4514,1;898,7;0;0;0;
1952;1057,45;9456,69;3285,65;4306,6;65535;5202,9;896,3;0;0;0;
1953;1057,58;9455,56;3286,78;6033,3;65535;7022,6;989,3;0;0;0;
1954;1057,7;9454,43;3287,91;3611,5;65535;4484,1;872,6;0;0;0;
1955;1057,83;9453,31;3289,04;3679,7;65535;4563,8;884,1;0;0;0;
1956;1057,96;9452,18;3290,16;3606,8;65535;4443,5;836,7;0;0;0;
1957;1058,08;9451,05;3291,29;3666,9;65535;4520,5;853,6;0;0;0;
1958;1058,21;9449,92;3292,42;3638,4;65535;4466,5;828,1;0;0;0;
1959;1058,34;9448,8;3293,55;3699,8;65535;4537,5;837,7;0;0;0;
1960;1058,46;9447,67;3294,67;3650,5;65535;4471,1;820,6;0;0;0;
1961;1058,59;9446,55;3295,8;3670,7;65535;4495,3;824,6;0;0;0;
1962;1058,71;9445,42;3296,92;3676;65535;4511,1;835,1;0;0;0;
1963;1058,84;9444,3;3298,05;3629,7;65535;4461,8;832,1;0;0;0;
1964;1058,97;9443,17;3299,17;3798,4;65535;4628,8;830,4;0;0;0;
1965;1059,09;9442,05;3300,29;3688,9;65535;4514,6;825,7;0;0;0;
1966;1059,22;9440,93;3301,42;3743,4;65535;4560,6;817,2;0;0;0;
1967;1059,34;9439,8;3302,54;3701,2;65535;4504,3;803,1;0;0;0;
1968;1059,47;9438,68;3303,66;3927,7;65535;4731,2;803,5;0;0;0;
1969;1059,6;9437,56;3304,79;3736,2;65535;4550,6;814,4;0;0;0;
1970;1059,72;9436,44;3305,91;3623,8;65535;4437,7;813,9;0;0;0;
1971;1059,85;9435,31;3307,03;3782,4;65535;4597,6;815,2;0;0;0;
1972;1059,97;9434,19;3308,15;3678,6;65535;4475,4;796,8;0;0;0;
1973;1060,1;9433,07;3309,27;3910;65535;4700;790;0;0;0;
1974;1060,23;9431,95;3310,39;3702,3;65535;4518,4;816,1;0;0;0;
1975;1060,35;9430,83;3311,51;3636,5;65535;4444,3;807,8;0;0;0;
1976;1060,48;9429,71;3312,63;3554,9;65535;4371,8;816,9;0;0;0;
1977;1060,6;9428,6;3313,75;3717,7;65535;4498,6;780,9;0;0;0;
1978;1060,73;9427,48;3314,87;3746,1;65535;4538;791,9;0;0;0;
1979;1060,85;9426,36;3315,98;3560;65535;4326,1;766,1;0;0;0;
1980;1060,98;9425,24;3317,1;3644;65535;4402,2;758,2;0;0;0;
1981;1061,11;9424,13;3318,22;3929,9;65535;4705,9;776;0;0;0;
1982;1061,23;9423,01;3319,33;3740,5;65535;4503,6;763,1;0;0;0;
1983;1061,36;9421,89;3320,45;3623,7;65535;4403,2;779,5;0;0;0;
1984;1061,48;9420,78;3321,57;3885,3;65535;4669,5;784,2;0;0;0;
1985;1061,61;9419,66;3322,68;3603,2;65535;4380,5;777,3;0;0;0;
1986;1061,73;9418,55;3323,8;3648,8;65535;4418,2;769,4;0;0;0;
1987;1061,86;9417,43;3324,91;3639,1;65535;4411,6;772,5;0;0;0;
1988;1061,99;9416,32;3326,03;3703,7;65535;4474,1;770,4;0;0;0;
1989;1062,11;9415,2;3327,14;3791,1;65535;4556;764,9;0;0;0;
1990;1062,24;9414,09;3328,25;3648,8;65535;4400,6;751,8;0;0;0;
1991;1062,36;9412,98;3329,36;3775,3;65535;4547,3;772;0;0;0;
1992;1062,49;9411,87;3330,48;3713,4;65535;4451,3;737,9;0;0;0;
1993;1062,61;9410,75;3331,59;4805,8;65535;5828,1;1022,3;0;0;0;
1994;1062,74;9409,64;3332,7;3740,1;65535;4487,3;747,2;0;0;0;
1995;1062,87;9408,53;3333,81;3699,4;65535;4435,7;736,3;0;0;0;
1996;1062,99;9407,42;3334,92;3623,5;65535;4347,5;724;0;0;0;
1997;1063,12;9406,31;3336,03;3646,1;65535;4392,3;746,2;0;0;0;
1998;1063,24;9405,2;3337,14;3632,3;65535;4355,9;723,6;0;0;0;
1999;1063,37;9404,09;3338,25;3571,2;65535;4291,2;720;0;0;0;
2000;1063,49;9402,98;3339,36;3602,3;65535;4301,7;699,4;0;0;0;
2001;1063,62;9401,87;3340,47;3711,6;65535;4424,1;712,5;0;0;0;
2002;1063,74;9400,77;3341,58;3812,7;65535;4539,5;726,8;0;0;0;
2003;1063,87;9399,66;3342,68;3907,5;65535;4614,4;706,9;0;0;0;
2004;1063,99;9398,55;3343,79;3634,5;65535;4323,9;689,4;0;0;0;
2005;1064,12;9397,45;3344,9;3642,6;65535;4340,2;697,6;0;0;0;
2006;1064,24;9396,34;3346;3694,7;65535;4372,7;678;0;0;0;
2007;1064,37;9395,23;3347,11;3653,6;65535;4322,7;669,1;0;0;0;
2008;1064,49;9394,13;3348,22;3657,5;65535;4344,1;686,6;0;0;0;
2009;1064,62;9393,02;3349,32;3795,6;65535;4459,6;664;0;0;0;
2010;1064,75;9391,92;3350,43;3536,8;65535;4181,1;644,3;0;0;0;
2011;1064,87;9390,81;3351,53;3903,5;65535;4555,3;651,8;0;0;0;
2012;;;;3678,8;65535;4313,7;634,9;0;0;0;
2013;;;;3724,9;65535;4353,8;628,9;0;0;0;
2014;;;;3594,6;65535;4214,8;620,2;0;0;0;
2015;;;;3754,6;65535;4359,7;605,1;0;0;0;
2016;;;;3759,4;65535;4365,9;606,5;0;0;0;
2017;;;;3740,1;65535;4353;612,9;0;0;0;
2018;;;;4064,5;65535;4679;614,5;0;0;0;
2019;;;;3697,4;65535;4283,9;586,5;0;0;0;
2020;;;;3628,5;65535;4205,5;577;0;0;0;
2021;;;;3653,1;65535;4235;581,9;0;0;0;
2022;;;;3922,8;65535;4492,5;569,7;0;0;0;
2023;;;;3684;65535;4232,7;548,7;0;0;0;
2024;;;;3984;65535;4532,2;548,2;0;0;0;
2025;;;;3714,9;65535;4242,4;527,5;0;0;0;
2026;;;;3742,2;65535;4268,2;526;0;0;0;
2027;;;;3589,2;65535;4118,8;529,6;0;0;0;
2028;;;;3627,1;65535;4153,4;526,3;0;0;0;
2029;;;;3642,1;65535;4142,7;500,6;0;0;0;
2030;;;;3814,5;65535;4312,7;498,2;0;0;0;
2031;;;;3667,5;65535;4174,7;507,2;0;0;0;
2032;;;;3740,3;65535;4223,5;483,2;0;0;0;
2033;;;;3645,2;65535;4125,8;480,6;0;0;0;
2034;;;;3605,7;65535;4084,9;479,2;0;0;0;
2035;;;;3609,7;65535;4086,8;477,1;0;0;0;
2036;;;;3672,8;65535;4141,4;468,6;0;0;0;
2037;;;;3721,6;65535;4198,6;477;0;0;0;
2038;;;;3661,6;65535;4133,7;472,1;0;0;0;
2039;;;;3648,3;65535;4114,4;466,1;0;0;0;
2040;;;;3631,6;65535;4082,1;450,5;0;0;0;
2041;;;;3521,1;65535;3998,9;477,8;0;0;0;
2042;;;;3643,5;65535;4109,4;465,9;0;0;0;
2043;;;;2930,2;65535;2967,3;37,1;0;0;0;
2044;;;;2924,3;65535;2970,5;46,2;0;0;0;
2045;;;;2969,2;65535;3001,1;31,9;0;0;0;
2046;;;;3189,9;65535;3229,4;39,5;0;0;0;
2047;;;;3546,3;65535;3661,7;115,4;0;0;0;
