Pixel;Wavelength;Wavenumber;Raman Shift;Dark;Reference;Raw data #1;Dark Subtracted #1;%TR #1;Absorbance #1;Irradiance (W/cm^2/nm) #1;
0;--;--;--;3554,8;65535;3666,5;111,7;0;0;0;
1;--;--;--;3493,8;65535;3630,3;136,5;0;0;0;
2;--;--;--;3945,2;65535;4096,6;151,4;0;0;0;
3;--;--;--;3536,8;65535;3692,2;155,4;0;0;0;
4;--;--;--;3864,2;65535;4045;180,8;0;0;0;
5;--;--;--;3597,1;65535;3848,9;251,8;0;0;0;
6;--;--;--;3598,4;65535;3981,9;383,5;0;0;0;
7;--;--;--;3550,8;65535;4103;552,2;0;0;0;
8;--;--;--;3592;65535;4613,7;1021,7;0;0;0;
9;--;--;--;3602;65535;6016,7;2414,7;0;0;0;
10;--;--;--;3665;65535;7115,8;3450,8;0;0;0;
11;--;--;--;4009,9;65535;5619,4;1609,5;0;0;0;
12;--;--;--;3608,3;65535;3898,1;289,8;0;0;0;
13;--;--;--;3573;65535;3754,4;181,4;0;0;0;
14;--;--;--;3681;65535;3870,7;189,7;0;0;0;
15;--;--;--;3615,3;65535;3770,9;155,6;0;0;0;
16;--;--;--;3690,4;65535;3859,9;169,5;0;0;0;
17;--;--;--;3563,1;65535;3729,8;166,7;0;0;0;
18;--;--;--;4230,2;65535;4411,7;181,5;0;0;0;
19;--;--;--;3557,6;65535;3737,9;180,3;0;0;0;
20;--;--;--;3626,6;65535;3793,1;166,5;0;0;0;
21;--;--;--;3658,2;65535;3863;204,8;0;0;0;
22;--;--;--;3604,1;65535;3782,2;178,1;0;0;0;
23;--;--;--;3635,7;65535;3828,3;192,6;0;0;0;
24;--;--;--;3586,4;65535;3796;209,6;0;0;0;
25;--;--;--;3618,3;65535;3862,3;244;0;0;0;
26;--;--;--;3767,3;65535;4039,3;272;0;0;0;
27;--;--;--;3567,8;65535;3892,5;324,7;0;0;0;
28;--;--;--;3609,4;65535;4078;468,6;0;0;0;
29;--;--;--;3783,2;65535;4530,8;747,6;0;0;0;
30;--;--;--;3649,9;65535;5002,9;1353;0;0;0;
31;--;--;--;3635;65535;6198,2;2563,2;0;0;0;
32;--;--;--;3657,9;65535;8280,2;4622,3;0;0;0;
33;--;--;--;3657,8;65535;11235,5;7577,7;0;0;0;
34;--;--;--;3578;65535;15143,6;11565,6;0;0;0;
35;--;--;--;3640,4;65535;17600,8;13960,4;0;0;0;
36;--;--;--;3573,4;65535;16617,4;13044;0;0;0;
37;--;--;--;3552,3;65535;15795,2;12242,9;0;0;0;
38;--;--;--;3529,5;65535;16364,2;12834,7;0;0;0;
39;--;--;--;3524,3;65535;17132,6;13608,3;0;0;0;
40;--;--;--;3609,1;65535;17771,7;14162,6;0;0;0;
41;--;--;--;3699,4;65535;18200,1;14500,7;0;0;0;
42;--;--;--;3625,4;65535;18833;15207,6;0;0;0;
43;--;--;--;3948,8;65535;20115,6;16166,8;0;0;0;
44;--;--;--;3656,3;65535;21206,5;17550,2;0;0;0;
45;--;--;--;3590,9;65535;22817,2;19226,3;0;0;0;
46;--;--;--;3732,5;65535;23413,6;19681,1;0;0;0;
47;--;--;--;3823,9;65535;22984,9;19161;0;0;0;
48;--;--;--;3713,3;65535;22430,3;18717;0;0;0;
49;--;--;--;3702,9;65535;22780,7;19077,8;0;0;0;
50;--;--;--;3682,1;65535;23943,7;20261,6;0;0;0;
51;--;--;--;3802,5;65535;25586,1;21783,6;0;0;0;
52;--;--;--;3651,4;65535;26373,9;22722,5;0;0;0;
53;--;--;--;3654,6;65535;25944,4;22289,8;0;0;0;
54;--;--;--;3566,9;65535;24541,5;20974,6;0;0;0;
55;--;--;--;3723;65535;23085,8;19362,8;0;0;0;
56;--;--;--;3826,2;65535;21876,7;18050,5;0;0;0;
57;--;--;--;3713,5;65535;20460,6;16747,1;0;0;0;
58;--;--;--;3588,2;65535;19138,4;15550,2;0;0;0;
59;--;--;--;3800,2;65535;18332,1;14531,9;0;0;0;
60;--;--;--;3851;65535;17599;13748;0;0;0;
61;--;--;--;3994,7;65535;17250,1;13255,4;0;0;0;
62;--;--;--;3641,3;65535;16584,8;12943,5;0;0;0;
63;--;--;--;3608,4;65535;16231,9;12623,5;0;0;0;
64;--;--;--;3793,1;65535;15903,6;12110,5;0;0;0;
65;--;--;--;3580,4;65535;15262;11681,6;0;0;0;
66;--;--;--;3913,9;65535;15464,7;11550,8;0;0;0;
67;--;--;--;3589,9;65535;15262,4;11672,5;0;0;0;
68;--;--;--;3530,6;65535;15420,4;11889,8;0;0;0;
69;--;--;--;3708,6;65535;15698;11989,4;0;0;0;
70;--;--;--;4400,5;65535;16250,8;11850,3;0;0;0;
71;--;--;--;3516,6;65535;15162,1;11645,5;0;0;0;
72;--;--;--;3514,2;65535;15042;11527,8;0;0;0;
73;794,03;12593,93;148,42;3708,7;65535;15420,7;11712;0;0;0;
74;794,18;12591,53;150,81;3535,5;65535;15491,3;11955,8;0;0;0;
75;794,34;12589,14;153,2;3529,9;65535;15364,9;11835;0;0;0;
76;794,49;12586,75;155,59;3618,7;65535;14991,6;11372,9;0;0;0;
77;794,64;12584,36;157,98;4898,8;65535;15948,1;11049,3;0;0;0;
78;794,79;12581,97;160,37;3810,7;65535;14588,6;10777,9;0;0;0;
79;794,94;12579,58;162,76;3700,4;65535;14494,4;10794;0;0;0;
80;795,09;12577,2;165,15;3873;65535;14720,4;10847,4;0;0;0;
81;795,24;12574,81;167,53;3830,9;65535;14737,5;10906,6;0;0;0;
82;795,39;12572,43;169,92;3638,6;65535;14577,7;10939,1;0;0;0;
83;795,54;12570,04;172,3;3615,7;65535;14800;11184,3;0;0;0;
84;795,69;12567,66;174,68;3775,8;65535;15194,1;11418,3;0;0;0;
85;795,84;12565,28;177,06;3981,6;65535;15751;11769,4;0;0;0;
86;795,99;12562,9;179,44;4207;65535;16569,4;12362,4;0;0;0;
87;796,15;12560,52;181,82;3642;65535;16495,4;12853,4;0;0;0;
88;796,3;12558,14;184,2;3713,5;65535;17161,7;13448,2;0;0;0;
89;796,45;12555,76;186,58;3645,1;65535;17519,7;13874,6;0;0;0;
90;796,6;12553,39;188,96;3738,7;65535;17811,2;14072,5;0;0;0;
91;796,75;12551,01;191,33;3763,5;65535;17847;14083,5;0;0;0;
92;796,9;12548,64;193,71;3566,9;65535;17733,9;14167;0;0;0;
93;797,05;12546,26;196,08;3631,4;65535;17783,8;14152,4;0;0;0;
94;797,2;12543,89;198,45;3702,8;65535;17808,9;14106,1;0;0;0;
95;797,35;12541,52;200,82;3606,1;65535;17462,8;13856,7;0;0;0;
96;797,5;12539,15;203,19;3559,5;65535;17376,9;13817,4;0;0;0;
97;797,65;12536,78;205,56;3859,8;65535;17767,1;13907,3;0;0;0;
98;797,8;12534,41;207,93;3752,2;65535;17874,4;14122,2;0;0;0;
99;797,95;12532,05;210,3;3628,6;65535;18068,4;14439,8;0;0;0;
100;798,1;12529,68;212,66;3649,8;65535;18630,8;14981;0;0;0;
101;798,26;12527,32;215,03;3725,5;65535;19543,5;15818;0;0;0;
102;798,41;12524,95;217,39;3532,3;65535;20519,7;16987,4;0;0;0;
103;798,56;12522,59;219,75;4715;65535;23296,1;18581,1;0;0;0;
104;798,71;12520,23;222,12;3567,8;65535;24074,5;20506,7;0;0;0;
105;798,86;12517,87;224,48;3516,6;65535;26640,4;23123,8;0;0;0;
106;799,01;12515,51;226,84;3877,6;65535;30240;26362,4;0;0;0;
107;799,16;12513,15;229,2;3619,9;65535;34213,5;30593,6;0;0;0;
108;799,31;12510,79;231,55;3573,6;65535;40671,4;37097,8;0;0;0;
109;799,46;12508,43;233,91;3645,5;65535;47766,1;44120,6;0;0;0;
110;799,61;12506,08;236,27;3620,8;65535;59302;55681,2;0;0;0;
111;799,76;12503,72;238,62;3569,7;65535;65535;61965,3;0;0;0;
112;799,91;12501,37;240,98;3607;65535;65535;61928;0;0;0;
113;800,06;12499,01;243,33;3638,7;65535;65535;61896,3;0;0;0;
114;800,21;12496,66;245,68;3692,8;65535;65535;61842,2;0;0;0;
115;800,36;12494,31;248,03;3522,6;65535;65535;62012,4;0;0;0;
116;800,51;12491,96;250,38;3638,6;65535;65535;61896,4;0;0;0;
117;800,67;12489,61;252,73;3536;65535;65535;61999;0;0;0;
118;800,82;12487,26;255,08;3594,3;65535;65535;61940,7;0;0;0;
119;800,97;12484,92;257,43;3677,3;65535;65535;61857,7;0;0;0;
120;801,12;12482,57;259,77;3652,2;65535;54302,4;50650,2;0;0;0;
121;801,27;12480,23;262,12;3520,6;65535;42665,3;39144,7;0;0;0;
122;801,42;12477,88;264,46;3677,8;65535;36735,5;33057,7;0;0;0;
123;801,57;12475,54;266,8;3638,9;65535;34000,8;30361,9;0;0;0;
124;801,72;12473,2;269,14;3702,2;65535;33264,9;29562,7;0;0;0;
125;801,87;12470,86;271,48;3680,4;65535;34171,7;30491,3;0;0;0;
126;802,02;12468,52;273,82;3520,1;65535;36598,4;33078,3;0;0;0;
127;802,17;12466,18;276,16;3683,6;65535;39774,8;36091,2;0;0;0;
128;802,32;12463,84;278,5;3597,6;65535;41358,7;37761,1;0;0;0;
129;802,47;12461,51;280,84;3686,3;65535;40990,8;37304,5;0;0;0;
130;802,62;12459,17;283,17;4346,8;65535;39947,6;35600,8;0;0;0;
131;802,77;12456,84;285,51;3663,6;65535;36746,9;33083,3;0;0;0;
132;802,92;12454,5;287,84;3919,3;65535;33525,5;29606,2;0;0;0;
133;803,07;12452,17;290,17;3622,7;65535;29529,6;25906,9;0;0;0;
134;803,22;12449,84;292,51;4120,7;65535;27474,3;23353,6;0;0;0;
135;803,37;12447,51;294,84;3612,5;65535;25740,4;22127,9;0;0;0;
136;803,52;12445,18;297,17;3665,4;65535;25393,6;21728,2;0;0;0;
137;803,67;12442,85;299,5;3619,4;65535;25106,5;21487,1;0;0;0;
138;803,82;12440,52;301,82;3634;65535;25017,6;21383,6;0;0;0;
139;803,98;12438,19;304,15;3914,9;65535;25348,4;21433,5;0;0;0;
140;804,13;12435,87;306,48;3719,7;65535;24939,9;21220,2;0;0;0;
141;804,28;12433,54;308,8;3590,2;65535;24083,5;20493,3;0;0;0;
142;804,43;12431,22;311,12;3559;65535;22066,7;18507,7;0;0;0;
143;804,58;12428,9;313,45;3551,5;65535;20105,3;16553,8;0;0;0;
144;804,73;12426,58;315,77;3726,1;65535;19176,1;15450;0;0;0;
145;804,88;12424,25;318,09;3633,2;65535;18867,9;15234,7;0;0;0;
146;805,03;12421,93;320,41;3661,1;65535;19214,2;15553,1;0;0;0;
147;805,18;12419,62;322,73;3702,9;65535;20137,7;16434,8;0;0;0;
148;805,33;12417,3;325,05;3776,1;65535;21899,4;18123,3;0;0;0;
149;805,48;12414,98;327,36;3778,4;65535;24737;20958,6;0;0;0;
150;805,63;12412,67;329,68;3758,7;65535;29582,4;25823,7;0;0;0;
151;805,78;12410,35;331,99;3852,9;65535;36472,2;32619,3;0;0;0;
152;805,93;12408,04;334,31;3818,3;65535;45709,6;41891,3;0;0;0;
153;806,08;12405,72;336,62;3532,5;65535;55636,8;52104,3;0;0;0;
154;806,23;12403,41;338,93;3618,2;65535;62294,4;58676,2;0;0;0;
155;806,38;12401,1;341,24;3600,8;65535;59043,3;55442,5;0;0;0;
156;806,53;12398,79;343,55;3645,3;65535;49282,8;45637,5;0;0;0;
157;806,68;12396,48;345,86;3837,5;65535;41970,9;38133,4;0;0;0;
158;806,83;12394,18;348,17;3678;65535;36456;32778;0;0;0;
159;806,98;12391,87;350,47;3542,6;65535;31018,5;27475,9;0;0;0;
160;807,13;12389,56;352,78;3676,1;65535;25617,6;21941,5;0;0;0;
161;807,28;12387,26;355,09;3568,2;65535;21119,1;17550,9;0;0;0;
162;807,43;12384,95;357,39;3816,4;65535;18190,3;14373,9;0;0;0;
163;807,58;12382,65;359,69;3873,2;65535;16122,2;12249;0;0;0;
164;807,73;12380,35;361,99;3551,7;65535;14494,7;10943;0;0;0;
165;807,88;12378,05;364,29;3750,6;65535;13802,4;10051,8;0;0;0;
166;808,03;12375,75;366,59;3670,8;65535;13124,6;9453,8;0;0;0;
167;808,18;12373,45;368,89;3780,3;65535;12847,8;9067,5;0;0;0;
168;808,33;12371,15;371,19;3602,5;65535;12404,1;8801,6;0;0;0;
169;808,48;12368,86;373,49;3727,1;65535;12368,7;8641,6;0;0;0;
170;808,63;12366,56;375,78;3809,4;65535;12332,5;8523,1;0;0;0;
171;808,78;12364,26;378,08;3583,4;65535;11935,9;8352,5;0;0;0;
172;808,93;12361,97;380,37;3690,3;65535;11880,8;8190,5;0;0;0;
173;809,08;12359,68;382,67;3665,2;65535;11803;8137,8;0;0;0;
174;809,23;12357,39;384,96;3797,4;65535;11797;7999,6;0;0;0;
175;809,38;12355,09;387,25;3673;65535;11582,3;7909,3;0;0;0;
176;809,53;12352,8;389,54;3622,5;65535;11456;7833,5;0;0;0;
177;809,68;12350,51;391,83;3860,2;65535;11575,9;7715,7;0;0;0;
178;809,83;12348,23;394,12;3824,1;65535;11426,7;7602,6;0;0;0;
179;809,98;12345,94;396,4;3923,1;65535;11428;7504,9;0;0;0;
180;810,13;12343,65;398,69;3688;65535;11077,5;7389,5;0;0;0;
181;810,28;12341,37;400,98;3676,4;65535;10958,5;7282,1;0;0;0;
182;810,43;12339,08;403,26;3693,5;65535;10941,9;7248,4;0;0;0;
183;810,58;12336,8;405,54;3783,4;65535;10973,2;7189,8;0;0;0;
184;810,73;12334,52;407,83;6599,2;65535;13843,5;7244,3;0;0;0;
185;810,88;12332,24;410,11;3675,8;65535;10783;7107,2;0;0;0;
186;811,03;12329,96;412,39;3562,6;65535;10634,1;7071,5;0;0;0;
187;811,18;12327,68;414,67;3582;65535;10635,6;7053,6;0;0;0;
188;811,33;12325,4;416,94;3727,7;65535;10792,9;7065,2;0;0;0;
189;811,48;12323,12;419,22;3608,8;65535;10715,9;7107,1;0;0;0;
190;811,63;12320,85;421,5;3727,2;65535;10841,3;7114,1;0;0;0;
191;811,78;12318,57;423,77;3838,3;65535;10900;7061,7;0;0;0;
192;811,93;12316,3;426,05;3757,1;65535;10867,1;7110;0;0;0;
193;812,08;12314,02;428,32;3878,3;65535;10967,4;7089,1;0;0;0;
194;812,23;12311,75;430,59;3623,5;65535;10685;7061,5;0;0;0;
195;812,38;12309,48;432,87;3674,5;65535;10708,1;7033,6;0;0;0;
196;812,53;12307,21;435,14;3698,6;65535;10699,6;7001;0;0;0;
197;812,68;12304,94;437,41;3604,1;65535;10600,6;6996,5;0;0;0;
198;812,83;12302,67;439,67;3712,8;65535;10664,1;6951,3;0;0;0;
199;812,98;12300,4;441,94;3653,1;65535;10580,5;6927,4;0;0;0;
200;813,13;12298,13;444,21;3672,9;65535;10553,3;6880,4;0;0;0;
201;813,28;12295,87;446,47;3588,6;65535;10454,8;6866,2;0;0;0;
202;813,43;12293,6;448,74;3607,4;65535;10452,9;6845,5;0;0;0;
203;813,58;12291,34;451;4046,4;65535;10965,9;6919,5;0;0;0;
204;813,73;12289,08;453,27;3708;65535;10664,6;6956,6;0;0;0;
205;813,88;12286,82;455,53;3825,9;65535;10839;7013,1;0;0;0;
206;814,03;12284,55;457,79;3674,4;65535;10722,7;7048,3;0;0;0;
207;814,18;12282,29;460,05;3554,4;65535;10698,2;7143,8;0;0;0;
208;814,33;12280,04;462,31;3545,5;65535;10734,8;7189,3;0;0;0;
209;814,48;12277,78;464,57;3575,4;65535;10795,6;7220,2;0;0;0;
210;814,63;12275,52;466,82;3621;65535;10867,1;7246,1;0;0;0;
211;814,78;12273,26;469,08;3558,4;65535;10862,2;7303,8;0;0;0;
212;814,93;12271,01;471,33;3766,6;65535;11140,3;7373,7;0;0;0;
213;815,08;12268,75;473,59;3601,5;65535;10921,3;7319,8;0;0;0;
214;815,23;12266,5;475,84;3714,7;65535;11015,4;7300,7;0;0;0;
215;815,38;12264,25;478,09;3615;65535;10883,3;7268,3;0;0;0;
216;815,53;12262;480,35;3731,2;65535;11026,1;7294,9;0;0;0;
217;815,68;12259,75;482,6;3783,9;65535;11091,6;7307,7;0;0;0;
218;815,83;12257,5;484,85;3843,9;65535;11207,7;7363,8;0;0;0;
219;815,98;12255,25;487,09;3715,4;65535;11114,8;7399,4;0;0;0;
220;816,13;12253;489,34;3622,3;65535;10984,9;7362,6;0;0;0;
221;816,28;12250,76;491,59;3644,9;65535;10968,2;7323,3;0;0;0;
222;816,43;12248,51;493,83;3603;65535;10970,3;7367,3;0;0;0;
223;816,58;12246,27;496,08;3683,5;65535;11029,3;7345,8;0;0;0;
224;816,73;12244,02;498,32;3668,3;65535;10962,6;7294,3;0;0;0;
225;816,87;12241,78;500,56;3564,3;65535;10856,3;7292;0;0;0;
226;817,02;12239,54;502,81;3761;65535;10996,8;7235,8;0;0;0;
227;817,17;12237,3;505,05;3669,7;65535;10886,9;7217,2;0;0;0;
228;817,32;12235,06;507,29;3753,4;65535;11019,6;7266,2;0;0;0;
229;817,47;12232,82;509,53;3729;65535;10903;7174;0;0;0;
230;817,62;12230,58;511,76;3669,9;65535;10880,6;7210,7;0;0;0;
231;817,77;12228,34;514;3700,6;65535;10885,6;7185;0;0;0;
232;817,92;12226,11;516,24;3751,2;65535;10894,1;7142,9;0;0;0;
233;818,07;12223,87;518,47;3865,6;65535;11083,9;7218,3;0;0;0;
234;818,22;12221,64;520,71;3576,2;65535;10743,9;7167,7;0;0;0;
235;818,37;12219,4;522,94;4224,4;65535;11408,4;7184;0;0;0;
236;818,52;12217,17;525,17;3574,1;65535;10706,6;7132,5;0;0;0;
237;818,67;12214,94;527,4;3697,5;65535;10911,5;7214;0;0;0;
238;818,82;12212,71;529,63;3562,5;65535;10775,6;7213,1;0;0;0;
239;818,97;12210,48;531,86;3889,1;65535;11081;7191,9;0;0;0;
240;819,12;12208,25;534,09;3751,7;65535;10871,5;7119,8;0;0;0;
241;819,27;12206,02;536,32;3703,3;65535;10853,1;7149,8;0;0;0;
242;819,42;12203,8;538,55;3772;65535;10926,6;7154,6;0;0;0;
243;819,57;12201,57;540,77;3806,7;65535;10979,8;7173,1;0;0;0;
244;819,72;12199,35;543;3744,3;65535;10965,5;7221,2;0;0;0;
245;819,87;12197,12;545,22;3926,1;65535;11158,1;7232;0;0;0;
246;820,01;12194,9;547,44;3805,5;65535;11006,2;7200,7;0;0;0;
247;820,16;12192,68;549,66;3650,5;65535;10865,5;7215;0;0;0;
248;820,31;12190,46;551,89;3574,1;65535;10744,6;7170,5;0;0;0;
249;820,46;12188,24;554,11;3628;65535;10755,5;7127,5;0;0;0;
250;820,61;12186,02;556,32;3730,4;65535;10908;7177,6;0;0;0;
251;820,76;12183,8;558,54;3656,4;65535;10862,6;7206,2;0;0;0;
252;820,91;12181,58;560,76;3795,3;65535;11002,7;7207,4;0;0;0;
253;821,06;12179,37;562,98;3689,1;65535;10878;7188,9;0;0;0;
254;821,21;12177,15;565,19;3667,6;65535;10870,5;7202,9;0;0;0;
255;821,36;12174,94;567,41;3686,8;65535;10844,5;7157,7;0;0;0;
256;821,51;12172,72;569,62;3695,8;65535;10864,8;7169;0;0;0;
257;821,66;12170,51;571,83;3589,5;65535;10737,8;7148,3;0;0;0;
258;821,81;12168,3;574,04;3553,1;65535;10691,7;7138,6;0;0;0;
259;821,96;12166,09;576,25;3683,4;65535;10787;7103,6;0;0;0;
260;822,11;12163,88;578,46;3868,8;65535;10991,8;7123;0;0;0;
261;822,26;12161,67;580,67;3709;65535;10843,1;7134,1;0;0;0;
262;822,4;12159,46;582,88;4146,2;65535;11303,9;7157,7;0;0;0;
263;822,55;12157,26;585,09;4032,9;65535;11210,2;7177,3;0;0;0;
264;822,7;12155,05;587,29;3784,6;65535;10928,6;7144;0;0;0;
265;822,85;12152,85;589,5;3837,7;65535;11054,8;7217,1;0;0;0;
266;823;12150,64;591,7;3518,8;65535;10742,5;7223,7;0;0;0;
267;823,15;12148,44;593,9;3565,2;65535;10778,6;7213,4;0;0;0;
268;823,3;12146,24;596,11;3588,1;65535;10796,5;7208,4;0;0;0;
269;823,45;12144,04;598,31;3714,5;65535;10952,8;7238,3;0;0;0;
270;823,6;12141,83;600,51;3555,2;65535;10796,8;7241,6;0;0;0;
271;823,75;12139,64;602,71;3647,7;65535;10949,4;7301,7;0;0;0;
272;823,9;12137,44;604,91;3631,8;65535;10928,2;7296,4;0;0;0;
273;824,05;12135,24;607,1;3672,8;65535;11048,1;7375,3;0;0;0;
274;824,2;12133,04;609,3;3691,8;65535;11033,1;7341,3;0;0;0;
275;824,34;12130,85;611,5;3712,8;65535;11108,5;7395,7;0;0;0;
276;824,49;12128,65;613,69;3550,3;65535;10924,4;7374,1;0;0;0;
277;824,64;12126,46;615,88;3760,3;65535;11177,9;7417,6;0;0;0;
278;824,79;12124,27;618,08;3570,7;65535;11051,5;7480,8;0;0;0;
279;824,94;12122,07;620,27;3655,5;65535;11129,1;7473,6;0;0;0;
280;825,09;12119,88;622,46;3712,6;65535;11275,4;7562,8;0;0;0;
281;825,24;12117,69;624,65;3673,8;65535;11230,5;7556,7;0;0;0;
282;825,39;12115,5;626,84;3719,8;65535;11248,6;7528,8;0;0;0;
283;825,54;12113,32;629,03;3689,4;65535;11253,6;7564,2;0;0;0;
284;825,69;12111,13;631,22;3686,5;65535;11304,6;7618,1;0;0;0;
285;825,84;12108,94;633,4;3669;65535;11285,2;7616,2;0;0;0;
286;825,99;12106,76;635,59;3711,6;65535;11350,2;7638,6;0;0;0;
287;826,13;12104,57;637,77;3574,3;65535;11188,3;7614;0;0;0;
288;826,28;12102,39;639,96;3524,1;65535;11175,4;7651,3;0;0;0;
289;826,43;12100,2;642,14;3531,8;65535;11306,4;7774,6;0;0;0;
290;826,58;12098,02;644,32;3619,9;65535;11380,4;7760,5;0;0;0;
291;826,73;12095,84;646,5;3636,5;65535;11280,5;7644;0;0;0;
292;826,88;12093,66;648,68;3721;65535;11375,2;7654,2;0;0;0;
293;827,03;12091,48;650,86;3558,9;65535;11263,1;7704,2;0;0;0;
294;827,18;12089,3;653,04;3684,9;65535;11425,8;7740,9;0;0;0;
295;827,33;12087,13;655,22;3748,3;65535;11466,7;7718,4;0;0;0;
296;827,48;12084,95;657,39;3742,9;65535;11480,9;7738;0;0;0;
297;827,62;12082,78;659,57;3531,8;65535;11333,5;7801,7;0;0;0;
298;827,77;12080,6;661,74;3594,1;65535;11340;7745,9;0;0;0;
299;827,92;12078,43;663,92;4632;65535;12385,3;7753,3;0;0;0;
300;828,07;12076,26;666,09;3665,5;65535;11429,5;7764;0;0;0;
301;828,22;12074,08;668,26;3627,9;65535;11404,8;7776,9;0;0;0;
302;828,37;12071,91;670,43;3858,7;65535;11601,4;7742,7;0;0;0;
303;828,52;12069,74;672,6;3534,9;65535;11271;7736,1;0;0;0;
304;828,67;12067,57;674,77;3574,8;65535;11282,5;7707,7;0;0;0;
305;828,82;12065,41;676,94;3823,1;65535;11527,9;7704,8;0;0;0;
306;828,96;12063,24;679,1;3718,5;65535;11365,8;7647,3;0;0;0;
307;829,11;12061,07;681,27;3601,5;65535;11221,9;7620,4;0;0;0;
308;829,26;12058,91;683,44;3654,8;65535;11222,2;7567,4;0;0;0;
309;829,41;12056,74;685,6;3596,6;65535;11162;7565,4;0;0;0;
310;829,56;12054,58;687,76;3699,9;65535;11260,8;7560,9;0;0;0;
311;829,71;12052,42;689,93;3724,7;65535;11248;7523,3;0;0;0;
312;829,86;12050,26;692,09;4099,3;65535;11610,1;7510,8;0;0;0;
313;830,01;12048,09;694,25;3714,3;65535;11161,1;7446,8;0;0;0;
314;830,16;12045,93;696,41;3731,5;65535;11143,3;7411,8;0;0;0;
315;830,3;12043,78;698,57;3594,6;65535;10990,8;7396,2;0;0;0;
316;830,45;12041,62;700,73;3701,3;65535;11097,8;7396,5;0;0;0;
317;830,6;12039,46;702,88;3597,3;65535;11003,1;7405,8;0;0;0;
318;830,75;12037,3;705,04;3586,8;65535;10925,3;7338,5;0;0;0;
319;830,9;12035,15;707,19;3715,1;65535;11143,8;7428,7;0;0;0;
320;831,05;12032,99;709,35;3719,7;65535;11221;7501,3;0;0;0;
321;831,2;12030,84;711,5;3639,3;65535;11058,4;7419,1;0;0;0;
322;831,35;12028,69;713,65;3691,8;65535;10962,5;7270,7;0;0;0;
323;831,49;12026,54;715,81;3933,4;65535;11188,8;7255,4;0;0;0;
324;831,64;12024,39;717,96;3742,1;65535;10908,5;7166,4;0;0;0;
325;831,79;12022,24;720,11;3763,9;65535;10954,2;7190,3;0;0;0;
326;831,94;12020,09;722,26;3870,9;65535;11092,3;7221,4;0;0;0;
327;832,09;12017,94;724,4;3589,4;65535;10769,2;7179,8;0;0;0;
328;832,24;12015,79;726,55;3704,9;65535;10949,2;7244,3;0;0;0;
329;832,39;12013,65;728,7;3685,5;65535;10885,6;7200,1;0;0;0;
330;832,54;12011,5;730,84;3570,2;65535;10741,7;7171,5;0;0;0;
331;832,68;12009,36;732,99;3685,5;65535;10912,5;7227;0;0;0;
332;832,83;12007,21;735,13;3698,7;65535;10945,6;7246,9;0;0;0;
333;832,98;12005,07;737,27;3980,7;65535;11195,9;7215,2;0;0;0;
334;833,13;12002,93;739,42;3735,8;65535;11017,1;7281,3;0;0;0;
335;833,28;12000,79;741,56;3626,7;65535;10855;7228,3;0;0;0;
336;833,43;11998,65;743,7;3934,6;65535;11212,3;7277,7;0;0;0;
337;833,58;11996,51;745,84;3699,7;65535;10927,2;7227,5;0;0;0;
338;833,72;11994,37;747,97;3728,9;65535;10966,8;7237,9;0;0;0;
339;833,87;11992,23;750,11;4178,4;65535;11395,6;7217,2;0;0;0;
340;834,02;11990,1;752,25;4471,9;65535;11734,7;7262,8;0;0;0;
341;834,17;11987,96;754,38;3528,5;65535;10768,9;7240,4;0;0;0;
342;834,32;11985,83;756,52;3736,2;65535;11008,7;7272,5;0;0;0;
343;834,47;11983,69;758,65;3670,5;65535;10946,6;7276,1;0;0;0;
344;834,62;11981,56;760,78;3708,1;65535;10983,7;7275,6;0;0;0;
345;834,76;11979,43;762,92;3691,4;65535;11017,7;7326,3;0;0;0;
346;834,91;11977,3;765,05;3910,5;65535;11327,8;7417,3;0;0;0;
347;835,06;11975,17;767,18;3778,5;65535;11312,4;7533,9;0;0;0;
348;835,21;11973,04;769,31;3619,7;65535;11118,8;7499,1;0;0;0;
349;835,36;11970,91;771,43;3542,4;65535;11110,6;7568,2;0;0;0;
350;835,51;11968,78;773,56;3689,2;65535;11334,5;7645,3;0;0;0;
351;835,66;11966,66;775,69;3706,1;65535;11435,4;7729,3;0;0;0;
352;835,8;11964,53;777,81;3673,4;65535;11462,4;7789;0;0;0;
353;835,95;11962,4;779,94;3585,9;65535;11466,4;7880,5;0;0;0;
354;836,1;11960,28;782,06;3688,2;65535;11576,9;7888,7;0;0;0;
355;836,25;11958,16;784,19;3634,1;65535;11593,3;7959,2;0;0;0;
356;836,4;11956,04;786,31;3594,5;65535;11561,2;7966,7;0;0;0;
357;836,55;11953,91;788,43;3704,8;65535;11727,5;8022,7;0;0;0;
358;836,69;11951,79;790,55;3732,8;65535;11717,9;7985,1;0;0;0;
359;836,84;11949,68;792,67;3651,4;65535;11699,6;8048,2;0;0;0;
360;836,99;11947,56;794,79;3665,8;65535;11691;8025,2;0;0;0;
361;837,14;11945,44;796,9;3615,4;65535;11632,6;8017,2;0;0;0;
362;837,29;11943,32;799,02;3695,1;65535;11753,3;8058,2;0;0;0;
363;837,44;11941,21;801,14;3650,4;65535;11742,2;8091,8;0;0;0;
364;837,58;11939,09;803,25;3821,4;65535;11851,3;8029,9;0;0;0;
365;837,73;11936,98;805,37;3667,9;65535;11712,9;8045;0;0;0;
366;837,88;11934,86;807,48;3641,3;65535;11602,5;7961,2;0;0;0;
367;838,03;11932,75;809,59;3669,4;65535;11628,4;7959;0;0;0;
368;838,18;11930,64;811,7;3777,1;65535;11709,9;7932,8;0;0;0;
369;838,33;11928,53;813,81;3689,5;65535;11656,4;7966,9;0;0;0;
370;838,47;11926,42;815,92;3579,8;65535;11536,2;7956,4;0;0;0;
371;838,62;11924,31;818,03;3565,4;65535;11393,4;7828;0;0;0;
372;838,77;11922,2;820,14;3699,9;65535;11487,6;7787,7;0;0;0;
373;838,92;11920,1;822,25;3800,8;65535;11525,3;7724,5;0;0;0;
374;839,07;11917,99;824,35;3799,6;65535;11484,2;7684,6;0;0;0;
375;839,22;11915,88;826,46;3668,9;65535;11295,1;7626,2;0;0;0;
376;839,36;11913,78;828,56;3679,2;65535;11355,6;7676,4;0;0;0;
377;839,51;11911,68;830,67;3592;65535;11243,9;7651,9;0;0;0;
378;839,66;11909,57;832,77;3691,6;65535;11339,3;7647,7;0;0;0;
379;839,81;11907,47;834,87;3702,3;65535;11319,4;7617,1;0;0;0;
380;839,96;11905,37;836,97;3642,8;65535;11275,7;7632,9;0;0;0;
381;840,11;11903,27;839,07;3762,2;65535;11324,8;7562,6;0;0;0;
382;840,25;11901,17;841,17;3524,9;65535;11099,7;7574,8;0;0;0;
383;840,4;11899,07;843,27;3613,3;65535;11218,6;7605,3;0;0;0;
384;840,55;11896,98;845,37;3662,1;65535;11284,3;7622,2;0;0;0;
385;840,7;11894,88;847,46;3588,3;65535;11246,6;7658,3;0;0;0;
386;840,85;11892,79;849,56;3748,7;65535;11421,3;7672,6;0;0;0;
387;840,99;11890,69;851,65;3919,4;65535;11593,9;7674,5;0;0;0;
388;841,14;11888,6;853,75;3583,1;65535;11285,9;7702,8;0;0;0;
389;841,29;11886,5;855,84;3720,1;65535;11401,4;7681,3;0;0;0;
390;841,44;11884,41;857,93;3599,9;65535;11310,7;7710,8;0;0;0;
391;841,59;11882,32;860,02;4263,9;65535;12002,6;7738,7;0;0;0;
392;841,73;11880,23;862,11;3586,3;65535;11378,7;7792,4;0;0;0;
393;841,88;11878,14;864,2;3738,7;65535;11579,8;7841,1;0;0;0;
394;842,03;11876,05;866,29;3586,8;65535;11480,9;7894,1;0;0;0;
395;842,18;11873,96;868,38;3624,4;65535;11564,2;7939,8;0;0;0;
396;842,33;11871,88;870,47;4722,7;65535;12667,5;7944,8;0;0;0;
397;842,47;11869,79;872,55;4299,5;65535;12346,8;8047,3;0;0;0;
398;842,62;11867,71;874,64;3673,8;65535;11755,4;8081,6;0;0;0;
399;842,77;11865,62;876,72;3653,1;65535;11813,2;8160,1;0;0;0;
400;842,92;11863,54;878,81;3596,2;65535;11729,6;8133,4;0;0;0;
401;843,07;11861,46;880,89;3723,3;65535;11958,6;8235,3;0;0;0;
402;843,21;11859,37;882,97;3706,5;65535;11919,7;8213,2;0;0;0;
403;843,36;11857,29;885,05;3699,1;65535;11926;8226,9;0;0;0;
404;843,51;11855,21;887,13;3706,8;65535;11903,3;8196,5;0;0;0;
405;843,66;11853,13;889,21;3845,1;65535;12036,2;8191,1;0;0;0;
406;843,81;11851,06;891,29;3545,5;65535;11834,8;8289,3;0;0;0;
407;843,95;11848,98;893,36;3630,7;65535;11990,5;8359,8;0;0;0;
408;844,1;11846,9;895,44;3571,9;65535;11980,7;8408,8;0;0;0;
409;844,25;11844,83;897,52;3638;65535;12080,5;8442,5;0;0;0;
410;844,4;11842,75;899,59;3580,9;65535;12069,4;8488,5;0;0;0;
411;844,55;11840,68;901,67;3660,8;65535;12088,9;8428,1;0;0;0;
412;844,69;11838,61;903,74;3700,3;65535;12153;8452,7;0;0;0;
413;844,84;11836,53;905,81;3612,9;65535;12078,2;8465,3;0;0;0;
414;844,99;11834,46;907,88;3671,8;65535;12116,6;8444,8;0;0;0;
415;845,14;11832,39;909,95;3589,4;65535;12073,5;8484,1;0;0;0;
416;845,29;11830,32;912,02;3535,7;65535;11989;8453,3;0;0;0;
417;845,43;11828,25;914,09;3596,6;65535;12037,7;8441,1;0;0;0;
418;845,58;11826,19;916,16;3584,1;65535;11979,5;8395,4;0;0;0;
419;845,73;11824,12;918,23;3793,5;65535;12201,7;8408,2;0;0;0;
420;845,88;11822,05;920,29;3593,1;65535;11840,8;8247,7;0;0;0;
421;846,02;11819,99;922,36;3644,1;65535;11894,9;8250,8;0;0;0;
422;846,17;11817,92;924,42;3571,9;65535;11869,1;8297,2;0;0;0;
423;846,32;11815,86;926,48;3499;65535;11759;8260;0;0;0;
424;846,47;11813,8;928,55;3705;65535;11930,8;8225,8;0;0;0;
425;846,62;11811,73;930,61;3826,7;65535;12079,9;8253,2;0;0;0;
426;846,76;11809,67;932,67;3531,4;65535;11805;8273,6;0;0;0;
427;846,91;11807,61;934,73;3689,2;65535;11940,5;8251,3;0;0;0;
428;847,06;11805,55;936,79;3585,1;65535;11817,9;8232,8;0;0;0;
429;847,21;11803,5;938,85;3644,2;65535;11848,5;8204,3;0;0;0;
430;847,35;11801,44;940,9;3726,9;65535;11914,9;8188;0;0;0;
431;847,5;11799,38;942,96;3695,3;65535;11883,6;8188,3;0;0;0;
432;847,65;11797,33;945,02;3773,6;65535;11917,6;8144;0;0;0;
433;847,8;11795,27;947,07;3528,1;65535;11645,7;8117,6;0;0;0;
434;847,95;11793,22;949,13;3645,6;65535;11780,5;8134,9;0;0;0;
435;848,09;11791,16;951,18;3602,2;65535;11769,7;8167,5;0;0;0;
436;848,24;11789,11;953,23;3644,9;65535;11793,3;8148,4;0;0;0;
437;848,39;11787,06;955,28;3561,3;65535;11764,1;8202,8;0;0;0;
438;848,54;11785,01;957,33;3747,2;65535;11952,2;8205;0;0;0;
439;848,68;11782,96;959,38;3559,1;65535;11765,6;8206,5;0;0;0;
440;848,83;11780,91;961,43;3648,3;65535;11807,5;8159,2;0;0;0;
441;848,98;11778,86;963,48;3790,2;65535;11955,9;8165,7;0;0;0;
442;849,13;11776,81;965,53;3847,5;65535;12021,5;8174;0;0;0;
443;849,27;11774,77;967,58;3809,9;65535;11949,8;8139,9;0;0;0;
444;849,42;11772,72;969,62;3680,9;65535;11860,1;8179,2;0;0;0;
445;849,57;11770,68;971,67;3727;65535;11884;8157;0;0;0;
446;849,72;11768,63;973,71;3733,5;65535;11894,8;8161,3;0;0;0;
447;849,86;11766,59;975,75;4177,1;65535;12349,9;8172,8;0;0;0;
448;850,01;11764,55;977,79;4062,1;65535;12318,4;8256,3;0;0;0;
449;850,16;11762,51;979,84;3873,9;65535;12158;8284,1;0;0;0;
450;850,31;11760,47;981,88;3839;65535;12113,8;8274,8;0;0;0;
451;850,45;11758,43;983,92;3776,6;65535;12089,3;8312,7;0;0;0;
452;850,6;11756,39;985,95;3608,9;65535;11931,4;8322,5;0;0;0;
453;850,75;11754,35;987,99;3967,1;65535;12295,7;8328,6;0;0;0;
454;850,9;11752,31;990,03;3643,5;65535;12009,9;8366,4;0;0;0;
455;851,04;11750,28;992,07;3639,3;65535;12008,4;8369,1;0;0;0;
456;851,19;11748,24;994,1;3710,2;65535;12146;8435,8;0;0;0;
457;851,34;11746,21;996,14;3731,1;65535;12189,9;8458,8;0;0;0;
458;851,49;11744,17;998,17;3672,9;65535;12237,4;8564,5;0;0;0;
459;851,63;11742,14;1000,2;3619,8;65535;12286,4;8666,6;0;0;0;
460;851,78;11740,11;1002,23;3646,5;65535;12335,4;8688,9;0;0;0;
461;851,93;11738,08;1004,27;3553,7;65535;12369,4;8815,7;0;0;0;
462;852,08;11736,05;1006,3;3648,6;65535;12511,9;8863,3;0;0;0;
463;852,22;11734,02;1008,33;3552,8;65535;12507;8954,2;0;0;0;
464;852,37;11731,99;1010,35;3717,6;65535;12749;9031,4;0;0;0;
465;852,52;11729,96;1012,38;3695,7;65535;12750,3;9054,6;0;0;0;
466;852,67;11727,93;1014,41;3697,5;65535;12773,8;9076,3;0;0;0;
467;852,81;11725,91;1016,44;3722,2;65535;12820;9097,8;0;0;0;
468;852,96;11723,88;1018,46;3797,8;65535;12922;9124,2;0;0;0;
469;853,11;11721,86;1020,49;3668,9;65535;12777,3;9108,4;0;0;0;
470;853,25;11719,83;1022,51;3691,2;65535;12802,5;9111,3;0;0;0;
471;853,4;11717,81;1024,53;3719,8;65535;12831,3;9111,5;0;0;0;
472;853,55;11715,79;1026,55;3693,6;65535;12858,2;9164,6;0;0;0;
473;853,7;11713,77;1028,58;3651,1;65535;12819,5;9168,4;0;0;0;
474;853,84;11711,75;1030,6;3665,6;65535;12794,9;9129,3;0;0;0;
475;853,99;11709,73;1032,61;3644;65535;12873,6;9229,6;0;0;0;
476;854,14;11707,71;1034,63;3697,1;65535;12892,4;9195,3;0;0;0;
477;854,29;11705,69;1036,65;3588,6;65535;12813,2;9224,6;0;0;0;
478;854,43;11703,68;1038,67;3635,9;65535;12870,8;9234,9;0;0;0;
479;854,58;11701,66;1040,68;3642,4;65535;12888,5;9246,1;0;0;0;
480;854,73;11699,64;1042,7;3703,6;65535;12953,9;9250,3;0;0;0;
481;854,87;11697,63;1044,71;3588,8;65535;12840,8;9252;0;0;0;
482;855,02;11695,62;1046,73;3875,8;65535;13127,6;9251,8;0;0;0;
483;855,17;11693,6;1048,74;3599,8;65535;12887,3;9287,5;0;0;0;
484;855,32;11691,59;1050,75;3638,7;65535;12978;9339,3;0;0;0;
485;855,46;11689,58;1052,76;3674,8;65535;13028,3;9353,5;0;0;0;
486;855,61;11687,57;1054,77;3699,6;65535;13058,6;9359;0;0;0;
487;855,76;11685,56;1056,78;3616,6;65535;12997,4;9380,8;0;0;0;
488;855,9;11683,55;1058,79;3815,8;65535;13204,4;9388,6;0;0;0;
489;856,05;11681,54;1060,8;3666,3;65535;13130,2;9463,9;0;0;0;
490;856,2;11679,54;1062,81;3638,3;65535;13063,8;9425,5;0;0;0;
491;856,35;11677,53;1064,81;5387,5;65535;14906,6;9519,1;0;0;0;
492;856,49;11675,53;1066,82;3624,8;65535;13110,2;9485,4;0;0;0;
493;856,64;11673,52;1068,82;3616,1;65535;13132,7;9516,6;0;0;0;
494;856,79;11671,52;1070,83;3603,7;65535;13081,2;9477,5;0;0;0;
495;856,93;11669,51;1072,83;3691,7;65535;13263,1;9571,4;0;0;0;
496;857,08;11667,51;1074,83;3638,5;65535;13304,8;9666,3;0;0;0;
497;857,23;11665,51;1076,83;3697,4;65535;13528,5;9831,1;0;0;0;
498;857,37;11663,51;1078,83;3649,9;65535;13827,2;10177,3;0;0;0;
499;857,52;11661,51;1080,83;3671,3;65535;14403,8;10732,5;0;0;0;
500;857,67;11659,51;1082,83;3699,8;65535;15122,3;11422,5;0;0;0;
501;857,82;11657,51;1084,83;3663,3;65535;15310,7;11647,4;0;0;0;
502;857,96;11655,52;1086,83;3680,3;65535;14336,7;10656,4;0;0;0;
503;858,11;11653,52;1088,82;3578,2;65535;13530,5;9952,3;0;0;0;
504;858,26;11651,53;1090,82;3651,2;65535;13279,4;9628,2;0;0;0;
505;858,4;11649,53;1092,81;3659,9;65535;13194,3;9534,4;0;0;0;
506;858,55;11647,54;1094,81;3709;65535;13268,9;9559,9;0;0;0;
507;858,7;11645,54;1096,8;3680,2;65535;13179,7;9499,5;0;0;0;
508;858,84;11643,55;1098,79;3708,9;65535;13155,8;9446,9;0;0;0;
509;858,99;11641,56;1100,78;3687,5;65535;13091,9;9404,4;0;0;0;
510;859,14;11639,57;1102,77;3780,4;65535;13097,2;9316,8;0;0;0;
511;859,29;11637,58;1104,76;3690,3;65535;12958,5;9268,2;0;0;0;
512;859,43;11635,59;1106,75;3576,9;65535;12799,9;9223;0;0;0;
513;859,58;11633,6;1108,74;3610;65535;12792,6;9182,6;0;0;0;
514;859,73;11631,62;1110,73;3735,3;65535;12863,3;9128;0;0;0;
515;859,87;11629,63;1112,71;3728,4;65535;12839,1;9110,7;0;0;0;
516;860,02;11627,65;1114,7;3737,3;65535;12839;9101,7;0;0;0;
517;860,17;11625,66;1116,68;3649;65535;12728,3;9079,3;0;0;0;
518;860,31;11623,68;1118,67;3653,1;65535;12784,5;9131,4;0;0;0;
519;860,46;11621,69;1120,65;3719,2;65535;12884,4;9165,2;0;0;0;
520;860,61;11619,71;1122,63;3865,3;65535;13058,1;9192,8;0;0;0;
521;860,75;11617,73;1124,61;3564,7;65535;12776,4;9211,7;0;0;0;
522;860,9;11615,75;1126,59;3608,9;65535;12885,1;9276,2;0;0;0;
523;861,05;11613,77;1128,57;3780;65535;13105,7;9325,7;0;0;0;
524;861,19;11611,79;1130,55;3614,1;65535;12951,6;9337,5;0;0;0;
525;861,34;11609,81;1132,53;3614,7;65535;13009,1;9394,4;0;0;0;
526;861,49;11607,83;1134,51;3642,7;65535;13054,7;9412;0;0;0;
527;861,63;11605,86;1136,49;3608,9;65535;13081,7;9472,8;0;0;0;
528;861,78;11603,88;1138,46;3594,8;65535;13153,8;9559;0;0;0;
529;861,93;11601,91;1140,44;3725,4;65535;13318;9592,6;0;0;0;
530;862,07;11599,93;1142,41;3576,7;65535;13172,8;9596,1;0;0;0;
531;862,22;11597,96;1144,38;4047,5;65535;13761,1;9713,6;0;0;0;
532;862,37;11595,99;1146,36;3529,2;65535;13209,1;9679,9;0;0;0;
533;862,51;11594,02;1148,33;3714,7;65535;13472,9;9758,2;0;0;0;
534;862,66;11592,04;1150,3;3759,2;65535;13612;9852,8;0;0;0;
535;862,81;11590,07;1152,27;3598,3;65535;13513,8;9915,5;0;0;0;
536;862,95;11588,11;1154,24;3731,2;65535;13682,5;9951,3;0;0;0;
537;863,1;11586,14;1156,21;3762,6;65535;13765,6;10003;0;0;0;
538;863,25;11584,17;1158,17;3619,8;65535;13707,3;10087,5;0;0;0;
539;863,39;11582,2;1160,14;3639,7;65535;13771,9;10132,2;0;0;0;
540;863,54;11580,24;1162,11;3515,7;65535;13680,7;10165;0;0;0;
541;863,69;11578,27;1164,07;3579,7;65535;13747,8;10168,1;0;0;0;
542;863,83;11576,31;1166,04;3940,7;65535;14127,1;10186,4;0;0;0;
543;863,98;11574,34;1168;3746,3;65535;13980,8;10234,5;0;0;0;
544;864,13;11572,38;1169,96;3653,1;65535;13946,8;10293,7;0;0;0;
545;864,27;11570,42;1171,92;3676;65535;14046;10370;0;0;0;
546;864,42;11568,46;1173,89;3695,5;65535;14019,8;10324,3;0;0;0;
547;864,57;11566,5;1175,85;3591,6;65535;13951,1;10359,5;0;0;0;
548;864,71;11564,54;1177,81;3701,4;65535;14089,3;10387,9;0;0;0;
549;864,86;11562,58;1179,76;3583,9;65535;13996,2;10412,3;0;0;0;
550;865,01;11560,62;1181,72;4220,8;65535;14862,7;10641,9;0;0;0;
551;865,15;11558,66;1183,68;5198,3;65535;16047,1;10848,8;0;0;0;
552;865,3;11556,71;1185,64;3611,5;65535;13993,4;10381,9;0;0;0;
553;865,44;11554,75;1187,59;3772,3;65535;14141,8;10369,5;0;0;0;
554;865,59;11552,8;1189,55;3760,1;65535;14181,3;10421,2;0;0;0;
555;865,74;11550,84;1191,5;3730,5;65535;14116,9;10386,4;0;0;0;
556;865,88;11548,89;1193,45;3750,5;65535;14123,1;10372,6;0;0;0;
557;866,03;11546,94;1195,41;3696,8;65535;14072,7;10375,9;0;0;0;
558;866,18;11544,99;1197,36;4028,4;65535;14372,3;10343,9;0;0;0;
559;866,32;11543,04;1199,31;3691,4;65535;13936,3;10244,9;0;0;0;
560;866,47;11541,09;1201,26;3748;65535;14023,6;10275,6;0;0;0;
561;866,62;11539,14;1203,21;3601,7;65535;13796;10194,3;0;0;0;
562;866,76;11537,19;1205,16;4136,7;65535;14290,8;10154,1;0;0;0;
563;866,91;11535,24;1207,1;4057,3;65535;14170,4;10113,1;0;0;0;
564;867,05;11533,29;1209,05;3775,2;65535;13876,4;10101,2;0;0;0;
565;867,2;11531,35;1211;3695;65535;13763,1;10068,1;0;0;0;
566;867,35;11529,4;1212,94;3890,2;65535;13917;10026,8;0;0;0;
567;867,49;11527,46;1214,88;3575;65535;13564,2;9989,2;0;0;0;
568;867,64;11525,51;1216,83;3628,7;65535;13552,1;9923,4;0;0;0;
569;867,79;11523,57;1218,77;4074,3;65535;13930,4;9856,1;0;0;0;
570;867,93;11521,63;1220,71;3634,6;65535;13480,5;9845,9;0;0;0;
571;868,08;11519,69;1222,65;3716,4;65535;13502,4;9786;0;0;0;
572;868,23;11517,75;1224,59;3700;65535;13510,1;9810,1;0;0;0;
573;868,37;11515,81;1226,53;3713,9;65535;13541,1;9827,2;0;0;0;
574;868,52;11513,87;1228,47;3720,1;65535;13573,2;9853,1;0;0;0;
575;868,66;11511,93;1230,41;3858,7;65535;13835,5;9976,8;0;0;0;
576;868,81;11510;1232,35;3928,6;65535;14540,3;10611,7;0;0;0;
577;868,96;11508,06;1234,28;3628,6;65535;14064,4;10435,8;0;0;0;
578;869,1;11506,12;1236,22;3615,8;65535;13820,5;10204,7;0;0;0;
579;869,25;11504,19;1238,15;3756,8;65535;14068,2;10311,4;0;0;0;
580;869,39;11502,25;1240,09;3659,8;65535;14004;10344,2;0;0;0;
581;869,54;11500,32;1242,02;3711,2;65535;14107,9;10396,7;0;0;0;
582;869,69;11498,39;1243,95;5939,1;65535;16423,3;10484,2;0;0;0;
583;869,83;11496,46;1245,89;3606,1;65535;14109;10502,9;0;0;0;
584;869,98;11494,53;1247,82;3647,9;65535;14242,5;10594,6;0;0;0;
585;870,13;11492,6;1249,75;4019,1;65535;14596,6;10577,5;0;0;0;
586;870,27;11490,67;1251,68;3644,7;65535;14205,5;10560,8;0;0;0;
587;870,42;11488,74;1253,6;3573,2;65535;14129,6;10556,4;0;0;0;
588;870,56;11486,81;1255,53;3652,1;65535;14287,9;10635,8;0;0;0;
589;870,71;11484,88;1257,46;3675,7;65535;14306,1;10630,4;0;0;0;
590;870,86;11482,96;1259,39;3574,6;65535;14105,2;10530,6;0;0;0;
591;871;11481,03;1261,31;3878,5;65535;14451;10572,5;0;0;0;
592;871,15;11479,11;1263,24;5637;65535;16259,3;10622,3;0;0;0;
593;871,29;11477,18;1265,16;3692,3;65535;14358,4;10666,1;0;0;0;
594;871,44;11475,26;1267,08;3695,9;65535;14347,5;10651,6;0;0;0;
595;871,59;11473,34;1269;3696;65535;14400,3;10704,3;0;0;0;
596;871,73;11471,42;1270,93;3570,1;65535;14263,4;10693,3;0;0;0;
597;871,88;11469,5;1272,85;3743,2;65535;14458,8;10715,6;0;0;0;
598;872,02;11467,58;1274,77;3719,6;65535;14482,3;10762,7;0;0;0;
599;872,17;11465,66;1276,68;3639;65535;14407,3;10768,3;0;0;0;
600;872,32;11463,74;1278,6;3752,8;65535;14645,8;10893;0;0;0;
601;872,46;11461,82;1280,52;3890,2;65535;14873,4;10983,2;0;0;0;
602;872,61;11459,91;1282,44;4269,3;65535;15310,3;11041;0;0;0;
603;872,75;11457,99;1284,35;3673,5;65535;14645,4;10971,9;0;0;0;
604;872,9;11456,08;1286,27;3616;65535;14618,1;11002,1;0;0;0;
605;873,05;11454,16;1288,18;3702,1;65535;14766,1;11064;0;0;0;
606;873,19;11452,25;1290,1;3638,6;65535;14647;11008,4;0;0;0;
607;873,34;11450,33;1292,01;3773,9;65535;14803,9;11030;0;0;0;
608;873,48;11448,42;1293,92;3666,5;65535;14723,6;11057,1;0;0;0;
609;873,63;11446,51;1295,83;3755,2;65535;14848;11092,8;0;0;0;
610;873,77;11444,6;1297,74;3672,5;65535;14805,6;11133,1;0;0;0;
611;873,92;11442,69;1299,65;3730,6;65535;14893,1;11162,5;0;0;0;
612;874,07;11440,78;1301,56;3677;65535;14841,7;11164,7;0;0;0;
613;874,21;11438,87;1303,47;3699,1;65535;14940,1;11241;0;0;0;
614;874,36;11436,97;1305,38;3709,5;65535;14897,3;11187,8;0;0;0;
615;874,5;11435,06;1307,28;3789,1;65535;15086,5;11297,4;0;0;0;
616;874,65;11433,16;1309,19;3536,9;65535;14826,6;11289,7;0;0;0;
617;874,79;11431,25;1311,09;3628,7;65535;14936,1;11307,4;0;0;0;
618;874,94;11429,35;1313;3602,5;65535;14911,2;11308,7;0;0;0;
619;875,09;11427,44;1314,9;3758,3;65535;15021;11262,7;0;0;0;
620;875,23;11425,54;1316,8;4001,6;65535;15342,2;11340,6;0;0;0;
621;875,38;11423,64;1318,71;3855,9;65535;15184,8;11328,9;0;0;0;
622;875,52;11421,74;1320,61;3847,7;65535;15194,5;11346,8;0;0;0;
623;875,67;11419,84;1322,51;3685,8;65535;15003,3;11317,5;0;0;0;
624;875,81;11417,94;1324,41;3561,9;65535;14962,5;11400,6;0;0;0;
625;875,96;11416,04;1326,3;3681,9;65535;15091;11409,1;0;0;0;
626;876,11;11414,14;1328,2;3631,6;65535;15065,7;11434,1;0;0;0;
627;876,25;11412,24;1330,1;3616,9;65535;14908,1;11291,2;0;0;0;
628;876,4;11410,35;1332;3737,3;65535;14854;11116,7;0;0;0;
629;876,54;11408,45;1333,89;3730,4;65535;14824,2;11093,8;0;0;0;
630;876,69;11406,56;1335,79;3762,1;65535;14853,6;11091,5;0;0;0;
631;876,83;11404,66;1337,68;3918,8;65535;15002,5;11083,7;0;0;0;
632;876,98;11402,77;1339,57;3687,9;65535;14715,9;11028;0;0;0;
633;877,13;11400,88;1341,47;3671,2;65535;14536,9;10865,7;0;0;0;
634;877,27;11398,98;1343,36;3724,3;65535;14449,9;10725,6;0;0;0;
635;877,42;11397,09;1345,25;5057;65535;15808;10751;0;0;0;
636;877,56;11395,2;1347,14;3541,8;65535;14252,6;10710,8;0;0;0;
637;877,71;11393,31;1349,03;3939,7;65535;14746;10806,3;0;0;0;
638;877,85;11391,43;1350,92;3640,7;65535;14411,5;10770,8;0;0;0;
639;878;11389,54;1352,81;3639,3;65535;14444,1;10804,8;0;0;0;
640;878,14;11387,65;1354,69;3728;65535;14553,5;10825,5;0;0;0;
641;878,29;11385,76;1356,58;3710,3;65535;14670,5;10960,2;0;0;0;
642;878,44;11383,88;1358,47;3760,2;65535;14610;10849,8;0;0;0;
643;878,58;11381,99;1360,35;3700,9;65535;14574,8;10873,9;0;0;0;
644;878,73;11380,11;1362,23;4066,2;65535;15040;10973,8;0;0;0;
645;878,87;11378,23;1364,12;3705,2;65535;14724,1;11018,9;0;0;0;
646;879,02;11376,34;1366;3635,7;65535;14673,7;11038;0;0;0;
647;879,16;11374,46;1367,88;3649,9;65535;14754,6;11104,7;0;0;0;
648;879,31;11372,58;1369,76;3548,9;65535;14664,1;11115,2;0;0;0;
649;879,45;11370,7;1371,64;3693,4;65535;14839,3;11145,9;0;0;0;
650;879,6;11368,82;1373,52;3678,5;65535;14842,4;11163,9;0;0;0;
651;879,74;11366,94;1375,4;3720,9;65535;14918;11197,1;0;0;0;
652;879,89;11365,06;1377,28;3657,7;65535;14890,1;11232,4;0;0;0;
653;880,03;11363,19;1379,16;4290,8;65535;15529;11238,2;0;0;0;
654;880,18;11361,31;1381,03;4275,6;65535;15522,4;11246,8;0;0;0;
655;880,33;11359,43;1382,91;3907,4;65535;15162,6;11255,2;0;0;0;
656;880,47;11357,56;1384,78;3635;65535;14931,7;11296,7;0;0;0;
657;880,62;11355,69;1386,66;3706,8;65535;15022,1;11315,3;0;0;0;
658;880,76;11353,81;1388,53;3706,6;65535;15052,4;11345,8;0;0;0;
659;880,91;11351,94;1390,4;3756,2;65535;15148,8;11392,6;0;0;0;
660;881,05;11350,07;1392,28;3900,8;65535;15319,3;11418,5;0;0;0;
661;881,2;11348,2;1394,15;3636,4;65535;15082,5;11446,1;0;0;0;
662;881,34;11346,33;1396,02;3793,5;65535;15302,9;11509,4;0;0;0;
663;881,49;11344,46;1397,89;3853,4;65535;15349,3;11495,9;0;0;0;
664;881,63;11342,59;1399,76;3646,2;65535;15209,5;11563,3;0;0;0;
665;881,78;11340,72;1401,62;3800,7;65535;15402,6;11601,9;0;0;0;
666;881,92;11338,85;1403,49;3710;65535;15325,3;11615,3;0;0;0;
667;882,07;11336,99;1405,36;3705;65535;15245,8;11540,8;0;0;0;
668;882,21;11335,12;1407,22;3609,8;65535;15216,2;11606,4;0;0;0;
669;882,36;11333,26;1409,09;3616,9;65535;15231,8;11614,9;0;0;0;
670;882,5;11331,39;1410,95;3547,3;65535;15134,8;11587,5;0;0;0;
671;882,65;11329,53;1412,82;3803,1;65535;15378,6;11575,5;0;0;0;
672;882,79;11327,67;1414,68;3630,6;65535;15207,3;11576,7;0;0;0;
673;882,94;11325,8;1416,54;3654;65535;15204,7;11550,7;0;0;0;
674;883,08;11323,94;1418,4;3646;65535;15129,9;11483,9;0;0;0;
675;883,23;11322,08;1420,26;3631,2;65535;15125,4;11494,2;0;0;0;
676;883,37;11320,22;1422,12;3920,6;65535;15432,4;11511,8;0;0;0;
677;883,52;11318,36;1423,98;3823,2;65535;15281,4;11458,2;0;0;0;
678;883,67;11316,5;1425,84;3587,6;65535;14984;11396,4;0;0;0;
679;883,81;11314,65;1427,7;3788,6;65535;15158,2;11369,6;0;0;0;
680;883,96;11312,79;1429,55;3624,8;65535;14881,6;11256,8;0;0;0;
681;884,1;11310,93;1431,41;3673,3;65535;14856,6;11183,3;0;0;0;
682;884,25;11309,08;1433,26;3671,6;65535;14842,8;11171,2;0;0;0;
683;884,39;11307,22;1435,12;3676,4;65535;14788,1;11111,7;0;0;0;
684;884,54;11305,37;1436,97;3742;65535;14807,9;11065,9;0;0;0;
685;884,68;11303,52;1438,83;3751,8;65535;14758,1;11006,3;0;0;0;
686;884,83;11301,67;1440,68;3681;65535;14619,1;10938,1;0;0;0;
687;884,97;11299,81;1442,53;3664,7;65535;14584,7;10920;0;0;0;
688;885,12;11297,96;1444,38;4039,8;65535;14951,6;10911,8;0;0;0;
689;885,26;11296,11;1446,23;3710,1;65535;14631,3;10921,2;0;0;0;
690;885,41;11294,26;1448,08;3594,9;65535;14413,1;10818,2;0;0;0;
691;885,55;11292,42;1449,93;3665,1;65535;14492,3;10827,2;0;0;0;
692;885,69;11290,57;1451,77;3732,5;65535;14571,8;10839,3;0;0;0;
693;885,84;11288,72;1453,62;3610,3;65535;14493,7;10883,4;0;0;0;
694;885,98;11286,88;1455,47;3687;65535;14593,1;10906,1;0;0;0;
695;886,13;11285,03;1457,31;3604,5;65535;14517;10912,5;0;0;0;
696;886,27;11283,19;1459,16;5061,6;65535;16094,2;11032,6;0;0;0;
697;886,42;11281,34;1461;3584,2;65535;14553,5;10969,3;0;0;0;
698;886,56;11279,5;1462,85;3605,6;65535;14693,4;11087,8;0;0;0;
699;886,71;11277,66;1464,69;3593,1;65535;14771,8;11178,7;0;0;0;
700;886,85;11275,81;1466,53;3689,7;65535;14854,8;11165,1;0;0;0;
701;887;11273,97;1468,37;3689,8;65535;14894,1;11204,3;0;0;0;
702;887,14;11272,13;1470,21;3583;65535;14782;11199;0;0;0;
703;887,29;11270,29;1472,05;3582,6;65535;14871,5;11288,9;0;0;0;
704;887,43;11268,45;1473,89;3703,9;65535;15060,2;11356,3;0;0;0;
705;887,58;11266,62;1475,73;3828,3;65535;15247,6;11419,3;0;0;0;
706;887,72;11264,78;1477,56;3760,9;65535;15254,7;11493,8;0;0;0;
707;887,87;11262,94;1479,4;3758,3;65535;15354;11595,7;0;0;0;
708;888,01;11261,11;1481,24;3690,2;65535;15368,1;11677,9;0;0;0;
709;888,16;11259,27;1483,07;3683,6;65535;15357;11673,4;0;0;0;
710;888,3;11257,44;1484,91;3577,8;65535;15305,2;11727,4;0;0;0;
711;888,45;11255,6;1486,74;3664,2;65535;15421,6;11757,4;0;0;0;
712;888,59;11253,77;1488,57;3860,7;65535;15688;11827,3;0;0;0;
713;888,74;11251,94;1490,4;4354,7;65535;16299,4;11944,7;0;0;0;
714;888,88;11250,11;1492,23;3672,4;65535;15630,5;11958,1;0;0;0;
715;889,02;11248,28;1494,07;3690,4;65535;15684,3;11993,9;0;0;0;
716;889,17;11246,45;1495,9;3734,8;65535;15760,6;12025,8;0;0;0;
717;889,31;11244,62;1497,72;3612,2;65535;15711,9;12099,7;0;0;0;
718;889,46;11242,79;1499,55;3599;65535;15722,7;12123,7;0;0;0;
719;889,6;11240,96;1501,38;3732,7;65535;15859;12126,3;0;0;0;
720;889,75;11239,14;1503,21;3721,9;65535;15885;12163,1;0;0;0;
721;889,89;11237,31;1505,03;3673,4;65535;15976,6;12303,2;0;0;0;
722;890,04;11235,48;1506,86;3699,9;65535;15935,5;12235,6;0;0;0;
723;890,18;11233,66;1508,68;3679,9;65535;15948,5;12268,6;0;0;0;
724;890,33;11231,84;1510,51;3670,2;65535;15954,1;12283,9;0;0;0;
725;890,47;11230,01;1512,33;3688,2;65535;15953,5;12265,3;0;0;0;
726;890,62;11228,19;1514,15;3878,1;65535;16230,1;12352;0;0;0;
727;890,76;11226,37;1515,97;3848,2;65535;16271,7;12423,5;0;0;0;
728;890,9;11224,55;1517,8;3571,3;65535;16013,8;12442,5;0;0;0;
729;891,05;11222,73;1519,62;3610,1;65535;16048,2;12438,1;0;0;0;
730;891,19;11220,91;1521,43;3649,9;65535;16024,6;12374,7;0;0;0;
731;891,34;11219,09;1523,25;3774,3;65535;16206,1;12431,8;0;0;0;
732;891,48;11217,27;1525,07;3765,8;65535;16193,7;12427,9;0;0;0;
733;891,63;11215,45;1526,89;3704,3;65535;16063,1;12358,8;0;0;0;
734;891,77;11213,64;1528,71;3794,9;65535;16150,6;12355,7;0;0;0;
735;891,92;11211,82;1530,52;3744,2;65535;16042,9;12298,7;0;0;0;
736;892,06;11210,01;1532,34;3639,8;65535;15855,6;12215,8;0;0;0;
737;892,2;11208,19;1534,15;3631,6;65535;15800,6;12169;0;0;0;
738;892,35;11206,38;1535,96;3643,2;65535;15812,9;12169,7;0;0;0;
739;892,49;11204,57;1537,78;3611,3;65535;15726,1;12114,8;0;0;0;
740;892,64;11202,75;1539,59;3644,9;65535;15796,7;12151,8;0;0;0;
741;892,78;11200,94;1541,4;3653,2;65535;15774,5;12121,3;0;0;0;
742;892,93;11199,13;1543,21;3559;65535;15668,2;12109,2;0;0;0;
743;893,07;11197,32;1545,02;3806,3;65535;15972,4;12166,1;0;0;0;
744;893,21;11195,51;1546,83;3655,4;65535;15784,7;12129,3;0;0;0;
745;893,36;11193,7;1548,64;3766,3;65535;15909;12142,7;0;0;0;
746;893,5;11191,9;1550,45;3767,1;65535;15949,6;12182,5;0;0;0;
747;893,65;11190,09;1552,25;3608,8;65535;15810,8;12202;0;0;0;
748;893,79;11188,28;1554,06;3744,1;65535;15880,1;12136;0;0;0;
749;893,94;11186,48;1555,87;3705;65535;15867;12162;0;0;0;
750;894,08;11184,67;1557,67;3779,9;65535;15870,1;12090,2;0;0;0;
751;894,22;11182,87;1559,47;3604,7;65535;15762,4;12157,7;0;0;0;
752;894,37;11181,07;1561,28;3591,8;65535;15800,4;12208,6;0;0;0;
753;894,51;11179,26;1563,08;3607,7;65535;15832,4;12224,7;0;0;0;
754;894,66;11177,46;1564,88;3710,4;65535;15976,4;12266;0;0;0;
755;894,8;11175,66;1566,68;3662,5;65535;15937,2;12274,7;0;0;0;
756;894,95;11173,86;1568,48;3891,4;65535;16210,1;12318,7;0;0;0;
757;895,09;11172,06;1570,28;3602,9;65535;15891,1;12288,2;0;0;0;
758;895,23;11170,26;1572,08;4536,4;65535;16859,4;12323;0;0;0;
759;895,38;11168,46;1573,88;3650,2;65535;15993,1;12342,9;0;0;0;
760;895,52;11166,67;1575,68;3759,3;65535;16079,5;12320,2;0;0;0;
761;895,67;11164,87;1577,48;3808,3;65535;16130,1;12321,8;0;0;0;
762;895,81;11163,07;1579,27;3677,2;65535;15890,4;12213,2;0;0;0;
763;895,95;11161,28;1581,07;3586,5;65535;15749,4;12162,9;0;0;0;
764;896,1;11159,48;1582,86;3726,9;65535;15929,4;12202,5;0;0;0;
765;896,24;11157,69;1584,66;3620,4;65535;15837,7;12217,3;0;0;0;
766;896,39;11155,89;1586,45;3559,3;65535;15720,7;12161,4;0;0;0;
767;896,53;11154,1;1588,24;3668,6;65535;15869,7;12201,1;0;0;0;
768;896,68;11152,31;1590,03;3755,5;65535;15922,1;12166,6;0;0;0;
769;896,82;11150,52;1591,82;3921,1;65535;16122,7;12201,6;0;0;0;
770;896,96;11148,73;1593,61;3613,3;65535;15801,9;12188,6;0;0;0;
771;897,11;11146,94;1595,4;3610,1;65535;15725,9;12115,8;0;0;0;
772;897,25;11145,15;1597,19;3595,6;65535;15774,5;12178,9;0;0;0;
773;897,4;11143,36;1598,98;3574,9;65535;15736,5;12161,6;0;0;0;
774;897,54;11141,58;1600,77;3746,2;65535;15890,7;12144,5;0;0;0;
775;897,68;11139,79;1602,56;3713;65535;15807,4;12094,4;0;0;0;
776;897,83;11138;1604,34;3670,7;65535;15812,3;12141,6;0;0;0;
777;897,97;11136,22;1606,13;3865,2;65535;15946,7;12081,5;0;0;0;
778;898,11;11134,43;1607,91;3790,3;65535;15872,9;12082,6;0;0;0;
779;898,26;11132,65;1609,69;4023,8;65535;16164,5;12140,7;0;0;0;
780;898,4;11130,87;1611,48;5931,8;65535;18220,4;12288,6;0;0;0;
781;898,55;11129,08;1613,26;4821,3;65535;17120,6;12299,3;0;0;0;
782;898,69;11127,3;1615,04;3715,7;65535;15907,2;12191,5;0;0;0;
783;898,83;11125,52;1616,82;3724,5;65535;15937,2;12212,7;0;0;0;
784;898,98;11123,74;1618,6;3625,6;65535;15890,6;12265;0;0;0;
785;899,12;11121,96;1620,38;3707,1;65535;16031,5;12324,4;0;0;0;
786;899,27;11120,18;1622,16;3597,1;65535;15899,7;12302,6;0;0;0;
787;899,41;11118,4;1623,94;3693,2;65535;16017,9;12324,7;0;0;0;
788;899,55;11116,63;1625,72;3586,5;65535;15931,5;12345;0;0;0;
789;899,7;11114,85;1627,49;3633;65535;16016,3;12383,3;0;0;0;
790;899,84;11113,07;1629,27;3595,2;65535;16043,4;12448,2;0;0;0;
791;899,98;11111,3;1631,05;3614,4;65535;16106,4;12492;0;0;0;
792;900,13;11109,52;1632,82;3766,7;65535;16306,2;12539,5;0;0;0;
793;900,27;11107,75;1634,59;3768,8;65535;16245,9;12477,1;0;0;0;
794;900,42;11105,98;1636,37;3887,1;65535;16432,2;12545,1;0;0;0;
795;900,56;11104,2;1638,14;3604,8;65535;16151,7;12546,9;0;0;0;
796;900,7;11102,43;1639,91;3695,3;65535;16236,4;12541,1;0;0;0;
797;900,85;11100,66;1641,68;3718,8;65535;16255,5;12536,7;0;0;0;
798;900,99;11098,89;1643,45;3679,3;65535;16254,8;12575,5;0;0;0;
799;901,13;11097,12;1645,22;3825,6;65535;16441,8;12616,2;0;0;0;
800;901,28;11095,35;1646,99;3705,8;65535;16267,3;12561,5;0;0;0;
801;901,42;11093,59;1648,76;3669,5;65535;16234,1;12564,6;0;0;0;
802;901,57;11091,82;1650,53;3750;65535;16363;12613;0;0;0;
803;901,71;11090,05;1652,29;3622,3;65535;16256,9;12634,6;0;0;0;
804;901,85;11088,28;1654,06;3773,4;65535;16446,6;12673,2;0;0;0;
805;902;11086,52;1655,82;3625,9;65535;16312;12686,1;0;0;0;
806;902,14;11084,76;1657,59;3694,2;65535;16402,5;12708,3;0;0;0;
807;902,28;11082,99;1659,35;3561;65535;16201,8;12640,8;0;0;0;
808;902,43;11081,23;1661,12;4296;65535;16767,6;12471,6;0;0;0;
809;902,57;11079,47;1662,88;3527,1;65535;15829,5;12302,4;0;0;0;
810;902,71;11077,7;1664,64;3653,4;65535;15940;12286,6;0;0;0;
811;902,86;11075,94;1666,4;3912,4;65535;16315,2;12402,8;0;0;0;
812;903;11074,18;1668,16;3623,3;65535;16180,2;12556,9;0;0;0;
813;903,14;11072,42;1669,92;4423,8;65535;17226,8;12803;0;0;0;
814;903,29;11070,66;1671,68;3583,1;65535;16482,9;12899,8;0;0;0;
815;903,43;11068,91;1673,44;3839;65535;16746,8;12907,8;0;0;0;
816;903,58;11067,15;1675,2;3599,9;65535;16539,2;12939,3;0;0;0;
817;903,72;11065,39;1676,95;3690;65535;16631;12941;0;0;0;
818;903,86;11063,64;1678,71;3758,4;65535;16736,7;12978,3;0;0;0;
819;904,01;11061,88;1680,46;3638,8;65535;16704,2;13065,4;0;0;0;
820;904,15;11060,13;1682,22;3573,2;65535;16597,3;13024,1;0;0;0;
821;904,29;11058,37;1683,97;3624,6;65535;16618,1;12993,5;0;0;0;
822;904,44;11056,62;1685,73;3675,6;65535;16680,3;13004,7;0;0;0;
823;904,58;11054,87;1687,48;6570,5;65535;19733;13162,5;0;0;0;
824;904,72;11053,11;1689,23;3667,9;65535;16700,7;13032,8;0;0;0;
825;904,87;11051,36;1690,98;3782,1;65535;16761,7;12979,6;0;0;0;
826;905,01;11049,61;1692,73;3621,5;65535;16649,9;13028,4;0;0;0;
827;905,15;11047,86;1694,48;3697,7;65535;16743,7;13046;0;0;0;
828;905,3;11046,11;1696,23;3696;65535;16691,9;12995,9;0;0;0;
829;905,44;11044,36;1697,98;3771,2;65535;16761,8;12990,6;0;0;0;
830;905,58;11042,62;1699,73;3573,1;65535;16565,6;12992,5;0;0;0;
831;905,73;11040,87;1701,47;3592,3;65535;16618,7;13026,4;0;0;0;
832;905,87;11039,12;1703,22;3780,7;65535;16795,6;13014,9;0;0;0;
833;906,01;11037,38;1704,97;3633;65535;16666,1;13033,1;0;0;0;
834;906,16;11035,63;1706,71;3642,3;65535;16631,1;12988,8;0;0;0;
835;906,3;11033,89;1708,45;3641,4;65535;16682,3;13040,9;0;0;0;
836;906,44;11032,15;1710,2;3746,5;65535;16717,1;12970,6;0;0;0;
837;906,59;11030,4;1711,94;3608,6;65535;16550,1;12941,5;0;0;0;
838;906,73;11028,66;1713,68;3708,5;65535;16702,8;12994,3;0;0;0;
839;906,87;11026,92;1715,42;4411,9;65535;17415,5;13003,6;0;0;0;
840;907,01;11025,18;1717,16;3634,1;65535;16664,3;13030,2;0;0;0;
841;907,16;11023,44;1718,9;3741,5;65535;16817,5;13076;0;0;0;
842;907,3;11021,7;1720,64;3643,8;65535;16734,6;13090,8;0;0;0;
843;907,44;11019,96;1722,38;3579,5;65535;16689,5;13110;0;0;0;
844;907,59;11018,22;1724,12;3593,7;65535;16708,8;13115,1;0;0;0;
845;907,73;11016,49;1725,86;3903,9;65535;17006,8;13102,9;0;0;0;
846;907,87;11014,75;1727,59;3563,1;65535;16708,3;13145,2;0;0;0;
847;908,02;11013,01;1729,33;3791,5;65535;16991,6;13200,1;0;0;0;
848;908,16;11011,28;1731,07;3728;65535;16915,8;13187,8;0;0;0;
849;908,3;11009,54;1732,8;3772,7;65535;16962,3;13189,6;0;0;0;
850;908,45;11007,81;1734,53;3768,9;65535;16953,7;13184,8;0;0;0;
851;908,59;11006,08;1736,27;3660,2;65535;16842,8;13182,6;0;0;0;
852;908,73;11004,34;1738;3671,4;65535;16850,9;13179,5;0;0;0;
853;908,87;11002,61;1739,73;3647,8;65535;16844,2;13196,4;0;0;0;
854;909,02;11000,88;1741,46;3693;65535;16900,1;13207,1;0;0;0;
855;909,16;10999,15;1743,19;3744,4;65535;16999,4;13255;0;0;0;
856;909,3;10997,42;1744,92;3641,8;65535;16818,4;13176,6;0;0;0;
857;909,45;10995,69;1746,65;3673,7;65535;16944,9;13271,2;0;0;0;
858;909,59;10993,97;1748,38;4127,9;65535;17402,1;13274,2;0;0;0;
859;909,73;10992,24;1750,11;3674,3;65535;16876,2;13201,9;0;0;0;
860;909,88;10990,51;1751,83;3563,3;65535;16755,8;13192,5;0;0;0;
861;910,02;10988,79;1753,56;3736,9;65535;16856,7;13119,8;0;0;0;
862;910,16;10987,06;1755,28;3685;65535;16823,3;13138,3;0;0;0;
863;910,3;10985,33;1757,01;3710,6;65535;16855,3;13144,7;0;0;0;
864;910,45;10983,61;1758,73;3669,6;65535;16766;13096,4;0;0;0;
865;910,59;10981,89;1760,46;4021,4;65535;17181,7;13160,3;0;0;0;
866;910,73;10980,16;1762,18;3698,3;65535;16803,1;13104,8;0;0;0;
867;910,88;10978,44;1763,9;3676,6;65535;16758,4;13081,8;0;0;0;
868;911,02;10976,72;1765,62;4299,6;65535;17355,5;13055,9;0;0;0;
869;911,16;10975;1767,34;3612,1;65535;16650;13037,9;0;0;0;
870;911,3;10973,28;1769,06;3610,2;65535;16688;13077,8;0;0;0;
871;911,45;10971,56;1770,78;3614,1;65535;16659,1;13045;0;0;0;
872;911,59;10969,84;1772,5;3794,9;65535;16876,4;13081,5;0;0;0;
873;911,73;10968,13;1774,22;3705,8;65535;16811,4;13105,6;0;0;0;
874;911,88;10966,41;1775,93;3796,6;65535;16888,2;13091,6;0;0;0;
875;912,02;10964,69;1777,65;3827,2;65535;17040,7;13213,5;0;0;0;
876;912,16;10962,98;1779,37;3571,6;65535;16686,4;13114,8;0;0;0;
877;912,3;10961,26;1781,08;3523;65535;16647,6;13124,6;0;0;0;
878;912,45;10959,55;1782,8;4018,9;65535;17201,3;13182,4;0;0;0;
879;912,59;10957,83;1784,51;3809;65535;16973,4;13164,4;0;0;0;
880;912,73;10956,12;1786,22;3659,1;65535;16861,3;13202,2;0;0;0;
881;912,87;10954,41;1787,94;3740,2;65535;16893;13152,8;0;0;0;
882;913,02;10952,7;1789,65;3607,8;65535;16757,1;13149,3;0;0;0;
883;913,16;10950,98;1791,36;3624,1;65535;16765,9;13141,8;0;0;0;
884;913,3;10949,27;1793,07;3683;65535;16830,4;13147,4;0;0;0;
885;913,45;10947,57;1794,78;4799,7;65535;17774,2;12974,5;0;0;0;
886;913,59;10945,86;1796,49;3700,3;65535;16735,2;13034,9;0;0;0;
887;913,73;10944,15;1798,2;3603,3;65535;16632;13028,7;0;0;0;
888;913,87;10942,44;1799,9;6888,9;65535;20153,6;13264,7;0;0;0;
889;914,02;10940,73;1801,61;3654,2;65535;16730,7;13076,5;0;0;0;
890;914,16;10939,03;1803,32;3541,5;65535;16588,5;13047;0;0;0;
891;914,3;10937,32;1805,02;3697;65535;16669,8;12972,8;0;0;0;
892;914,44;10935,62;1806,73;3644,8;65535;16658,2;13013,4;0;0;0;
893;914,59;10933,91;1808,43;3675,1;65535;16626,8;12951,7;0;0;0;
894;914,73;10932,21;1810,13;3559,6;65535;16515,9;12956,3;0;0;0;
895;914,87;10930,51;1811,84;3709,1;65535;16639,8;12930,7;0;0;0;
896;915,01;10928,8;1813,54;3565,2;65535;16439,7;12874,5;0;0;0;
897;915,16;10927,1;1815,24;3711,3;65535;16524,5;12813,2;0;0;0;
898;915,3;10925,4;1816,94;3743,7;65535;16563,7;12820;0;0;0;
899;915,44;10923,7;1818,64;3654,1;65535;16357,2;12703,1;0;0;0;
900;915,58;10922;1820,34;3698,7;65535;16378,7;12680;0;0;0;
901;915,73;10920,3;1822,04;3785,8;65535;16502,2;12716,4;0;0;0;
902;915,87;10918,61;1823,74;3625;65535;16371,9;12746,9;0;0;0;
903;916,01;10916,91;1825,44;3627,6;65535;16324,4;12696,8;0;0;0;
904;916,15;10915,21;1827,13;3615,2;65535;16366,1;12750,9;0;0;0;
905;916,3;10913,52;1828,83;3925,5;65535;16704,3;12778,8;0;0;0;
906;916,44;10911,82;1830,52;3708,6;65535;16554,1;12845,5;0;0;0;
907;916,58;10910,13;1832,22;3725,8;65535;16528,7;12802,9;0;0;0;
908;916,72;10908,43;1833,91;3741,9;65535;16520,3;12778,4;0;0;0;
909;916,86;10906,74;1835,61;3810,3;65535;16645,8;12835,5;0;0;0;
910;917,01;10905,05;1837,3;3613,8;65535;16458,9;12845,1;0;0;0;
911;917,15;10903,35;1838,99;3680,5;65535;16483,6;12803,1;0;0;0;
912;917,29;10901,66;1840,68;4083,9;65535;16946;12862,1;0;0;0;
913;917,43;10899,97;1842,37;3602,8;65535;16359,9;12757,1;0;0;0;
914;917,58;10898,28;1844,06;3668,9;65535;16457,4;12788,5;0;0;0;
915;917,72;10896,59;1845,75;3669,1;65535;16436,1;12767;0;0;0;
916;917,86;10894,9;1847,44;3750,1;65535;16529;12778,9;0;0;0;
917;918;10893,22;1849,13;3748,8;65535;16496,5;12747,7;0;0;0;
918;918,14;10891,53;1850,82;3535,9;65535;16259,3;12723,4;0;0;0;
919;918,29;10889,84;1852,5;3866,1;65535;16620,4;12754,3;0;0;0;
920;918,43;10888,16;1854,19;3822,2;65535;16498,9;12676,7;0;0;0;
921;918,57;10886,47;1855,87;3756,1;65535;16426;12669,9;0;0;0;
922;918,71;10884,79;1857,56;3585,2;65535;16178,2;12593;0;0;0;
923;918,86;10883,1;1859,24;4437,4;65535;17111,2;12673,8;0;0;0;
924;919;10881,42;1860,92;3730,9;65535;16294,4;12563,5;0;0;0;
925;919,14;10879,74;1862,61;3594,9;65535;16158,7;12563,8;0;0;0;
926;919,28;10878,05;1864,29;3945,1;65535;16452;12506,9;0;0;0;
927;919,42;10876,37;1865,97;3712;65535;16310,1;12598,1;0;0;0;
928;919,57;10874,69;1867,65;3684,4;65535;16246,6;12562,2;0;0;0;
929;919,71;10873,01;1869,33;3817,1;65535;16368,8;12551,7;0;0;0;
930;919,85;10871,33;1871,01;3612,5;65535;16153,7;12541,2;0;0;0;
931;919,99;10869,65;1872,69;3660,3;65535;16182,1;12521,8;0;0;0;
932;920,13;10867,98;1874,37;3657;65535;16155,7;12498,7;0;0;0;
933;920,28;10866,3;1876,04;3609,5;65535;16137;12527,5;0;0;0;
934;920,42;10864,62;1877,72;3634,2;65535;16208,3;12574,1;0;0;0;
935;920,56;10862,95;1879,4;3617;65535;16205;12588;0;0;0;
936;920,7;10861,27;1881,07;3759,2;65535;16373,5;12614,3;0;0;0;
937;920,84;10859,6;1882,75;3776;65535;16497,6;12721,6;0;0;0;
938;920,99;10857,92;1884,42;3711,1;65535;16440,3;12729,2;0;0;0;
939;921,13;10856,25;1886,09;3801,1;65535;16564;12762,9;0;0;0;
940;921,27;10854,58;1887,77;3648,5;65535;16442,9;12794,4;0;0;0;
941;921,41;10852,91;1889,44;3527,3;65535;16341;12813,7;0;0;0;
942;921,55;10851,23;1891,11;3736,2;65535;16644,2;12908;0;0;0;
943;921,7;10849,56;1892,78;3705,5;65535;16659,5;12954;0;0;0;
944;921,84;10847,89;1894,45;3829,7;65535;16810,1;12980,4;0;0;0;
945;921,98;10846,22;1896,12;3687,7;65535;16684,2;12996,5;0;0;0;
946;922,12;10844,56;1897,79;3532,2;65535;16570,8;13038,6;0;0;0;
947;922,26;10842,89;1899,45;3650,6;65535;16701;13050,4;0;0;0;
948;922,41;10841,22;1901,12;3708,4;65535;16816,2;13107,8;0;0;0;
949;922,55;10839,55;1902,79;3870,2;65535;17087,6;13217,4;0;0;0;
950;922,69;10837,89;1904,45;3797;65535;16989;13192;0;0;0;
951;922,83;10836,22;1906,12;4129,2;65535;17373,9;13244,7;0;0;0;
952;922,97;10834,56;1907,78;3609,9;65535;16834,2;13224,3;0;0;0;
953;923,11;10832,89;1909,45;4594,8;65535;17868,4;13273,6;0;0;0;
954;923,26;10831,23;1911,11;5528,1;65535;18770,7;13242,6;0;0;0;
955;923,4;10829,57;1912,77;6008,1;65535;18099,7;12091,6;0;0;0;
956;923,54;10827,91;1914,44;3636,5;65535;16816,2;13179,7;0;0;0;
957;923,68;10826,25;1916,1;3594,7;65535;16843,4;13248,7;0;0;0;
958;923,82;10824,59;1917,76;3609,9;65535;16860,8;13250,9;0;0;0;
959;923,96;10822,93;1919,42;3593;65535;16846,5;13253,5;0;0;0;
960;924,11;10821,27;1921,08;3692,9;65535;16945,7;13252,8;0;0;0;
961;924,25;10819,61;1922,74;3706,2;65535;16994,9;13288,7;0;0;0;
962;924,39;10817,95;1924,39;3652;65535;16942,4;13290,4;0;0;0;
963;924,53;10816,29;1926,05;3744;65535;16924,8;13180,8;0;0;0;
964;924,67;10814,64;1927,71;3734,4;65535;17006,9;13272,5;0;0;0;
965;924,81;10812,98;1929,36;3565,4;65535;16796,3;13230,9;0;0;0;
966;924,96;10811,32;1931,02;3813,1;65535;17171,1;13358;0;0;0;
967;925,1;10809,67;1932,67;3629,8;65535;17085,1;13455,3;0;0;0;
968;925,24;10808,01;1934,33;3615,7;65535;17090,1;13474,4;0;0;0;
969;925,38;10806,36;1935,98;3694;65535;17189,2;13495,2;0;0;0;
970;925,52;10804,71;1937,63;3689,4;65535;17227,8;13538,4;0;0;0;
971;925,66;10803,06;1939,29;4017,5;65535;17558,6;13541,1;0;0;0;
972;925,81;10801,41;1940,94;3697,9;65535;17266,2;13568,3;0;0;0;
973;925,95;10799,75;1942,59;3609,9;65535;17213,1;13603,2;0;0;0;
974;926,09;10798,1;1944,24;3736,7;65535;17386,3;13649,6;0;0;0;
975;926,23;10796,45;1945,89;3583,8;65535;17257,7;13673,9;0;0;0;
976;926,37;10794,81;1947,54;3666,5;65535;17341,4;13674,9;0;0;0;
977;926,51;10793,16;1949,19;3550,4;65535;17203,6;13653,2;0;0;0;
978;926,65;10791,51;1950,83;3811,7;65535;17422,8;13611,1;0;0;0;
979;926,8;10789,86;1952,48;3826,8;65535;17477,6;13650,8;0;0;0;
980;926,94;10788,22;1954,13;3745,8;65535;17389,4;13643,6;0;0;0;
981;927,08;10786,57;1955,77;3794,5;65535;17397,2;13602,7;0;0;0;
982;927,22;10784,93;1957,42;3567,5;65535;17122,6;13555,1;0;0;0;
983;927,36;10783,28;1959,06;3706;65535;17234,4;13528,4;0;0;0;
984;927,5;10781,64;1960,7;3643,1;65535;17159;13515,9;0;0;0;
985;927,64;10780;1962,35;3604,6;65535;17166,6;13562;0;0;0;
986;927,79;10778,35;1963,99;3573;65535;17109,4;13536,4;0;0;0;
987;927,93;10776,71;1965,63;3613,6;65535;17176,1;13562,5;0;0;0;
988;928,07;10775,07;1967,27;3591,7;65535;17096,3;13504,6;0;0;0;
989;928,21;10773,43;1968,91;3729;65535;17223,7;13494,7;0;0;0;
990;928,35;10771,79;1970,55;3908,8;65535;17460,4;13551,6;0;0;0;
991;928,49;10770,15;1972,19;3772,8;65535;17194,4;13421,6;0;0;0;
992;928,63;10768,51;1973,83;3610,7;65535;17045,5;13434,8;0;0;0;
993;928,77;10766,88;1975,47;3612,9;65535;17032,3;13419,4;0;0;0;
994;928,92;10765,24;1977,1;3610,4;65535;16979,7;13369,3;0;0;0;
995;929,06;10763,6;1978,74;4263,4;65535;17656,5;13393,1;0;0;0;
996;929,2;10761,97;1980,38;3637,3;65535;16963,5;13326,2;0;0;0;
997;929,34;10760,33;1982,01;3747,8;65535;17083,1;13335,3;0;0;0;
998;929,48;10758,7;1983,65;3650,2;65535;16958,9;13308,7;0;0;0;
999;929,62;10757,06;1985,28;3544,1;65535;16813;13268,9;0;0;0;
1000;929,76;10755,43;1986,91;3656,6;65535;16859,6;13203;0;0;0;
1001;929,9;10753,8;1988,55;3726,7;65535;16848;13121,3;0;0;0;
1002;930,05;10752,17;1990,18;3620,2;65535;16604,3;12984,1;0;0;0;
1003;930,19;10750,53;1991,81;3786;65535;16729,8;12943,8;0;0;0;
1004;930,33;10748,9;1993,44;3673;65535;16471,6;12798,6;0;0;0;
1005;930,47;10747,27;1995,07;3559,2;65535;16315,8;12756,6;0;0;0;
1006;930,61;10745,64;1996,7;4190,3;65535;16904,2;12713,9;0;0;0;
1007;930,75;10744,02;1998,33;3650,8;65535;16276,7;12625,9;0;0;0;
1008;930,89;10742,39;1999,96;3608,2;65535;16304,7;12696,5;0;0;0;
1009;931,03;10740,76;2001,58;3768,2;65535;16359,4;12591,2;0;0;0;
1010;931,17;10739,13;2003,21;3617;65535;16221,5;12604,5;0;0;0;
1011;931,31;10737,51;2004,84;4578,7;65535;17198;12619,3;0;0;0;
1012;931,46;10735,88;2006,46;3611,3;65535;16159,9;12548,6;0;0;0;
1013;931,6;10734,26;2008,09;3578,9;65535;16090,1;12511,2;0;0;0;
1014;931,74;10732,63;2009,71;3566,8;65535;16078,8;12512;0;0;0;
1015;931,88;10731,01;2011,33;3539,3;65535;16062,7;12523,4;0;0;0;
1016;932,02;10729,39;2012,96;3607,5;65535;16101,9;12494,4;0;0;0;
1017;932,16;10727,76;2014,58;3602;65535;16150,8;12548,8;0;0;0;
1018;932,3;10726,14;2016,2;3656;65535;16205,7;12549,7;0;0;0;
1019;932,44;10724,52;2017,82;3540,4;65535;16070,8;12530,4;0;0;0;
1020;932,58;10722,9;2019,44;3700,1;65535;16232,9;12532,8;0;0;0;
1021;932,72;10721,28;2021,06;3630;65535;16173,9;12543,9;0;0;0;
1022;932,87;10719,66;2022,68;3694,6;65535;16232,8;12538,2;0;0;0;
1023;933,01;10718,04;2024,3;3593,2;65535;16100,8;12507,6;0;0;0;
1024;933,15;10716,43;2025,92;3544,5;65535;16070,4;12525,9;0;0;0;
1025;933,29;10714,81;2027,53;3604;65535;16139,3;12535,3;0;0;0;
1026;933,43;10713,19;2029,15;3669,7;65535;16294,7;12625;0;0;0;
1027;933,57;10711,58;2030,77;3668,4;65535;16391,3;12722,9;0;0;0;
1028;933,71;10709,96;2032,38;3600,1;65535;16379,8;12779,7;0;0;0;
1029;933,85;10708,35;2034;3710,2;65535;16542,4;12832,2;0;0;0;
1030;933,99;10706,73;2035,61;3577,9;65535;16426,9;12849;0;0;0;
1031;934,13;10705,12;2037,22;3634,3;65535;16578,1;12943,8;0;0;0;
1032;934,27;10703,51;2038,84;3711,3;65535;16692,8;12981,5;0;0;0;
1033;934,41;10701,89;2040,45;3659,4;65535;16707,1;13047,7;0;0;0;
1034;934,55;10700,28;2042,06;3564,1;65535;16661;13096,9;0;0;0;
1035;934,7;10698,67;2043,67;3754,9;65535;16881,6;13126,7;0;0;0;
1036;934,84;10697,06;2045,28;3646,4;65535;16776,8;13130,4;0;0;0;
1037;934,98;10695,45;2046,89;3664;65535;16688;13024;0;0;0;
1038;935,12;10693,84;2048,5;3972,3;65535;16997,4;13025,1;0;0;0;
1039;935,26;10692,24;2050,11;3657;65535;16700,7;13043,7;0;0;0;
1040;935,4;10690,63;2051,72;3651,5;65535;16729,1;13077,6;0;0;0;
1041;935,54;10689,02;2053,32;3800,2;65535;16906,7;13106,5;0;0;0;
1042;935,68;10687,42;2054,93;3677,5;65535;16731,5;13054;0;0;0;
1043;935,82;10685,81;2056,53;3940,2;65535;17080,2;13140;0;0;0;
1044;935,96;10684,2;2058,14;3616;65535;16676,3;13060,3;0;0;0;
1045;936,1;10682,6;2059,74;3688,1;65535;16754,1;13066;0;0;0;
1046;936,24;10681;2061,35;3819,2;65535;16889;13069,8;0;0;0;
1047;936,38;10679,39;2062,95;3679,3;65535;16737,9;13058,6;0;0;0;
1048;936,52;10677,79;2064,55;3918,4;65535;17000,3;13081,9;0;0;0;
1049;936,66;10676,19;2066,15;3750,8;65535;16800,7;13049,9;0;0;0;
1050;936,8;10674,59;2067,76;3648;65535;16598,5;12950,5;0;0;0;
1051;936,94;10672,99;2069,36;4541,1;65535;17552,5;13011,4;0;0;0;
1052;937,09;10671,39;2070,96;3695,9;65535;16634,6;12938,7;0;0;0;
1053;937,23;10669,79;2072,56;3714,2;65535;16701,2;12987;0;0;0;
1054;937,37;10668,19;2074,15;3664,8;65535;16645,5;12980,7;0;0;0;
1055;937,51;10666,59;2075,75;3641;65535;16601,3;12960,3;0;0;0;
1056;937,65;10664,99;2077,35;3579,4;65535;16534,7;12955,3;0;0;0;
1057;937,79;10663,4;2078,95;3552,1;65535;16551,1;12999;0;0;0;
1058;937,93;10661,8;2080,54;3515,5;65535;16497,4;12981,9;0;0;0;
1059;938,07;10660,2;2082,14;3649,1;65535;16589,7;12940,6;0;0;0;
1060;938,21;10658,61;2083,73;4134,2;65535;17099,7;12965,5;0;0;0;
1061;938,35;10657,02;2085,33;3666,9;65535;16614,3;12947,4;0;0;0;
1062;938,49;10655,42;2086,92;3581,9;65535;16514,3;12932,4;0;0;0;
1063;938,63;10653,83;2088,51;3568,4;65535;16530,7;12962,3;0;0;0;
1064;938,77;10652,24;2090,11;3796,1;65535;16762,2;12966,1;0;0;0;
1065;938,91;10650,64;2091,7;3692,8;65535;16617,1;12924,3;0;0;0;
1066;939,05;10649,05;2093,29;3709,2;65535;16678,8;12969,6;0;0;0;
1067;939,19;10647,46;2094,88;3785;65535;16739,6;12954,6;0;0;0;
1068;939,33;10645,87;2096,47;3568;65535;16504,1;12936,1;0;0;0;
1069;939,47;10644,28;2098,06;3817,8;65535;16792,6;12974,8;0;0;0;
1070;939,61;10642,69;2099,65;3681,9;65535;16618,6;12936,7;0;0;0;
1071;939,75;10641,11;2101,24;3815;65535;16755,1;12940,1;0;0;0;
1072;939,89;10639,52;2102,82;3765,1;65535;16731,3;12966,2;0;0;0;
1073;940,03;10637,93;2104,41;3743,2;65535;16715,6;12972,4;0;0;0;
1074;940,17;10636,35;2106;3583,4;65535;16554,6;12971,2;0;0;0;
1075;940,31;10634,76;2107,58;3725,5;65535;16610,2;12884,7;0;0;0;
1076;940,45;10633,18;2109,17;3646,3;65535;16561,2;12914,9;0;0;0;
1077;940,59;10631,59;2110,75;3706,4;65535;16540,8;12834,4;0;0;0;
1078;940,73;10630,01;2112,34;3536,9;65535;16389,7;12852,8;0;0;0;
1079;940,87;10628,43;2113,92;3815,6;65535;16619,2;12803,6;0;0;0;
1080;941,01;10626,84;2115,5;3631;65535;16427,7;12796,7;0;0;0;
1081;941,15;10625,26;2117,08;3620,5;65535;16402,7;12782,2;0;0;0;
1082;941,29;10623,68;2118,66;3726,4;65535;16504;12777,6;0;0;0;
1083;941,43;10622,1;2120,24;3583,8;65535;16328,1;12744,3;0;0;0;
1084;941,57;10620,52;2121,82;3553,8;65535;16257,6;12703,8;0;0;0;
1085;941,71;10618,94;2123,4;3692,3;65535;16349,6;12657,3;0;0;0;
1086;941,85;10617,36;2124,98;3633,1;65535;16323,8;12690,7;0;0;0;
1087;941,99;10615,78;2126,56;3605,3;65535;16285,1;12679,8;0;0;0;
1088;942,13;10614,21;2128,14;3605,9;65535;16335,9;12730;0;0;0;
1089;942,27;10612,63;2129,71;3786,2;65535;16479,1;12692,9;0;0;0;
1090;942,41;10611,05;2131,29;3800,6;65535;16364,4;12563,8;0;0;0;
1091;942,55;10609,48;2132,87;3649,7;65535;16122,7;12473;0;0;0;
1092;942,69;10607,9;2134,44;3912,3;65535;16401,3;12489;0;0;0;
1093;942,83;10606,33;2136,02;3819,7;65535;16262,1;12442,4;0;0;0;
1094;942,97;10604,75;2137,59;3733,9;65535;16144,2;12410,3;0;0;0;
1095;943,11;10603,18;2139,16;3606,2;65535;16095,2;12489;0;0;0;
1096;943,25;10601,61;2140,73;3553,8;65535;16028,5;12474,7;0;0;0;
1097;943,39;10600,04;2142,31;3644,6;65535;16040,6;12396;0;0;0;
1098;943,53;10598,47;2143,88;3607,6;65535;16002,2;12394,6;0;0;0;
1099;943,67;10596,89;2145,45;3583,7;65535;15936,2;12352,5;0;0;0;
1100;943,81;10595,32;2147,02;3655,1;65535;15992,4;12337,3;0;0;0;
1101;943,95;10593,76;2148,59;3637,6;65535;16006,5;12368,9;0;0;0;
1102;944,09;10592,19;2150,16;3611,2;65535;15988,7;12377,5;0;0;0;
1103;944,23;10590,62;2151,72;3635,8;65535;15969,7;12333,9;0;0;0;
1104;944,37;10589,05;2153,29;3722,3;65535;16143,8;12421,5;0;0;0;
1105;944,51;10587,48;2154,86;3834,8;65535;16333,8;12499;0;0;0;
1106;944,65;10585,92;2156,43;3743,2;65535;16162,2;12419;0;0;0;
1107;944,79;10584,35;2157,99;3587,2;65535;15997,4;12410,2;0;0;0;
1108;944,93;10582,79;2159,56;3549,1;65535;15969,5;12420,4;0;0;0;
1109;945,07;10581,22;2161,12;3689,4;65535;16152,9;12463,5;0;0;0;
1110;945,21;10579,66;2162,68;3567,3;65535;16100;12532,7;0;0;0;
1111;945,35;10578,1;2164,25;3664,7;65535;16201,4;12536,7;0;0;0;
1112;945,49;10576,53;2165,81;3753,5;65535;16364,6;12611,1;0;0;0;
1113;945,63;10574,97;2167,37;3998,9;65535;16671,5;12672,6;0;0;0;
1114;945,77;10573,41;2168,93;3821,6;65535;16420,1;12598,5;0;0;0;
1115;945,91;10571,85;2170,49;3603;65535;16215;12612;0;0;0;
1116;946,05;10570,29;2172,05;3689,6;65535;16351,1;12661,5;0;0;0;
1117;946,19;10568,73;2173,61;3766,9;65535;16427,6;12660,7;0;0;0;
1118;946,33;10567,17;2175,17;3650,3;65535;16320,3;12670;0;0;0;
1119;946,47;10565,61;2176,73;3654;65535;16332,5;12678,5;0;0;0;
1120;946,61;10564,05;2178,29;3723,9;65535;16466,3;12742,4;0;0;0;
1121;946,75;10562,5;2179,85;3676,8;65535;16443;12766,2;0;0;0;
1122;946,89;10560,94;2181,4;3684,4;65535;16469,9;12785,5;0;0;0;
1123;947,02;10559,38;2182,96;3629,7;65535;16440,8;12811,1;0;0;0;
1124;947,16;10557,83;2184,51;3708,5;65535;16568,2;12859,7;0;0;0;
1125;947,3;10556,27;2186,07;3654,6;65535;16496,9;12842,3;0;0;0;
1126;947,44;10554,72;2187,62;3598,4;65535;16475,9;12877,5;0;0;0;
1127;947,58;10553,17;2189,18;3560,8;65535;16459,5;12898,7;0;0;0;
1128;947,72;10551,61;2190,73;3625,9;65535;16528,1;12902,2;0;0;0;
1129;947,86;10550,06;2192,28;3906;65535;16766;12860;0;0;0;
1130;948;10548,51;2193,83;3660,3;65535;16578,4;12918,1;0;0;0;
1131;948,14;10546,96;2195,38;3615,8;65535;16559,4;12943,6;0;0;0;
1132;948,28;10545,41;2196,93;3667,7;65535;16551;12883,3;0;0;0;
1133;948,42;10543,86;2198,48;3672,1;65535;16605,7;12933,6;0;0;0;
1134;948,56;10542,31;2200,03;3626,7;65535;16556;12929,3;0;0;0;
1135;948,7;10540,76;2201,58;3699;65535;16491;12792;0;0;0;
1136;948,84;10539,21;2203,13;3618;65535;16412,3;12794,3;0;0;0;
1137;948,98;10537,67;2204,68;3696,7;65535;16516,7;12820;0;0;0;
1138;949,12;10536,12;2206,22;4076,3;65535;16937,1;12860,8;0;0;0;
1139;949,26;10534,57;2207,77;3561;65535;16410,9;12849,9;0;0;0;
1140;949,39;10533,03;2209,32;3826;65535;16589,2;12763,2;0;0;0;
1141;949,53;10531,48;2210,86;3681,5;65535;16444,9;12763,4;0;0;0;
1142;949,67;10529,94;2212,4;3789,5;65535;16550,5;12761;0;0;0;
1143;949,81;10528,4;2213,95;3672,7;65535;16331,1;12658,4;0;0;0;
1144;949,95;10526,85;2215,49;3768,3;65535;16481,3;12713;0;0;0;
1145;950,09;10525,31;2217,03;3648,3;65535;16315,1;12666,8;0;0;0;
1146;950,23;10523,77;2218,58;3603,7;65535;16259,8;12656,1;0;0;0;
1147;950,37;10522,23;2220,12;3546,9;65535;16189,6;12642,7;0;0;0;
1148;950,51;10520,69;2221,66;3722,5;65535;16310;12587,5;0;0;0;
1149;950,65;10519,15;2223,2;3715,2;65535;16210,8;12495,6;0;0;0;
1150;950,79;10517,61;2224,74;3701,8;65535;16115,3;12413,5;0;0;0;
1151;950,93;10516,07;2226,28;3679,4;65535;15974,9;12295,5;0;0;0;
1152;951,06;10514,53;2227,81;3557,2;65535;15735,1;12177,9;0;0;0;
1153;951,2;10512,99;2229,35;3672,1;65535;15751,2;12079,1;0;0;0;
1154;951,34;10511,45;2230,89;3671;65535;15704,6;12033,6;0;0;0;
1155;951,48;10509,92;2232,43;3688,4;65535;15658;11969,6;0;0;0;
1156;951,62;10508,38;2233,96;3648,4;65535;15475,8;11827,4;0;0;0;
1157;951,76;10506,85;2235,5;3573,1;65535;15407;11833,9;0;0;0;
1158;951,9;10505,31;2237,03;3818,1;65535;15535,3;11717,2;0;0;0;
1159;952,04;10503,78;2238,57;3707,4;65535;15241,5;11534,1;0;0;0;
1160;952,18;10502,24;2240,1;3613,5;65535;15083,8;11470,3;0;0;0;
1161;952,32;10500,71;2241,63;3791,6;65535;15205;11413,4;0;0;0;
1162;952,46;10499,18;2243,16;3756,6;65535;15151,7;11395,1;0;0;0;
1163;952,59;10497,65;2244,7;3583,1;65535;14885,6;11302,5;0;0;0;
1164;952,73;10496,12;2246,23;3720;65535;14885,7;11165,7;0;0;0;
1165;952,87;10494,59;2247,76;3813,2;65535;15047,3;11234,1;0;0;0;
1166;953,01;10493,06;2249,29;3879,3;65535;15013,3;11134;0;0;0;
1167;953,15;10491,53;2250,82;3537,5;65535;14656,1;11118,6;0;0;0;
1168;953,29;10490;2252,34;3879,8;65535;15038;11158,2;0;0;0;
1169;953,43;10488,47;2253,87;3644,9;65535;14850,2;11205,3;0;0;0;
1170;953,57;10486,94;2255,4;3673,5;65535;14933,1;11259,6;0;0;0;
1171;953,71;10485,42;2256,93;3869,7;65535;15121;11251,3;0;0;0;
1172;953,84;10483,89;2258,45;3720,2;65535;14993,3;11273,1;0;0;0;
1173;953,98;10482,36;2259,98;3724,7;65535;15081,4;11356,7;0;0;0;
1174;954,12;10480,84;2261,5;3572,1;65535;14907,5;11335,4;0;0;0;
1175;954,26;10479,32;2263,03;3578,6;65535;14995,2;11416,6;0;0;0;
1176;954,4;10477,79;2264,55;3635,8;65535;15058,7;11422,9;0;0;0;
1177;954,54;10476,27;2266,08;3559,3;65535;15030,5;11471,2;0;0;0;
1178;954,68;10474,75;2267,6;3659;65535;15242,2;11583,2;0;0;0;
1179;954,82;10473,22;2269,12;4069,1;65535;15574;11504,9;0;0;0;
1180;954,95;10471,7;2270,64;3655,5;65535;15325,6;11670,1;0;0;0;
1181;955,09;10470,18;2272,16;3874,1;65535;15583,8;11709,7;0;0;0;
1182;955,23;10468,66;2273,68;3716,5;65535;15437,2;11720,7;0;0;0;
1183;955,37;10467,14;2275,2;3686,1;65535;15533,3;11847,2;0;0;0;
1184;955,51;10465,62;2276,72;3735,7;65535;15601,9;11866,2;0;0;0;
1185;955,65;10464,1;2278,24;4102,2;65535;16008,2;11906;0;0;0;
1186;955,79;10462,59;2279,76;3734,6;65535;15688,3;11953,7;0;0;0;
1187;955,93;10461,07;2281,28;3612,1;65535;15591,9;11979,8;0;0;0;
1188;956,06;10459,55;2282,79;3651,5;65535;15682,5;12031;0;0;0;
1189;956,2;10458,04;2284,31;4092,8;65535;16182,2;12089,4;0;0;0;
1190;956,34;10456,52;2285,82;4015,2;65535;16048,3;12033,1;0;0;0;
1191;956,48;10455,01;2287,34;3746,7;65535;15793,5;12046,8;0;0;0;
1192;956,62;10453,49;2288,85;3905,2;65535;16034,2;12129;0;0;0;
1193;956,76;10451,98;2290,37;3608,8;65535;15727,3;12118,5;0;0;0;
1194;956,9;10450,46;2291,88;3587;65535;15705,6;12118,6;0;0;0;
1195;957,03;10448,95;2293,39;3525,7;65535;15633,6;12107,9;0;0;0;
1196;957,17;10447,44;2294,9;3654,4;65535;15776,2;12121,8;0;0;0;
1197;957,31;10445,93;2296,42;3921,7;65535;16077,6;12155,9;0;0;0;
1198;957,45;10444,42;2297,93;3739,1;65535;15971,6;12232,5;0;0;0;
1199;957,59;10442,91;2299,44;3775,2;65535;16045,8;12270,6;0;0;0;
1200;957,73;10441,4;2300,95;3667,4;65535;15856,8;12189,4;0;0;0;
1201;957,86;10439,89;2302,46;3679;65535;15858,2;12179,2;0;0;0;
1202;958;10438,38;2303,96;3790,3;65535;16026,2;12235,9;0;0;0;
1203;958,14;10436,87;2305,47;3562,5;65535;15737,3;12174,8;0;0;0;
1204;958,28;10435,36;2306,98;4405,4;65535;16624;12218,6;0;0;0;
1205;958,42;10433,86;2308,49;3764,5;65535;15928,2;12163,7;0;0;0;
1206;958,56;10432,35;2309,99;3709,2;65535;15834,5;12125,3;0;0;0;
1207;958,69;10430,85;2311,5;3768,5;65535;15907,4;12138,9;0;0;0;
1208;958,83;10429,34;2313;3645,3;65535;15786,5;12141,2;0;0;0;
1209;958,97;10427,84;2314,51;3650;65535;15723,9;12073,9;0;0;0;
1210;959,11;10426,33;2316,01;3680,8;65535;15841,6;12160,8;0;0;0;
1211;959,25;10424,83;2317,51;3604,6;65535;15730,5;12125,9;0;0;0;
1212;959,39;10423,33;2319,02;3780,8;65535;15853,9;12073,1;0;0;0;
1213;959,52;10421,83;2320,52;3540,9;65535;15595,8;12054,9;0;0;0;
1214;959,66;10420,32;2322,02;4129,8;65535;16089,5;11959,7;0;0;0;
1215;959,8;10418,82;2323,52;4085,3;65535;16055,8;11970,5;0;0;0;
1216;959,94;10417,32;2325,02;3844,6;65535;15794,1;11949,5;0;0;0;
1217;960,08;10415,82;2326,52;3575;65535;15467,9;11892,9;0;0;0;
1218;960,22;10414,33;2328,02;4081,9;65535;15942,4;11860,5;0;0;0;
1219;960,35;10412,83;2329,52;3658,2;65535;15503,8;11845,6;0;0;0;
1220;960,49;10411,33;2331,01;3660,5;65535;15503,7;11843,2;0;0;0;
1221;960,63;10409,83;2332,51;3600,3;65535;15493,2;11892,9;0;0;0;
1222;960,77;10408,33;2334,01;3662,5;65535;15454,7;11792,2;0;0;0;
1223;960,91;10406,84;2335,5;3723,2;65535;15476,1;11752,9;0;0;0;
1224;961,04;10405,34;2337;3761,5;65535;15537,7;11776,2;0;0;0;
1225;961,18;10403,85;2338,5;3657,8;65535;15431,1;11773,3;0;0;0;
1226;961,32;10402,35;2339,99;3561,6;65535;15269,3;11707,7;0;0;0;
1227;961,46;10400,86;2341,48;3592,4;65535;15269,6;11677,2;0;0;0;
1228;961,6;10399,37;2342,98;3713,4;65535;15348,4;11635;0;0;0;
1229;961,74;10397,87;2344,47;3741,8;65535;15363,4;11621,6;0;0;0;
1230;961,87;10396,38;2345,96;3821,5;65535;15443,9;11622,4;0;0;0;
1231;962,01;10394,89;2347,45;3743,8;65535;15336,3;11592,5;0;0;0;
1232;962,15;10393,4;2348,94;3681,6;65535;15215;11533,4;0;0;0;
1233;962,29;10391,91;2350,43;3601;65535;15147,9;11546,9;0;0;0;
1234;962,42;10390,42;2351,92;3806,9;65535;15335;11528,1;0;0;0;
1235;962,56;10388,93;2353,41;3695,1;65535;15197,4;11502,3;0;0;0;
1236;962,7;10387,44;2354,9;3776,5;65535;15291,8;11515,3;0;0;0;
1237;962,84;10385,95;2356,39;3741,3;65535;15273,7;11532,4;0;0;0;
1238;962,98;10384,47;2357,88;3582,1;65535;15016,8;11434,7;0;0;0;
1239;963,11;10382,98;2359,36;3883,5;65535;15329;11445,5;0;0;0;
1240;963,25;10381,49;2360,85;3635,1;65535;15049,7;11414,6;0;0;0;
1241;963,39;10380,01;2362,33;3596;65535;14982,9;11386,9;0;0;0;
1242;963,53;10378,52;2363,82;3753,4;65535;15179,7;11426,3;0;0;0;
1243;963,67;10377,04;2365,3;3749,7;65535;15095;11345,3;0;0;0;
1244;963,8;10375,56;2366,79;3665,1;65535;14997,5;11332,4;0;0;0;
1245;963,94;10374,07;2368,27;3777,6;65535;15101,9;11324,3;0;0;0;
1246;964,08;10372,59;2369,75;3812,3;65535;15085,3;11273;0;0;0;
1247;964,22;10371,11;2371,24;3621,1;65535;14975,6;11354,5;0;0;0;
1248;964,35;10369,63;2372,72;3640,3;65535;14960,8;11320,5;0;0;0;
1249;964,49;10368,14;2374,2;3677,7;65535;14958,9;11281,2;0;0;0;
1250;964,63;10366,66;2375,68;3637,2;65535;14846;11208,8;0;0;0;
1251;964,77;10365,18;2377,16;3576,7;65535;14769,6;11192,9;0;0;0;
1252;964,91;10363,71;2378,64;3662,9;65535;14859,2;11196,3;0;0;0;
1253;965,04;10362,23;2380,12;3741;65535;14945,4;11204,4;0;0;0;
1254;965,18;10360,75;2381,59;3673,7;65535;14839,1;11165,4;0;0;0;
1255;965,32;10359,27;2383,07;3695,7;65535;14862,3;11166,6;0;0;0;
1256;965,46;10357,79;2384,55;3688,5;65535;14841,2;11152,7;0;0;0;
1257;965,59;10356,32;2386,03;3673,9;65535;14781,3;11107,4;0;0;0;
1258;965,73;10354,84;2387,5;3652,4;65535;14790;11137,6;0;0;0;
1259;965,87;10353,37;2388,98;3678,2;65535;14744,5;11066,3;0;0;0;
1260;966,01;10351,89;2390,45;4742,6;65535;15866,9;11124,3;0;0;0;
1261;966,14;10350,42;2391,93;3744,5;65535;14791,3;11046,8;0;0;0;
1262;966,28;10348,94;2393,4;3765,3;65535;14802,2;11036,9;0;0;0;
1263;966,42;10347,47;2394,87;3670;65535;14734;11064;0;0;0;
1264;966,56;10346;2396,34;3605,7;65535;14636,8;11031,1;0;0;0;
1265;966,69;10344,53;2397,82;3643,4;65535;14644,4;11001;0;0;0;
1266;966,83;10343,06;2399,29;3707;65535;14705,6;10998,6;0;0;0;
1267;966,97;10341,59;2400,76;3603,7;65535;14576,8;10973,1;0;0;0;
1268;967,11;10340,12;2402,23;3761,6;65535;14688,2;10926,6;0;0;0;
1269;967,24;10338,65;2403,7;3633,1;65535;14535,2;10902,1;0;0;0;
1270;967,38;10337,18;2405,17;3827,2;65535;14728,1;10900,9;0;0;0;
1271;967,52;10335,71;2406,63;3609,9;65535;14546,6;10936,7;0;0;0;
1272;967,66;10334,24;2408,1;3784,7;65535;14618;10833,3;0;0;0;
1273;967,79;10332,77;2409,57;3597,8;65535;14488,9;10891,1;0;0;0;
1274;967,93;10331,31;2411,04;4720,9;65535;15638,5;10917,6;0;0;0;
1275;968,07;10329,84;2412,5;3763,2;65535;14614;10850,8;0;0;0;
1276;968,21;10328,38;2413,97;3659,4;65535;14475,3;10815,9;0;0;0;
1277;968,34;10326,91;2415,43;3662;65535;14455,8;10793,8;0;0;0;
1278;968,48;10325,45;2416,9;3904,6;65535;14743,1;10838,5;0;0;0;
1279;968,62;10323,98;2418,36;3792,5;65535;14594,2;10801,7;0;0;0;
1280;968,76;10322,52;2419,82;3633,4;65535;14428,5;10795,1;0;0;0;
1281;968,89;10321,06;2421,29;3665,6;65535;14462,3;10796,7;0;0;0;
1282;969,03;10319,59;2422,75;3715,4;65535;14471,7;10756,3;0;0;0;
1283;969,17;10318,13;2424,21;3849,3;65535;14611,1;10761,8;0;0;0;
1284;969,3;10316,67;2425,67;4089,3;65535;14918;10828,7;0;0;0;
1285;969,44;10315,21;2427,13;3734,9;65535;14505,8;10770,9;0;0;0;
1286;969,58;10313,75;2428,59;3686,2;65535;14432,7;10746,5;0;0;0;
1287;969,72;10312,29;2430,05;3745,2;65535;14513,6;10768,4;0;0;0;
1288;969,85;10310,83;2431,51;3723,8;65535;14420,6;10696,8;0;0;0;
1289;969,99;10309,38;2432,97;3643,7;65535;14389,6;10745,9;0;0;0;
1290;970,13;10307,92;2434,42;3576,6;65535;14320,1;10743,5;0;0;0;
1291;970,27;10306,46;2435,88;3535,3;65535;14317,9;10782,6;0;0;0;
1292;970,4;10305,01;2437,34;3709;65535;14443,7;10734,7;0;0;0;
1293;970,54;10303,55;2438,79;3680,7;65535;14422,6;10741,9;0;0;0;
1294;970,68;10302,09;2440,25;3621,9;65535;14392,4;10770,5;0;0;0;
1295;970,81;10300,64;2441,7;3752,1;65535;14488,3;10736,2;0;0;0;
1296;970,95;10299,19;2443,16;3654,3;65535;14417,5;10763,2;0;0;0;
1297;971,09;10297,73;2444,61;3829,9;65535;14600,3;10770,4;0;0;0;
1298;971,22;10296,28;2446,06;3702,8;65535;14452,8;10750;0;0;0;
1299;971,36;10294,83;2447,52;3670,5;65535;14398,9;10728,4;0;0;0;
1300;971,5;10293,37;2448,97;3602,6;65535;14366;10763,4;0;0;0;
1301;971,64;10291,92;2450,42;3631,4;65535;14421,6;10790,2;0;0;0;
1302;971,77;10290,47;2451,87;3942;65535;14713,5;10771,5;0;0;0;
1303;971,91;10289,02;2453,32;3611,5;65535;14372,5;10761;0;0;0;
1304;972,05;10287,57;2454,77;3540,9;65535;14288,7;10747,8;0;0;0;
1305;972,18;10286,12;2456,22;3648,2;65535;14460,4;10812,2;0;0;0;
1306;972,32;10284,68;2457,67;3815,4;65535;14616,4;10801;0;0;0;
1307;972,46;10283,23;2459,12;3678;65535;14469,2;10791,2;0;0;0;
1308;972,59;10281,78;2460,56;3599,7;65535;14382,1;10782,4;0;0;0;
1309;972,73;10280,33;2462,01;3599,1;65535;14407,4;10808,3;0;0;0;
1310;972,87;10278,89;2463,46;3723,4;65535;14490,8;10767,4;0;0;0;
1311;973;10277,44;2464,9;3744,8;65535;14509,9;10765,1;0;0;0;
1312;973,14;10276;2466,35;3680,1;65535;14430,4;10750,3;0;0;0;
1313;973,28;10274,55;2467,79;3622,9;65535;14355,1;10732,2;0;0;0;
1314;973,42;10273,11;2469,24;3633,3;65535;14310,2;10676,9;0;0;0;
1315;973,55;10271,66;2470,68;3605,6;65535;14291,6;10686;0;0;0;
1316;973,69;10270,22;2472,12;3821,4;65535;14482,8;10661,4;0;0;0;
1317;973,83;10268,78;2473,56;3596;65535;14272,2;10676,2;0;0;0;
1318;973,96;10267,34;2475,01;3536,8;65535;14169,7;10632,9;0;0;0;
1319;974,1;10265,9;2476,45;3836,5;65535;14395,4;10558,9;0;0;0;
1320;974,24;10264,46;2477,89;3631;65535;14166,6;10535,6;0;0;0;
1321;974,37;10263,02;2479,33;3736;65535;14280,9;10544,9;0;0;0;
1322;974,51;10261,58;2480,77;3689,2;65535;14175,4;10486,2;0;0;0;
1323;974,65;10260,14;2482,21;3778,7;65535;14256;10477,3;0;0;0;
1324;974,78;10258,7;2483,64;3664,7;65535;14074,8;10410,1;0;0;0;
1325;974,92;10257,26;2485,08;3694,1;65535;14076,6;10382,5;0;0;0;
1326;975,06;10255,82;2486,52;3857,8;65535;14297;10439,2;0;0;0;
1327;975,19;10254,39;2487,96;3897,2;65535;14218;10320,8;0;0;0;
1328;975,33;10252,95;2489,39;3593,2;65535;13913,8;10320,6;0;0;0;
1329;975,47;10251,52;2490,83;3766,1;65535;14026,8;10260,7;0;0;0;
1330;975,6;10250,08;2492,26;3612,8;65535;13843,4;10230,6;0;0;0;
1331;975,74;10248,65;2493,7;3603,4;65535;13875,1;10271,7;0;0;0;
1332;975,88;10247,21;2495,13;3550,9;65535;13755,6;10204,7;0;0;0;
1333;976,01;10245,78;2496,56;3783;65535;13962,1;10179,1;0;0;0;
1334;976,15;10244,35;2498;3674,7;65535;13849,3;10174,6;0;0;0;
1335;976,28;10242,91;2499,43;3700,6;65535;13895,9;10195,3;0;0;0;
1336;976,42;10241,48;2500,86;3601,6;65535;13714,9;10113,3;0;0;0;
1337;976,56;10240,05;2502,29;3671,7;65535;13778;10106,3;0;0;0;
1338;976,69;10238,62;2503,72;3750,3;65535;13774,3;10024;0;0;0;
1339;976,83;10237,19;2505,15;3732,9;65535;13718,5;9985,6;0;0;0;
1340;976,97;10235,76;2506,58;4229,7;65535;14245,8;10016,1;0;0;0;
1341;977,1;10234,33;2508,01;3683,5;65535;13633,6;9950,1;0;0;0;
1342;977,24;10232,9;2509,44;3752,2;65535;13660,8;9908,6;0;0;0;
1343;977,38;10231,48;2510,87;3718,7;65535;13604,6;9885,9;0;0;0;
1344;977,51;10230,05;2512,29;3709,3;65535;13624,5;9915,2;0;0;0;
1345;977,65;10228,62;2513,72;3712,1;65535;13521,6;9809,5;0;0;0;
1346;977,79;10227,2;2515,15;3670,2;65535;13500,3;9830,1;0;0;0;
1347;977,92;10225,77;2516,57;3698,1;65535;13529,6;9831,5;0;0;0;
1348;978,06;10224,35;2518;3593,1;65535;13334,3;9741,2;0;0;0;
1349;978,19;10222,92;2519,42;3671,9;65535;13364,2;9692,3;0;0;0;
1350;978,33;10221,5;2520,85;3680,7;65535;13353,6;9672,9;0;0;0;
1351;978,47;10220,07;2522,27;3713,3;65535;13364,5;9651,2;0;0;0;
1352;978,6;10218,65;2523,69;3610,1;65535;13284,5;9674,4;0;0;0;
1353;978,74;10217,23;2525,11;3829,3;65535;13466,8;9637,5;0;0;0;
1354;978,88;10215,81;2526,54;4333,7;65535;13889,3;9555,6;0;0;0;
1355;979,01;10214,39;2527,96;3615,4;65535;13132,6;9517,2;0;0;0;
1356;979,15;10212,97;2529,38;3752,6;65535;13296;9543,4;0;0;0;
1357;979,28;10211,55;2530,8;3568,1;65535;13098,6;9530,5;0;0;0;
1358;979,42;10210,13;2532,22;3805,7;65535;13306,8;9501,1;0;0;0;
1359;979,56;10208,71;2533,64;3786,7;65535;13261,3;9474,6;0;0;0;
1360;979,69;10207,29;2535,05;3769,6;65535;13255,5;9485,9;0;0;0;
1361;979,83;10205,87;2536,47;3648,9;65535;13026,3;9377,4;0;0;0;
1362;979,96;10204,45;2537,89;3665,4;65535;13031,5;9366,1;0;0;0;
1363;980,1;10203,04;2539,31;3956,6;65535;13234;9277,4;0;0;0;
1364;980,24;10201,62;2540,72;3612;65535;12890,5;9278,5;0;0;0;
1365;980,37;10200,21;2542,14;3641,6;65535;12947,3;9305,7;0;0;0;
1366;980,51;10198,79;2543,55;3666,7;65535;12842,5;9175,8;0;0;0;
1367;980,64;10197,38;2544,97;3755,5;65535;12961,4;9205,9;0;0;0;
1368;980,78;10195,96;2546,38;3798;65535;12883,6;9085,6;0;0;0;
1369;980,92;10194,55;2547,8;3597,9;65535;12611,2;9013,3;0;0;0;
1370;981,05;10193,14;2549,21;3657,8;65535;12622,6;8964,8;0;0;0;
1371;981,19;10191,72;2550,62;3656,9;65535;12616,5;8959,6;0;0;0;
1372;981,32;10190,31;2552,03;3708,1;65535;12582,3;8874,2;0;0;0;
1373;981,46;10188,9;2553,44;3722,8;65535;12524,6;8801,8;0;0;0;
1374;981,6;10187,49;2554,85;3620,2;65535;12417,6;8797,4;0;0;0;
1375;981,73;10186,08;2556,26;4406,9;65535;13095,2;8688,3;0;0;0;
1376;981,87;10184,67;2557,67;3820,3;65535;12530,1;8709,8;0;0;0;
1377;982;10183,26;2559,08;3832,4;65535;12470,7;8638,3;0;0;0;
1378;982,14;10181,85;2560,49;3705,4;65535;12297,2;8591,8;0;0;0;
1379;982,28;10180,44;2561,9;3550,6;65535;12083,6;8533;0;0;0;
1380;982,41;10179,04;2563,31;3712,6;65535;12142,3;8429,7;0;0;0;
1381;982,55;10177,63;2564,71;3634,8;65535;12024,7;8389,9;0;0;0;
1382;982,68;10176,22;2566,12;3600,3;65535;11911,6;8311,3;0;0;0;
1383;982,82;10174,82;2567,53;3667,1;65535;11942,1;8275;0;0;0;
1384;982,95;10173,41;2568,93;3589,3;65535;11792,4;8203,1;0;0;0;
1385;983,09;10172,01;2570,34;3649,4;65535;11792,1;8142,7;0;0;0;
1386;983,23;10170,6;2571,74;3606,3;65535;11654,2;8047,9;0;0;0;
1387;983,36;10169,2;2573,14;3840,1;65535;11888,4;8048,3;0;0;0;
1388;983,5;10167,8;2574,55;3631,8;65535;11618,8;7987;0;0;0;
1389;983,63;10166,39;2575,95;3716;65535;11693,1;7977,1;0;0;0;
1390;983,77;10164,99;2577,35;3666,9;65535;11602,4;7935,5;0;0;0;
1391;983,9;10163,59;2578,75;3725,7;65535;11575,7;7850;0;0;0;
1392;984,04;10162,19;2580,15;3619,1;65535;11425,5;7806,4;0;0;0;
1393;984,18;10160,79;2581,55;3727,1;65535;11553,2;7826,1;0;0;0;
1394;984,31;10159,39;2582,95;3723,8;65535;11506,2;7782,4;0;0;0;
1395;984,45;10157,99;2584,35;3680,6;65535;11443,9;7763,3;0;0;0;
1396;984,58;10156,59;2585,75;3766,6;65535;11509,5;7742,9;0;0;0;
1397;984,72;10155,19;2587,15;3798,9;65535;11580,2;7781,3;0;0;0;
1398;984,85;10153,8;2588,55;3627,1;65535;11376,8;7749,7;0;0;0;
1399;984,99;10152,4;2589,94;3627,8;65535;11378,1;7750,3;0;0;0;
1400;985,12;10151;2591,34;3719,2;65535;11492,1;7772,9;0;0;0;
1401;985,26;10149,61;2592,74;3570;65535;11359,2;7789,2;0;0;0;
1402;985,4;10148,21;2594,13;3604,2;65535;11405,6;7801,4;0;0;0;
1403;985,53;10146,82;2595,53;3818,4;65535;11647,2;7828,8;0;0;0;
1404;985,67;10145,42;2596,92;3627,2;65535;11451,4;7824,2;0;0;0;
1405;985,8;10144,03;2598,32;3760,6;65535;11590,6;7830;0;0;0;
1406;985,94;10142,63;2599,71;3588,6;65535;11437,7;7849,1;0;0;0;
1407;986,07;10141,24;2601,1;3596,6;65535;11473,6;7877;0;0;0;
1408;986,21;10139,85;2602,49;3732,6;65535;11652,8;7920,2;0;0;0;
1409;986,34;10138,46;2603,89;3773,6;65535;11667;7893,4;0;0;0;
1410;986,48;10137,07;2605,28;3704,4;65535;11640,8;7936,4;0;0;0;
1411;986,61;10135,68;2606,67;3721;65535;11652,3;7931,3;0;0;0;
1412;986,75;10134,29;2608,06;3786,1;65535;11767,5;7981,4;0;0;0;
1413;986,88;10132,9;2609,45;3657,8;65535;11646,2;7988,4;0;0;0;
1414;987,02;10131,51;2610,84;3724,6;65535;11719,4;7994,8;0;0;0;
1415;987,16;10130,12;2612,22;3603,6;65535;11676,6;8073;0;0;0;
1416;987,29;10128,73;2613,61;3664,2;65535;11751,5;8087,3;0;0;0;
1417;987,43;10127,34;2615;3595,2;65535;11713,2;8118;0;0;0;
1418;987,56;10125,96;2616,39;3762,1;65535;11927,7;8165,6;0;0;0;
1419;987,7;10124,57;2617,77;4058,4;65535;12256;8197,6;0;0;0;
1420;987,83;10123,18;2619,16;3657,1;65535;11871,7;8214,6;0;0;0;
1421;987,97;10121,8;2620,54;3573,7;65535;11813,8;8240,1;0;0;0;
1422;988,1;10120,41;2621,93;3654,8;65535;11914,8;8260;0;0;0;
1423;988,24;10119,03;2623,31;3668,7;65535;11912,1;8243,4;0;0;0;
1424;988,37;10117,65;2624,7;3837,5;65535;12106,6;8269,1;0;0;0;
1425;988,51;10116,26;2626,08;3622,2;65535;11853,3;8231,1;0;0;0;
1426;988,64;10114,88;2627,46;3695,1;65535;12008,9;8313,8;0;0;0;
1427;988,78;10113,5;2628,84;3986,6;65535;12291,8;8305,2;0;0;0;
1428;988,91;10112,12;2630,23;3658,6;65535;11949,3;8290,7;0;0;0;
1429;989,05;10110,74;2631,61;3563,9;65535;11909,3;8345,4;0;0;0;
1430;989,18;10109,36;2632,99;4149;65535;12432,1;8283,1;0;0;0;
1431;989,32;10107,98;2634,37;3851,5;65535;12177,4;8325,9;0;0;0;
1432;989,45;10106,6;2635,75;3825;65535;12140,6;8315,6;0;0;0;
1433;989,59;10105,22;2637,13;3643,8;65535;11921,7;8277,9;0;0;0;
1434;989,72;10103,84;2638,5;3604,3;65535;11931,5;8327,2;0;0;0;
1435;989,86;10102,46;2639,88;3621,3;65535;11903,7;8282,4;0;0;0;
1436;989,99;10101,08;2641,26;3696,7;65535;12010,4;8313,7;0;0;0;
1437;990,13;10099,71;2642,64;3700,4;65535;11988,5;8288,1;0;0;0;
1438;990,26;10098,33;2644,01;3811,1;65535;12109;8297,9;0;0;0;
1439;990,4;10096,96;2645,39;3662,8;65535;11970,7;8307,9;0;0;0;
1440;990,53;10095,58;2646,76;3635,9;65535;11939,4;8303,5;0;0;0;
1441;990,67;10094,21;2648,14;3714,7;65535;12008,9;8294,2;0;0;0;
1442;990,8;10092,83;2649,51;3737,1;65535;12044,5;8307,4;0;0;0;
1443;990,94;10091,46;2650,88;5564,2;65535;13518,4;7954,2;0;0;0;
1444;991,07;10090,09;2652,26;3672,7;65535;11938,3;8265,6;0;0;0;
1445;991,21;10088,71;2653,63;3913,3;65535;12239,9;8326,6;0;0;0;
1446;991,34;10087,34;2655;3770,1;65535;12072,5;8302,4;0;0;0;
1447;991,48;10085,97;2656,37;3617,5;65535;11888,1;8270,6;0;0;0;
1448;991,61;10084,6;2657,74;3611,4;65535;11917,5;8306,1;0;0;0;
1449;991,75;10083,23;2659,11;3699,3;65535;11958,2;8258,9;0;0;0;
1450;991,88;10081,86;2660,48;3603,5;65535;11880,7;8277,2;0;0;0;
1451;992,02;10080,49;2661,85;3556,8;65535;11799,9;8243,1;0;0;0;
1452;992,15;10079,12;2663,22;3598,7;65535;11813,5;8214,8;0;0;0;
1453;992,28;10077,75;2664,59;3570,3;65535;11818,4;8248,1;0;0;0;
1454;992,42;10076,39;2665,96;3728,5;65535;11971;8242,5;0;0;0;
1455;992,55;10075,02;2667,33;3681,3;65535;11906,7;8225,4;0;0;0;
1456;992,69;10073,65;2668,69;3689,9;65535;11904,1;8214,2;0;0;0;
1457;992,82;10072,29;2670,06;3622,4;65535;11810;8187,6;0;0;0;
1458;992,96;10070,92;2671,42;3787,8;65535;11979,8;8192;0;0;0;
1459;993,09;10069,55;2672,79;3642,8;65535;11815;8172,2;0;0;0;
1460;993,23;10068,19;2674,15;3728,4;65535;11860,7;8132,3;0;0;0;
1461;993,36;10066,83;2675,52;3626;65535;11751,2;8125,2;0;0;0;
1462;993,5;10065,46;2676,88;3607,4;65535;11735,7;8128,3;0;0;0;
1463;993,63;10064,1;2678,24;4118,9;65535;12204;8085,1;0;0;0;
1464;993,77;10062,74;2679,61;3591,2;65535;11676,1;8084,9;0;0;0;
1465;993,9;10061,38;2680,97;3914;65535;11981,6;8067,6;0;0;0;
1466;994,03;10060,01;2682,33;4283,1;65535;12339,9;8056,8;0;0;0;
1467;994,17;10058,65;2683,69;3822;65535;11864,7;8042,7;0;0;0;
1468;994,3;10057,29;2685,05;3710,6;65535;11702,7;7992,1;0;0;0;
1469;994,44;10055,93;2686,41;3746,4;65535;11742,2;7995,8;0;0;0;
1470;994,57;10054,57;2687,77;3688,6;65535;11668;7979,4;0;0;0;
1471;994,71;10053,22;2689,13;3709,6;65535;11696,3;7986,7;0;0;0;
1472;994,84;10051,86;2690,49;3713,9;65535;11676,5;7962,6;0;0;0;
1473;994,98;10050,5;2691,84;3706,7;65535;11639,8;7933,1;0;0;0;
1474;995,11;10049,14;2693,2;3807,6;65535;11716,1;7908,5;0;0;0;
1475;995,24;10047,79;2694,56;3670,1;65535;11626,2;7956,1;0;0;0;
1476;995,38;10046,43;2695,91;3705,6;65535;11605,3;7899,7;0;0;0;
1477;995,51;10045,07;2697,27;3967,3;65535;11831,8;7864,5;0;0;0;
1478;995,65;10043,72;2698,62;3713,9;65535;11550,4;7836,5;0;0;0;
1479;995,78;10042,36;2699,98;3724,5;65535;11580,2;7855,7;0;0;0;
1480;995,92;10041,01;2701,33;3876,4;65535;11704,7;7828,3;0;0;0;
1481;996,05;10039,66;2702,69;3992;65535;11848,2;7856,2;0;0;0;
1482;996,18;10038,3;2704,04;3710,1;65535;11535,1;7825;0;0;0;
1483;996,32;10036,95;2705,39;3646;65535;11488,8;7842,8;0;0;0;
1484;996,45;10035,6;2706,74;3665,2;65535;11533,7;7868,5;0;0;0;
1485;996,59;10034,25;2708,1;3601,3;65535;11482,1;7880,8;0;0;0;
1486;996,72;10032,9;2709,45;3685,8;65535;11576,3;7890,5;0;0;0;
1487;996,86;10031,55;2710,8;3544,2;65535;11474,5;7930,3;0;0;0;
1488;996,99;10030,2;2712,15;3591,5;65535;11519,7;7928,2;0;0;0;
1489;997,12;10028,85;2713,5;3558,5;65535;11473;7914,5;0;0;0;
1490;997,26;10027,5;2714,84;3716,9;65535;11607,6;7890,7;0;0;0;
1491;997,39;10026,15;2716,19;3728,8;65535;11582;7853,2;0;0;0;
1492;997,53;10024,8;2717,54;3776,7;65535;11628,3;7851,6;0;0;0;
1493;997,66;10023,46;2718,89;4045,7;65535;11943,3;7897,6;0;0;0;
1494;997,79;10022,11;2720,23;3621,6;65535;11464,6;7843;0;0;0;
1495;997,93;10020,76;2721,58;3712,3;65535;11579,8;7867,5;0;0;0;
1496;998,06;10019,42;2722,93;3684,7;65535;11536,7;7852;0;0;0;
1497;998,2;10018,07;2724,27;3701,6;65535;11502,6;7801;0;0;0;
1498;998,33;10016,73;2725,62;3579,5;65535;11367,2;7787,7;0;0;0;
1499;998,46;10015,38;2726,96;3683,1;65535;11492,1;7809;0;0;0;
1500;998,6;10014,04;2728,3;3635,3;65535;11417,6;7782,3;0;0;0;
1501;998,73;10012,7;2729,65;3674,9;65535;11475,4;7800,5;0;0;0;
1502;998,87;10011,35;2730,99;3825,8;65535;11595,3;7769,5;0;0;0;
1503;999;10010,01;2732,33;3653,7;65535;11355,6;7701,9;0;0;0;
1504;999,13;10008,67;2733,67;3605,7;65535;11328,5;7722,8;0;0;0;
1505;999,27;10007,33;2735,01;3962,8;65535;11706,6;7743,8;0;0;0;
1506;999,4;10005,99;2736,35;3796;65535;11470;7674;0;0;0;
1507;999,54;10004,65;2737,69;3651,2;65535;11326;7674,8;0;0;0;
1508;999,67;10003,31;2739,03;3592,3;65535;11209,3;7617;0;0;0;
1509;999,8;10001,97;2740,37;3791,9;65535;11383,4;7591,5;0;0;0;
1510;999,94;10000,63;2741,71;3891,5;65535;11422;7530,5;0;0;0;
1511;1000,07;9999,29;2743,05;3616,1;65535;11151,8;7535,7;0;0;0;
1512;1000,2;9997,96;2744,39;3695,3;65535;11249,5;7554,2;0;0;0;
1513;1000,34;9996,62;2745,72;3567,6;65535;11051,3;7483,7;0;0;0;
1514;1000,47;9995,28;2747,06;3573,6;65535;11076,1;7502,5;0;0;0;
1515;1000,61;9993,95;2748,4;3666,9;65535;11127,5;7460,6;0;0;0;
1516;1000,74;9992,61;2749,73;3761,6;65535;11223,2;7461,6;0;0;0;
1517;1000,87;9991,28;2751,07;3606,7;65535;11065,4;7458,7;0;0;0;
1518;1001,01;9989,94;2752,4;3700,2;65535;11130,4;7430,2;0;0;0;
1519;1001,14;9988,61;2753,73;3673,7;65535;11109,2;7435,5;0;0;0;
1520;1001,27;9987,28;2755,07;3735,9;65535;11111,2;7375,3;0;0;0;
1521;1001,41;9985,94;2756,4;3689,3;65535;11072,3;7383;0;0;0;
1522;1001,54;9984,61;2757,73;3604;65535;10982,6;7378,6;0;0;0;
1523;1001,67;9983,28;2759,06;3583,6;65535;10904,4;7320,8;0;0;0;
1524;1001,81;9981,95;2760,39;3611,9;65535;10936,5;7324,6;0;0;0;
1525;1001,94;9980,62;2761,73;3942,8;65535;11222,3;7279,5;0;0;0;
1526;1002,08;9979,29;2763,06;3888;65535;11132,1;7244,1;0;0;0;
1527;1002,21;9977,96;2764,39;3687,3;65535;10918,2;7230,9;0;0;0;
1528;1002,34;9976,63;2765,71;3703,7;65535;10915,1;7211,4;0;0;0;
1529;1002,48;9975,3;2767,04;3659,5;65535;10847,6;7188,1;0;0;0;
1530;1002,61;9973,97;2768,37;3634,4;65535;10812,7;7178,3;0;0;0;
1531;1002,74;9972,64;2769,7;3734;65535;10891,5;7157,5;0;0;0;
1532;1002,88;9971,32;2771,03;3734,8;65535;10818,1;7083,3;0;0;0;
1533;1003,01;9969,99;2772,35;3584,2;65535;10654,4;7070,2;0;0;0;
1534;1003,14;9968,67;2773,68;3672,4;65535;10722,4;7050;0;0;0;
1535;1003,28;9967,34;2775;3662,6;65535;10731,6;7069;0;0;0;
1536;1003,41;9966,01;2776,33;3684,1;65535;10702;7017,9;0;0;0;
1537;1003,54;9964,69;2777,65;3715,4;65535;10697,9;6982,5;0;0;0;
1538;1003,68;9963,37;2778,98;3651,7;65535;10639,1;6987,4;0;0;0;
1539;1003,81;9962,04;2780,3;3591,8;65535;10532,3;6940,5;0;0;0;
1540;1003,94;9960,72;2781,62;3762,9;65535;10642,5;6879,6;0;0;0;
1541;1004,08;9959,4;2782,95;3729,5;65535;10562,9;6833,4;0;0;0;
1542;1004,21;9958,07;2784,27;3666;65535;10490,7;6824,7;0;0;0;
1543;1004,34;9956,75;2785,59;3585,7;65535;10310,1;6724,4;0;0;0;
1544;1004,48;9955,43;2786,91;3673,4;65535;10388,4;6715;0;0;0;
1545;1004,61;9954,11;2788,23;3693,7;65535;10354,5;6660,8;0;0;0;
1546;1004,74;9952,79;2789,55;3706,9;65535;10366,6;6659,7;0;0;0;
1547;1004,88;9951,47;2790,87;3647;65535;10258,9;6611,9;0;0;0;
1548;1005,01;9950,15;2792,19;3587,2;65535;10153,4;6566,2;0;0;0;
1549;1005,14;9948,84;2793,51;3666,6;65535;10237,2;6570,6;0;0;0;
1550;1005,28;9947,52;2794,83;3608,6;65535;10173,2;6564,6;0;0;0;
1551;1005,41;9946,2;2796,14;3680,9;65535;10129,8;6448,9;0;0;0;
1552;1005,54;9944,88;2797,46;3653;65535;10136,8;6483,8;0;0;0;
1553;1005,68;9943,57;2798,78;3698,3;65535;10138,2;6439,9;0;0;0;
1554;1005,81;9942,25;2800,09;3749,9;65535;10215,4;6465,5;0;0;0;
1555;1005,94;9940,94;2801,41;3700,3;65535;10155,1;6454,8;0;0;0;
1556;1006,07;9939,62;2802,72;3606,9;65535;10044,3;6437,4;0;0;0;
1557;1006,21;9938,31;2804,04;3980,1;65535;10449,1;6469;0;0;0;
1558;1006,34;9936,99;2805,35;3707,2;65535;10146,1;6438,9;0;0;0;
1559;1006,47;9935,68;2806,66;3724,7;65535;10179,3;6454,6;0;0;0;
1560;1006,61;9934,37;2807,98;3786,7;65535;10243,8;6457,1;0;0;0;
1561;1006,74;9933,05;2809,29;4254,4;65535;10737,5;6483,1;0;0;0;
1562;1006,87;9931,74;2810,6;3861,7;65535;10318,1;6456,4;0;0;0;
1563;1007,01;9930,43;2811,91;3730,3;65535;10194,6;6464,3;0;0;0;
1564;1007,14;9929,12;2813,22;3611,3;65535;10063,4;6452,1;0;0;0;
1565;1007,27;9927,81;2814,53;3810,6;65535;10216,1;6405,5;0;0;0;
1566;1007,4;9926,5;2815,84;3650,1;65535;10054,1;6404;0;0;0;
1567;1007,54;9925,19;2817,15;3670;65535;10057,8;6387,8;0;0;0;
1568;1007,67;9923,88;2818,46;3995;65535;10385,6;6390,6;0;0;0;
1569;1007,8;9922,57;2819,77;3678,4;65535;10040,1;6361,7;0;0;0;
1570;1007,94;9921,26;2821,08;3853;65535;10223,2;6370,2;0;0;0;
1571;1008,07;9919,96;2822,39;3716,9;65535;10087,9;6371;0;0;0;
1572;1008,2;9918,65;2823,69;3695,8;65535;10059,4;6363,6;0;0;0;
1573;1008,33;9917,34;2825;3600,8;65535;9965,1;6364,3;0;0;0;
1574;1008,47;9916,04;2826,3;3705,5;65535;10068,1;6362,6;0;0;0;
1575;1008,6;9914,73;2827,61;3668,4;65535;10028,6;6360,2;0;0;0;
1576;1008,73;9913,43;2828,91;3714,5;65535;10041,8;6327,3;0;0;0;
1577;1008,87;9912,12;2830,22;3761,7;65535;10073;6311,3;0;0;0;
1578;1009;9910,82;2831,52;3726,7;65535;10035,9;6309,2;0;0;0;
1579;1009,13;9909,52;2832,83;3775,6;65535;10079,9;6304,3;0;0;0;
1580;1009,26;9908,21;2834,13;3749;65535;10033,7;6284,7;0;0;0;
1581;1009,4;9906,91;2835,43;3711,7;65535;10020,1;6308,4;0;0;0;
1582;1009,53;9905,61;2836,73;3573,5;65535;9896,4;6322,9;0;0;0;
1583;1009,66;9904,31;2838,03;3563,1;65535;9816,5;6253,4;0;0;0;
1584;1009,79;9903,01;2839,34;3788,4;65535;10055,5;6267,1;0;0;0;
1585;1009,93;9901,71;2840,64;3582;65535;9838,2;6256,2;0;0;0;
1586;1010,06;9900,41;2841,94;3747;65535;9986,3;6239,3;0;0;0;
1587;1010,19;9899,11;2843,23;4129,8;65535;10382,8;6253;0;0;0;
1588;1010,32;9897,81;2844,53;3602,7;65535;9776,7;6174;0;0;0;
1589;1010,46;9896,51;2845,83;3676,6;65535;9886,5;6209,9;0;0;0;
1590;1010,59;9895,21;2847,13;3740,1;65535;9942,9;6202,8;0;0;0;
1591;1010,72;9893,92;2848,43;3759,8;65535;9961,9;6202,1;0;0;0;
1592;1010,85;9892,62;2849,72;3679,9;65535;9831,3;6151,4;0;0;0;
1593;1010,99;9891,32;2851,02;3692,7;65535;9828,1;6135,4;0;0;0;
1594;1011,12;9890,03;2852,32;3683,7;65535;9808,7;6125;0;0;0;
1595;1011,25;9888,73;2853,61;3817,9;65535;9924,8;6106,9;0;0;0;
1596;1011,38;9887,44;2854,91;3793,8;65535;9926,3;6132,5;0;0;0;
1597;1011,52;9886,14;2856,2;3918;65535;9998,4;6080,4;0;0;0;
1598;1011,65;9884,85;2857,49;3706,1;65535;9730,5;6024,4;0;0;0;
1599;1011,78;9883,56;2858,79;3617,1;65535;9646,3;6029,2;0;0;0;
1600;1011,91;9882,26;2860,08;3711;65535;9729,1;6018,1;0;0;0;
1601;1012,05;9880,97;2861,37;3655;65535;9650,6;5995,6;0;0;0;
1602;1012,18;9879,68;2862,66;3561;65535;9491;5930;0;0;0;
1603;1012,31;9878,39;2863,96;3669,7;65535;9610,1;5940,4;0;0;0;
1604;1012,44;9877,1;2865,25;3599,2;65535;9509,3;5910,1;0;0;0;
1605;1012,58;9875,81;2866,54;3675;65535;9573,1;5898,1;0;0;0;
1606;1012,71;9874,52;2867,83;3941;65535;9766,7;5825,7;0;0;0;
1607;1012,84;9873,23;2869,12;3761,2;65535;9615,5;5854,3;0;0;0;
1608;1012,97;9871,94;2870,4;3706,4;65535;9508,6;5802,2;0;0;0;
1609;1013,1;9870,65;2871,69;3689,2;65535;9491,7;5802,5;0;0;0;
1610;1013,24;9869,36;2872,98;3720,7;65535;9520,2;5799,5;0;0;0;
1611;1013,37;9868,08;2874,27;3569,1;65535;9342,4;5773,3;0;0;0;
1612;1013,5;9866,79;2875,55;3648,1;65535;9365,8;5717,7;0;0;0;
1613;1013,63;9865,5;2876,84;3690;65535;9379,6;5689,6;0;0;0;
1614;1013,77;9864,22;2878,13;3882,3;65535;9566,4;5684,1;0;0;0;
1615;1013,9;9862,93;2879,41;3591,5;65535;9268,3;5676,8;0;0;0;
1616;1014,03;9861,65;2880,7;3740,1;65535;9376,6;5636,5;0;0;0;
1617;1014,16;9860,36;2881,98;3772,8;65535;9348,1;5575,3;0;0;0;
1618;1014,29;9859,08;2883,27;3540,3;65535;9103,1;5562,8;0;0;0;
1619;1014,43;9857,79;2884,55;3648,3;65535;9149,8;5501,5;0;0;0;
1620;1014,56;9856,51;2885,83;3689,8;65535;9173,9;5484,1;0;0;0;
1621;1014,69;9855,23;2887,11;3538,7;65535;9054,4;5515,7;0;0;0;
1622;1014,82;9853,95;2888,4;3701,1;65535;9148,8;5447,7;0;0;0;
1623;1014,95;9852,67;2889,68;3983,8;65535;9402;5418,2;0;0;0;
1624;1015,09;9851,39;2890,96;3616,2;65535;8966,8;5350,6;0;0;0;
1625;1015,22;9850,1;2892,24;3543,1;65535;8910,7;5367,6;0;0;0;
1626;1015,35;9848,82;2893,52;3929;65535;9274,3;5345,3;0;0;0;
1627;1015,48;9847,55;2894,8;3674,5;65535;8989,3;5314,8;0;0;0;
1628;1015,61;9846,27;2896,08;3681,9;65535;8974,7;5292,8;0;0;0;
1629;1015,75;9844,99;2897,36;3585,8;65535;8833,8;5248;0;0;0;
1630;1015,88;9843,71;2898,63;3682,6;65535;8916,6;5234;0;0;0;
1631;1016,01;9842,43;2899,91;3725,8;65535;8879,4;5153,6;0;0;0;
1632;1016,14;9841,16;2901,19;3596;65535;8735,3;5139,3;0;0;0;
1633;1016,27;9839,88;2902,46;4002,1;65535;9142,4;5140,3;0;0;0;
1634;1016,4;9838,6;2903,74;3682,6;65535;8743,6;5061;0;0;0;
1635;1016,54;9837,33;2905,02;3616,4;65535;8621,8;5005,4;0;0;0;
1636;1016,67;9836,05;2906,29;3555,3;65535;8571,2;5015,9;0;0;0;
1637;1016,8;9834,78;2907,57;4179,9;65535;9195,6;5015,7;0;0;0;
1638;1016,93;9833,5;2908,84;3642,9;65535;8604;4961,1;0;0;0;
1639;1017,06;9832,23;2910,11;3780,8;65535;8727,4;4946,6;0;0;0;
1640;1017,19;9830,96;2911,39;3627,9;65535;8537,2;4909,3;0;0;0;
1641;1017,33;9829,68;2912,66;3629,9;65535;8501,9;4872;0;0;0;
1642;1017,46;9828,41;2913,93;3782,6;65535;8641,2;4858,6;0;0;0;
1643;1017,59;9827,14;2915,2;3843,3;65535;8687,8;4844,5;0;0;0;
1644;1017,72;9825,87;2916,47;3690,5;65535;8511,5;4821;0;0;0;
1645;1017,85;9824,6;2917,74;3784,2;65535;8534,3;4750,1;0;0;0;
1646;1017,98;9823,33;2919,01;3696,9;65535;8428,1;4731,2;0;0;0;
1647;1018,12;9822,06;2920,28;3688;65535;8372,9;4684,9;0;0;0;
1648;1018,25;9820,79;2921,55;3961;65535;8640,4;4679,4;0;0;0;
1649;1018,38;9819,52;2922,82;4174,2;65535;8832,1;4657,9;0;0;0;
1650;1018,51;9818,25;2924,09;3715,3;65535;8337,1;4621,8;0;0;0;
1651;1018,64;9816,99;2925,36;3789,9;65535;8367,9;4578;0;0;0;
1652;1018,77;9815,72;2926,62;3564,2;65535;8119,4;4555,2;0;0;0;
1653;1018,91;9814,45;2927,89;3691;65535;8211,3;4520,3;0;0;0;
1654;1019,04;9813,19;2929,16;3575,5;65535;8083,1;4507,6;0;0;0;
1655;1019,17;9811,92;2930,42;3749;65535;8238,7;4489,7;0;0;0;
1656;1019,3;9810,66;2931,69;3801,3;65535;8227,1;4425,8;0;0;0;
1657;1019,43;9809,39;2932,95;3618,2;65535;8035,3;4417,1;0;0;0;
1658;1019,56;9808,13;2934,22;3715,1;65535;8100,2;4385,1;0;0;0;
1659;1019,69;9806,86;2935,48;3650,9;65535;8004,2;4353,3;0;0;0;
1660;1019,83;9805,6;2936,74;3594;65535;7894,4;4300,4;0;0;0;
1661;1019,96;9804,34;2938,01;3662,7;65535;7928,6;4265,9;0;0;0;
1662;1020,09;9803,07;2939,27;3977,1;65535;8249,3;4272,2;0;0;0;
1663;1020,22;9801,81;2940,53;3551,2;65535;7755,9;4204,7;0;0;0;
1664;1020,35;9800,55;2941,79;3677,1;65535;7877,8;4200,7;0;0;0;
1665;1020,48;9799,29;2943,05;3650,6;65535;7799,5;4148,9;0;0;0;
1666;1020,61;9798,03;2944,31;3615,7;65535;7743,1;4127,4;0;0;0;
1667;1020,74;9796,77;2945,57;3605,7;65535;7677,3;4071,6;0;0;0;
1668;1020,88;9795,51;2946,83;3792,2;65535;7861,6;4069,4;0;0;0;
1669;1021,01;9794,25;2948,09;3851,3;65535;7876,2;4024,9;0;0;0;
1670;1021,14;9792,99;2949,35;3747,7;65535;7737,6;3989,9;0;0;0;
1671;1021,27;9791,73;2950,61;3629,8;65535;7585,2;3955,4;0;0;0;
1672;1021,4;9790,48;2951,87;3685,4;65535;7571,9;3886,5;0;0;0;
1673;1021,53;9789,22;2953,12;3746,2;65535;7607;3860,8;0;0;0;
1674;1021,66;9787,96;2954,38;3666,5;65535;7527,2;3860,7;0;0;0;
1675;1021,79;9786,71;2955,64;3807,8;65535;7609,1;3801,3;0;0;0;
1676;1021,93;9785,45;2956,89;3791,9;65535;7566,3;3774,4;0;0;0;
1677;1022,06;9784,2;2958,15;3697,8;65535;7444,7;3746,9;0;0;0;
1678;1022,19;9782,94;2959,4;3976,4;65535;7666,3;3689,9;0;0;0;
1679;1022,32;9781,69;2960,66;3744,7;65535;7404,9;3660,2;0;0;0;
1680;1022,45;9780,43;2961,91;3811,3;65535;7432,2;3620,9;0;0;0;
1681;1022,58;9779,18;2963,16;3638,1;65535;7251,4;3613,3;0;0;0;
1682;1022,71;9777,93;2964,41;3707,1;65535;7292,6;3585,5;0;0;0;
1683;1022,84;9776,68;2965,67;3776,9;65535;7333,3;3556,4;0;0;0;
1684;1022,97;9775,42;2966,92;3763,7;65535;7283,6;3519,9;0;0;0;
1685;1023,1;9774,17;2968,17;3716,1;65535;7203,6;3487,5;0;0;0;
1686;1023,24;9772,92;2969,42;3622;65535;7041,2;3419,2;0;0;0;
1687;1023,37;9771,67;2970,67;3575,7;65535;6977,9;3402,2;0;0;0;
1688;1023,5;9770,42;2971,92;3604,8;65535;6988,6;3383,8;0;0;0;
1689;1023,63;9769,17;2973,17;5413,3;65535;8874,4;3461,1;0;0;0;
1690;1023,76;9767,92;2974,42;3551,3;65535;6904,9;3353,6;0;0;0;
1691;1023,89;9766,68;2975,67;3604,4;65535;6923,9;3319,5;0;0;0;
1692;1024,02;9765,43;2976,92;3659,2;65535;6980,1;3320,9;0;0;0;
1693;1024,15;9764,18;2978,16;3621,6;65535;6878,6;3257;0;0;0;
1694;1024,28;9762,93;2979,41;3616,5;65535;6894,1;3277,6;0;0;0;
1695;1024,41;9761,69;2980,66;3601,6;65535;6833,9;3232,3;0;0;0;
1696;1024,54;9760,44;2981,9;3672;65535;6916,6;3244,6;0;0;0;
1697;1024,67;9759,2;2983,15;3972,9;65535;7237,5;3264,6;0;0;0;
1698;1024,81;9757,95;2984,39;3552,2;65535;6754,6;3202,4;0;0;0;
1699;1024,94;9756,71;2985,64;3688,5;65535;6847,5;3159;0;0;0;
1700;1025,07;9755,46;2986,88;3631,9;65535;6803,5;3171,6;0;0;0;
1701;1025,2;9754,22;2988,12;3748,7;65535;6943,1;3194,4;0;0;0;
1702;1025,33;9752,98;2989,37;3794,5;65535;6958;3163,5;0;0;0;
1703;1025,46;9751,73;2990,61;3825,7;65535;6977,2;3151,5;0;0;0;
1704;1025,59;9750,49;2991,85;3644,3;65535;6798,5;3154,2;0;0;0;
1705;1025,72;9749,25;2993,09;3763,5;65535;6964,9;3201,4;0;0;0;
1706;1025,85;9748,01;2994,34;4306,3;65535;7495,2;3188,9;0;0;0;
1707;1025,98;9746,77;2995,58;3733,3;65535;6869,9;3136,6;0;0;0;
1708;1026,11;9745,53;2996,82;3606,9;65535;6768,9;3162;0;0;0;
1709;1026,24;9744,29;2998,06;3749,5;65535;6875,8;3126,3;0;0;0;
1710;1026,37;9743,05;2999,3;3567,9;65535;6696,1;3128,2;0;0;0;
1711;1026,5;9741,81;3000,53;3727,6;65535;6883,8;3156,2;0;0;0;
1712;1026,63;9740,57;3001,77;3696,2;65535;6840,4;3144,2;0;0;0;
1713;1026,76;9739,33;3003,01;3708,9;65535;6849,3;3140,4;0;0;0;
1714;1026,89;9738,1;3004,25;3606;65535;6730,5;3124,5;0;0;0;
1715;1027,03;9736,86;3005,48;3941,3;65535;7086,2;3144,9;0;0;0;
1716;1027,16;9735,62;3006,72;3568,3;65535;6709,7;3141,4;0;0;0;
1717;1027,29;9734,39;3007,96;3650,7;65535;6804,4;3153,7;0;0;0;
1718;1027,42;9733,15;3009,19;3664,4;65535;6799,5;3135,1;0;0;0;
1719;1027,55;9731,92;3010,43;3685,5;65535;6817;3131,5;0;0;0;
1720;1027,68;9730,68;3011,66;3672,4;65535;6809,5;3137,1;0;0;0;
1721;1027,81;9729,45;3012,9;3598,1;65535;6758,8;3160,7;0;0;0;
1722;1027,94;9728,21;3014,13;3763;65535;6939,7;3176,7;0;0;0;
1723;1028,07;9726,98;3015,36;3629,5;65535;6788,2;3158,7;0;0;0;
1724;1028,2;9725,75;3016,6;3776;65535;6962,1;3186,1;0;0;0;
1725;1028,33;9724,52;3017,83;3901,9;65535;7096,9;3195;0;0;0;
1726;1028,46;9723,28;3019,06;3734,9;65535;6907;3172,1;0;0;0;
1727;1028,59;9722,05;3020,29;3599,7;65535;6777;3177,3;0;0;0;
1728;1028,72;9720,82;3021,52;3695,8;65535;6880,5;3184,7;0;0;0;
1729;1028,85;9719,59;3022,75;3561,2;65535;6716,6;3155,4;0;0;0;
1730;1028,98;9718,36;3023,98;3810,4;65535;6980,1;3169,7;0;0;0;
1731;1029,11;9717,13;3025,21;4376,9;65535;7570;3193,1;0;0;0;
1732;1029,24;9715,9;3026,44;4753,2;65535;7943;3189,8;0;0;0;
1733;1029,37;9714,68;3027,67;3860,3;65535;7057,7;3197,4;0;0;0;
1734;1029,5;9713,45;3028,9;3605,9;65535;6785,2;3179,3;0;0;0;
1735;1029,63;9712,22;3030,12;3771,1;65535;6951,3;3180,2;0;0;0;
1736;1029,76;9710,99;3031,35;3695,6;65535;6892,3;3196,7;0;0;0;
1737;1029,89;9709,77;3032,58;3674,2;65535;6833,1;3158,9;0;0;0;
1738;1030,02;9708,54;3033,8;3770,5;65535;6929,2;3158,7;0;0;0;
1739;1030,15;9707,31;3035,03;3714,3;65535;6905,1;3190,8;0;0;0;
1740;1030,28;9706,09;3036,25;3789,6;65535;6978,1;3188,5;0;0;0;
1741;1030,41;9704,87;3037,48;3740,1;65535;6890,7;3150,6;0;0;0;
1742;1030,54;9703,64;3038,7;3703,5;65535;6839,4;3135,9;0;0;0;
1743;1030,67;9702,42;3039,93;3605,8;65535;6743,6;3137,8;0;0;0;
1744;1030,8;9701,19;3041,15;3664,2;65535;6786,6;3122,4;0;0;0;
1745;1030,93;9699,97;3042,37;3628,7;65535;6744,4;3115,7;0;0;0;
1746;1031,06;9698,75;3043,59;3724,5;65535;6815,6;3091,1;0;0;0;
1747;1031,19;9697,53;3044,82;3723,9;65535;6836,1;3112,2;0;0;0;
1748;1031,32;9696,31;3046,04;3687,1;65535;6813,3;3126,2;0;0;0;
1749;1031,45;9695,09;3047,26;3826,3;65535;6924,5;3098,2;0;0;0;
1750;1031,58;9693,86;3048,48;3554,6;65535;6645,9;3091,3;0;0;0;
1751;1031,71;9692,64;3049,7;3625,2;65535;6693,2;3068;0;0;0;
1752;1031,84;9691,43;3050,92;3923,2;65535;6968,4;3045,2;0;0;0;
1753;1031,97;9690,21;3052,14;3868,6;65535;6935,7;3067,1;0;0;0;
1754;1032,1;9688,99;3053,36;3600,4;65535;6652,1;3051,7;0;0;0;
1755;1032,23;9687,77;3054,57;3585,2;65535;6643,1;3057,9;0;0;0;
1756;1032,36;9686,55;3055,79;3819;65535;6851,7;3032,7;0;0;0;
1757;1032,49;9685,34;3057,01;3612,9;65535;6669;3056,1;0;0;0;
1758;1032,62;9684,12;3058,23;3633;65535;6672,7;3039,7;0;0;0;
1759;1032,75;9682,9;3059,44;3691;65535;6757,5;3066,5;0;0;0;
1760;1032,88;9681,69;3060,66;3720,2;65535;6788,1;3067,9;0;0;0;
1761;1033,01;9680,47;3061,87;3768,4;65535;6840,7;3072,3;0;0;0;
1762;1033,14;9679,26;3063,09;3964,6;65535;7068,5;3103,9;0;0;0;
1763;1033,27;9678,04;3064,3;3768,7;65535;6875,1;3106,4;0;0;0;
1764;1033,4;9676,83;3065,52;3810,8;65535;6890,9;3080,1;0;0;0;
1765;1033,53;9675,61;3066,73;6442,5;65535;9674,4;3231,9;0;0;0;
1766;1033,66;9674,4;3067,94;3772;65535;6892,1;3120,1;0;0;0;
1767;1033,79;9673,19;3069,15;3663,2;65535;6810,5;3147,3;0;0;0;
1768;1033,91;9671,98;3070,37;3709,9;65535;6842,6;3132,7;0;0;0;
1769;1034,04;9670,77;3071,58;3653,6;65535;6774,3;3120,7;0;0;0;
1770;1034,17;9669,55;3072,79;3575,6;65535;6684,9;3109,3;0;0;0;
1771;1034,3;9668,34;3074;3723,5;65535;6869,9;3146,4;0;0;0;
1772;1034,43;9667,13;3075,21;3790,5;65535;6935,5;3145;0;0;0;
1773;1034,56;9665,92;3076,42;3645,6;65535;6779,9;3134,3;0;0;0;
1774;1034,69;9664,72;3077,63;3713,4;65535;6857,1;3143,7;0;0;0;
1775;1034,82;9663,51;3078,84;3580,4;65535;6708;3127,6;0;0;0;
1776;1034,95;9662,3;3080,05;3797,4;65535;6921,3;3123,9;0;0;0;
1777;1035,08;9661,09;3081,25;3547,9;65535;6659,6;3111,7;0;0;0;
1778;1035,21;9659,88;3082,46;3740,6;65535;6865,4;3124,8;0;0;0;
1779;1035,34;9658,68;3083,67;3888;65535;6999,4;3111,4;0;0;0;
1780;1035,47;9657,47;3084,87;3690,8;65535;6803,4;3112,6;0;0;0;
1781;1035,6;9656,26;3086,08;3710,2;65535;6822,2;3112;0;0;0;
1782;1035,73;9655,06;3087,29;3763;65535;6871,3;3108,3;0;0;0;
1783;1035,86;9653,85;3088,49;3566,3;65535;6661,5;3095,2;0;0;0;
1784;1035,99;9652,65;3089,7;3718,3;65535;6797,6;3079,3;0;0;0;
1785;1036,11;9651,44;3090,9;3707,1;65535;6769,7;3062,6;0;0;0;
1786;1036,24;9650,24;3092,1;3771,2;65535;6838,2;3067;0;0;0;
1787;1036,37;9649,04;3093,31;3826,5;65535;6902,8;3076,3;0;0;0;
1788;1036,5;9647,83;3094,51;3713,6;65535;6774,2;3060,6;0;0;0;
1789;1036,63;9646,63;3095,71;3638,3;65535;6688;3049,7;0;0;0;
1790;1036,76;9645,43;3096,91;3629,2;65535;6672,2;3043;0;0;0;
1791;1036,89;9644,23;3098,11;3583,4;65535;6621,6;3038,2;0;0;0;
1792;1037,02;9643,03;3099,32;3746;65535;6785,5;3039,5;0;0;0;
1793;1037,15;9641,83;3100,52;3753,9;65535;6810,8;3056,9;0;0;0;
1794;1037,28;9640,63;3101,72;3724,3;65535;6723,4;2999,1;0;0;0;
1795;1037,41;9639,43;3102,92;3596,2;65535;6582,3;2986,1;0;0;0;
1796;1037,53;9638,23;3104,11;4979;65535;7124,4;2145,4;0;0;0;
1797;1037,66;9637,03;3105,31;7851,9;65535;8035;183,1;0;0;0;
1798;1037,79;9635,83;3106,51;3665,5;65535;6637,5;2972;0;0;0;
1799;1037,92;9634,63;3107,71;3683,7;65535;6675,2;2991,5;0;0;0;
1800;1038,05;9633,44;3108,91;3725,7;65535;6673,7;2948;0;0;0;
1801;1038,18;9632,24;3110,1;3711,4;65535;6665,8;2954,4;0;0;0;
1802;1038,31;9631,04;3111,3;3585,6;65535;6515,3;2929,7;0;0;0;
1803;1038,44;9629,85;3112,49;3731,2;65535;6678,5;2947,3;0;0;0;
1804;1038,57;9628,65;3113,69;3626,6;65535;6553,6;2927;0;0;0;
1805;1038,7;9627,46;3114,89;3607,8;65535;6505,7;2897,9;0;0;0;
1806;1038,82;9626,26;3116,08;3697,2;65535;6595,6;2898,4;0;0;0;
1807;1038,95;9625,07;3117,27;3785;65535;6698,5;2913,5;0;0;0;
1808;1039,08;9623,88;3118,47;4029,7;65535;6918,3;2888,6;0;0;0;
1809;1039,21;9622,68;3119,66;3812,1;65535;6702,9;2890,8;0;0;0;
1810;1039,34;9621,49;3120,85;3679,6;65535;6544,5;2864,9;0;0;0;
1811;1039,47;9620,3;3122,05;3780,5;65535;6656,6;2876,1;0;0;0;
1812;1039,6;9619,11;3123,24;4063,2;65535;6923,5;2860,3;0;0;0;
1813;1039,73;9617,92;3124,43;3615,1;65535;6470,9;2855,8;0;0;0;
1814;1039,86;9616,72;3125,62;3519,1;65535;6333;2813,9;0;0;0;
1815;1039,98;9615,53;3126,81;3707,4;65535;6535,5;2828,1;0;0;0;
1816;1040,11;9614,34;3128;3610,3;65535;6434,4;2824,1;0;0;0;
1817;1040,24;9613,15;3129,19;3912,3;65535;6754;2841,7;0;0;0;
1818;1040,37;9611,97;3130,38;3756,9;65535;6582,4;2825,5;0;0;0;
1819;1040,5;9610,78;3131,57;3764,1;65535;6573,8;2809,7;0;0;0;
1820;1040,63;9609,59;3132,75;3571,3;65535;6335,2;2763,9;0;0;0;
1821;1040,76;9608,4;3133,94;3571,7;65535;6310,5;2738,8;0;0;0;
1822;1040,88;9607,21;3135,13;3587,7;65535;6329,3;2741,6;0;0;0;
1823;1041,01;9606,03;3136,32;3645,7;65535;6409,1;2763,4;0;0;0;
1824;1041,14;9604,84;3137,5;3607,7;65535;6372,2;2764,5;0;0;0;
1825;1041,27;9603,66;3138,69;3813,3;65535;6580,7;2767,4;0;0;0;
1826;1041,4;9602,47;3139,87;3682,9;65535;6400,1;2717,2;0;0;0;
1827;1041,53;9601,29;3141,06;3861,1;65535;6588,6;2727,5;0;0;0;
1828;1041,66;9600,1;3142,24;3713,9;65535;6417,8;2703,9;0;0;0;
1829;1041,78;9598,92;3143,43;3706,6;65535;6405,6;2699;0;0;0;
1830;1041,91;9597,73;3144,61;3845,8;65535;6540,8;2695;0;0;0;
1831;1042,04;9596,55;3145,79;4020;65535;6709,2;2689,2;0;0;0;
1832;1042,17;9595,37;3146,98;3748,2;65535;6389,5;2641,3;0;0;0;
1833;1042,3;9594,19;3148,16;3639,3;65535;6265,7;2626,4;0;0;0;
1834;1042,43;9593;3149,34;4279,3;65535;6951,2;2671,9;0;0;0;
1835;1042,55;9591,82;3150,52;3629,7;65535;6264,6;2634,9;0;0;0;
1836;1042,68;9590,64;3151,7;3721,1;65535;6330,5;2609,4;0;0;0;
1837;1042,81;9589,46;3152,88;4109,2;65535;6764,3;2655,1;0;0;0;
1838;1042,94;9588,28;3154,06;3762,2;65535;6366,7;2604,5;0;0;0;
1839;1043,07;9587,1;3155,24;3737,8;65535;6320,4;2582,6;0;0;0;
1840;1043,2;9585,92;3156,42;3681;65535;6271,6;2590,6;0;0;0;
1841;1043,32;9584,74;3157,6;3620,7;65535;6182,7;2562;0;0;0;
1842;1043,45;9583,57;3158,78;3826,7;65535;6408,2;2581,5;0;0;0;
1843;1043,58;9582,39;3159,95;3679,2;65535;6232,8;2553,6;0;0;0;
1844;1043,71;9581,21;3161,13;3667;65535;6195,3;2528,3;0;0;0;
1845;1043,84;9580,03;3162,31;3582;65535;6104;2522;0;0;0;
1846;1043,97;9578,86;3163,49;3578,7;65535;6067,6;2488,9;0;0;0;
1847;1044,09;9577,68;3164,66;3911,9;65535;6429;2517,1;0;0;0;
1848;1044,22;9576,51;3165,84;3651,1;65535;6131,7;2480,6;0;0;0;
1849;1044,35;9575,33;3167,01;3659,6;65535;6168,1;2508,5;0;0;0;
1850;1044,48;9574,16;3168,19;3599,4;65535;6082,2;2482,8;0;0;0;
1851;1044,61;9572,98;3169,36;3685,7;65535;6180,4;2494,7;0;0;0;
1852;1044,73;9571,81;3170,53;3597,4;65535;6061,5;2464,1;0;0;0;
1853;1044,86;9570,64;3171,71;3816,3;65535;6299,6;2483,3;0;0;0;
1854;1044,99;9569,46;3172,88;3650,6;65535;6087,5;2436,9;0;0;0;
1855;1045,12;9568,29;3174,05;3589,8;65535;6019,9;2430,1;0;0;0;
1856;1045,25;9567,12;3175,22;3557,6;65535;5970,3;2412,7;0;0;0;
1857;1045,37;9565,95;3176,39;3613,6;65535;6001,5;2387,9;0;0;0;
1858;1045,5;9564,78;3177,57;3652,5;65535;6042;2389,5;0;0;0;
1859;1045,63;9563,61;3178,74;3756,3;65535;6119,9;2363,6;0;0;0;
1860;1045,76;9562,44;3179,91;3754,5;65535;6134,5;2380;0;0;0;
1861;1045,89;9561,27;3181,08;3702,3;65535;6064,3;2362;0;0;0;
1862;1046,01;9560,1;3182,24;3640,5;65535;5979,1;2338,6;0;0;0;
1863;1046,14;9558,93;3183,41;3639,6;65535;5975,3;2335,7;0;0;0;
1864;1046,27;9557,76;3184,58;3631,7;65535;5965,5;2333,8;0;0;0;
1865;1046,4;9556,59;3185,75;3718,6;65535;6041,8;2323,2;0;0;0;
1866;1046,53;9555,43;3186,92;3727,8;65535;6040,9;2313,1;0;0;0;
1867;1046,65;9554,26;3188,08;3610,7;65535;5893,1;2282,4;0;0;0;
1868;1046,78;9553,09;3189,25;3663,6;65535;5951,2;2287,6;0;0;0;
1869;1046,91;9551,93;3190,42;3621,5;65535;5898,2;2276,7;0;0;0;
1870;1047,04;9550,76;3191,58;3658,2;65535;5895,9;2237,7;0;0;0;
1871;1047,16;9549,6;3192,75;3602,4;65535;5878,2;2275,8;0;0;0;
1872;1047,29;9548,43;3193,91;3729,1;65535;5970,1;2241;0;0;0;
1873;1047,42;9547,27;3195,08;3796,6;65535;5993,9;2197,3;0;0;0;
1874;1047,55;9546,1;3196,24;3621,2;65535;5870,8;2249,6;0;0;0;
1875;1047,68;9544,94;3197,4;3612,1;65535;5840,3;2228,2;0;0;0;
1876;1047,8;9543,78;3198,57;3669,9;65535;5875,3;2205,4;0;0;0;
1877;1047,93;9542,62;3199,73;3660,6;65535;5866,5;2205,9;0;0;0;
1878;1048,06;9541,45;3200,89;4031;65535;6219,3;2188,3;0;0;0;
1879;1048,19;9540,29;3202,05;3567,7;65535;5721,9;2154,2;0;0;0;
1880;1048,31;9539,13;3203,21;3718,9;65535;5876;2157,1;0;0;0;
1881;1048,44;9537,97;3204,37;3677,1;65535;5815;2137,9;0;0;0;
1882;1048,57;9536,81;3205,53;3755,2;65535;5882,9;2127,7;0;0;0;
1883;1048,7;9535,65;3206,69;3696,4;65535;5813,8;2117,4;0;0;0;
1884;1048,82;9534,49;3207,85;3830,6;65535;5951,3;2120,7;0;0;0;
1885;1048,95;9533,33;3209,01;3779,1;65535;5886,6;2107,5;0;0;0;
1886;1049,08;9532,17;3210,17;3611,8;65535;5732;2120,2;0;0;0;
1887;1049,21;9531,02;3211,33;3763,6;65535;5865;2101,4;0;0;0;
1888;1049,33;9529,86;3212,48;3886,9;65535;5977,3;2090,4;0;0;0;
1889;1049,46;9528,7;3213,64;3576,3;65535;5666,8;2090,5;0;0;0;
1890;1049,59;9527,54;3214,8;3733;65535;5797,2;2064,2;0;0;0;
1891;1049,72;9526,39;3215,95;3690,5;65535;5750,7;2060,2;0;0;0;
1892;1049,84;9525,23;3217,11;3668,8;65535;5728,5;2059,7;0;0;0;
1893;1049,97;9524,08;3218,27;3717,5;65535;5764,5;2047;0;0;0;
1894;1050,1;9522,92;3219,42;3725;65535;5746,8;2021,8;0;0;0;
1895;1050,23;9521,77;3220,58;3562,3;65535;5543,8;1981,5;0;0;0;
1896;1050,35;9520,61;3221,73;3660,7;65535;5679,5;2018,8;0;0;0;
1897;1050,48;9519,46;3222,88;4496,7;65535;6513,5;2016,8;0;0;0;
1898;1050,61;9518,31;3224,04;3685,7;65535;5669,4;1983,7;0;0;0;
1899;1050,73;9517,16;3225,19;3634,7;65535;5599,7;1965;0;0;0;
1900;1050,86;9516;3226,34;3637,1;65535;5602,7;1965,6;0;0;0;
1901;1050,99;9514,85;3227,49;3579;65535;5531,4;1952,4;0;0;0;
1902;1051,12;9513,7;3228,64;3734,5;65535;5695,5;1961;0;0;0;
1903;1051,24;9512,55;3229,79;3742,2;65535;5668;1925,8;0;0;0;
1904;1051,37;9511,4;3230,94;3650,8;65535;5561,5;1910,7;0;0;0;
1905;1051,5;9510,25;3232,09;4023;65535;5961,2;1938,2;0;0;0;
1906;1051,62;9509,1;3233,24;3642,8;65535;5537,1;1894,3;0;0;0;
1907;1051,75;9507,95;3234,39;3961,6;65535;5854,4;1892,8;0;0;0;
1908;1051,88;9506,8;3235,54;3812,8;65535;5686,8;1874;0;0;0;
1909;1052,01;9505,65;3236,69;3697,8;65535;5583,4;1885,6;0;0;0;
1910;1052,13;9504,51;3237,84;3547,5;65535;5387,3;1839,8;0;0;0;
1911;1052,26;9503,36;3238,99;3614,5;65535;5459;1844,5;0;0;0;
1912;1052,39;9502,21;3240,13;3542,8;65535;5335,8;1793;0;0;0;
1913;1052,51;9501,06;3241,28;3819,6;65535;5582,8;1763,2;0;0;0;
1914;1052,64;9499,92;3242,43;3639;65535;5373,4;1734,4;0;0;0;
1915;1052,77;9498,77;3243,57;3715;65535;5432,6;1717,6;0;0;0;
1916;1052,89;9497,63;3244,72;3670,3;65535;5345,4;1675,1;0;0;0;
1917;1053,02;9496,48;3245,86;3770,2;65535;5427,6;1657,4;0;0;0;
1918;1053,15;9495,34;3247;3723,2;65535;5343,4;1620,2;0;0;0;
1919;1053,28;9494,19;3248,15;5386,1;65535;7020,4;1634,3;0;0;0;
1920;1053,4;9493,05;3249,29;3625,1;65535;5202,5;1577,4;0;0;0;
1921;1053,53;9491,91;3250,44;3615,1;65535;5107,5;1492,4;0;0;0;
1922;1053,66;9490,77;3251,58;3851,3;65535;5353,3;1502;0;0;0;
1923;1053,78;9489,62;3252,72;3660,9;65535;5095,4;1434,5;0;0;0;
1924;1053,91;9488,48;3253,86;3760,6;65535;5158,7;1398,1;0;0;0;
1925;1054,04;9487,34;3255;3614,1;65535;4967,4;1353,3;0;0;0;
1926;1054,16;9486,2;3256,14;3662,2;65535;4993,8;1331,6;0;0;0;
1927;1054,29;9485,06;3257,28;3797,7;65535;5102,5;1304,8;0;0;0;
1928;1054,42;9483,92;3258,42;3611,8;65535;4868,5;1256,7;0;0;0;
1929;1054,54;9482,78;3259,56;3885,8;65535;5114,2;1228,4;0;0;0;
1930;1054,67;9481,64;3260,7;3601,4;65535;4797,3;1195,9;0;0;0;
1931;1054,8;9480,5;3261,84;3809,3;65535;4996,7;1187,4;0;0;0;
1932;1054,92;9479,36;3262,98;3691,7;65535;4834,8;1143,1;0;0;0;
1933;1055,05;9478,23;3264,12;3792;65535;4891,3;1099,3;0;0;0;
1934;1055,18;9477,09;3265,25;3931,6;65535;5019;1087,4;0;0;0;
1935;1055,3;9475,95;3266,39;4086,8;65535;5144,1;1057,3;0;0;0;
1936;1055,43;9474,82;3267,53;3996,8;65535;5021,1;1024,3;0;0;0;
1937;1055,56;9473,68;3268,66;3732,9;65535;4729,5;996,6;0;0;0;
1938;1055,68;9472,54;3269,8;3785,5;65535;4752;966,5;0;0;0;
1939;1055,81;9471,41;3270,93;3838,1;65535;4801,1;963;0;0;0;
1940;1055,94;9470,27;3272,07;3741;65535;4690,5;949,5;0;0;0;
1941;1056,06;9469,14;3273,2;3765,4;65535;4684,4;919;0;0;0;
1942;1056,19;9468,01;3274,34;3694,1;65535;4609,3;915,2;0;0;0;
1943;1056,31;9466,87;3275,47;3618,9;65535;4499,8;880,9;0;0;0;
1944;1056,44;9465,74;3276,6;3737,2;65535;4616,3;879,1;0;0;0;
1945;1056,57;9464,61;3277,74;3743,1;65535;4604;860,9;0;0;0;
1946;1056,69;9463,48;3278,87;4000,2;65535;4860,2;860;0;0;0;
1947;1056,82;9462,34;3280;3748,2;65535;4593,2;845;0;0;0;
1948;1056,95;9461,21;3281,13;3949,6;65535;4776,1;826,5;0;0;0;
1949;1057,07;9460,08;3282,26;3989,9;65535;4809,5;819,6;0;0;0;
1950;1057,2;9458,95;3283,39;3611,5;65535;4423,2;811,7;0;0;0;
1951;1057,33;9457,82;3284,52;3615,4;65535;4412,4;797;0;0;0;
1952;1057,45;9456,69;3285,65;4306,6;65535;5102,8;796,2;0;0;0;
1953;1057,58;9455,56;3286,78;6033,3;65535;6930,5;897,2;0;0;0;
1954;1057,7;9454,43;3287,91;3611,5;65535;4408,6;797,1;0;0;0;
1955;1057,83;9453,31;3289,04;3679,7;65535;4464,5;784,8;0;0;0;
1956;1057,96;9452,18;3290,16;3606,8;65535;4375,2;768,4;0;0;0;
1957;1058,08;9451,05;3291,29;3666,9;65535;4440,1;773,2;0;0;0;
1958;1058,21;9449,92;3292,42;3638,4;65535;4401,6;763,2;0;0;0;
1959;1058,34;9448,8;3293,55;3699,8;65535;4475;775,2;0;0;0;
1960;1058,46;9447,67;3294,67;3650,5;65535;4391,2;740,7;0;0;0;
1961;1058,59;9446,55;3295,8;3670,7;65535;4417,6;746,9;0;0;0;
1962;1058,71;9445,42;3296,92;3676;65535;4443,5;767,5;0;0;0;
1963;1058,84;9444,3;3298,05;3629,7;65535;4386,2;756,5;0;0;0;
1964;1058,97;9443,17;3299,17;3798,4;65535;4548,5;750,1;0;0;0;
1965;1059,09;9442,05;3300,29;3688,9;65535;4436,1;747,2;0;0;0;
1966;1059,22;9440,93;3301,42;3743,4;65535;4497,4;754;0;0;0;
1967;1059,34;9439,8;3302,54;3701,2;65535;4437,4;736,2;0;0;0;
1968;1059,47;9438,68;3303,66;3927,7;65535;4674;746,3;0;0;0;
1969;1059,6;9437,56;3304,79;3736,2;65535;4474,6;738,4;0;0;0;
1970;1059,72;9436,44;3305,91;3623,8;65535;4354,5;730,7;0;0;0;
1971;1059,85;9435,31;3307,03;3782,4;65535;4524,1;741,7;0;0;0;
1972;1059,97;9434,19;3308,15;3678,6;65535;4397,3;718,7;0;0;0;
1973;1060,1;9433,07;3309,27;3910;65535;4633,5;723,5;0;0;0;
1974;1060,23;9431,95;3310,39;3702,3;65535;4432,9;730,6;0;0;0;
1975;1060,35;9430,83;3311,51;3636,5;65535;4370,1;733,6;0;0;0;
1976;1060,48;9429,71;3312,63;3554,9;65535;4270,6;715,7;0;0;0;
1977;1060,6;9428,6;3313,75;3717,7;65535;4440,1;722,4;0;0;0;
1978;1060,73;9427,48;3314,87;3746,1;65535;4473;726,9;0;0;0;
1979;1060,85;9426,36;3315,98;3560;65535;4259,8;699,8;0;0;0;
1980;1060,98;9425,24;3317,1;3644;65535;4325,9;681,9;0;0;0;
1981;1061,11;9424,13;3318,22;3929,9;65535;4645,9;716;0;0;0;
1982;1061,23;9423,01;3319,33;3740,5;65535;4441,4;700,9;0;0;0;
1983;1061,36;9421,89;3320,45;3623,7;65535;4320;696,3;0;0;0;
1984;1061,48;9420,78;3321,57;3885,3;65535;4586,3;701;0;0;0;
1985;1061,61;9419,66;3322,68;3603,2;65535;4293,5;690,3;0;0;0;
1986;1061,73;9418,55;3323,8;3648,8;65535;4344,5;695,7;0;0;0;
1987;1061,86;9417,43;3324,91;3639,1;65535;4334,5;695,4;0;0;0;
1988;1061,99;9416,32;3326,03;3703,7;65535;4391,7;688;0;0;0;
1989;1062,11;9415,2;3327,14;3791,1;65535;4480,3;689,2;0;0;0;
1990;1062,24;9414,09;3328,25;3648,8;65535;4339,6;690,8;0;0;0;
1991;1062,36;9412,98;3329,36;3775,3;65535;4451,6;676,3;0;0;0;
1992;1062,49;9411,87;3330,48;3713,4;65535;4397,2;683,8;0;0;0;
1993;1062,61;9410,75;3331,59;4805,8;65535;5768,4;962,6;0;0;0;
1994;1062,74;9409,64;3332,7;3740,1;65535;4417,3;677,2;0;0;0;
1995;1062,87;9408,53;3333,81;3699,4;65535;4371,2;671,8;0;0;0;
1996;1062,99;9407,42;3334,92;3623,5;65535;4286;662,5;0;0;0;
1997;1063,12;9406,31;3336,03;3646,1;65535;4319,1;673;0;0;0;
1998;1063,24;9405,2;3337,14;3632,3;65535;4272,5;640,2;0;0;0;
1999;1063,37;9404,09;3338,25;3571,2;65535;4220,1;648,9;0;0;0;
2000;1063,49;9402,98;3339,36;3602,3;65535;4233,3;631;0;0;0;
2001;1063,62;9401,87;3340,47;3711,6;65535;4360,6;649;0;0;0;
2002;1063,74;9400,77;3341,58;3812,7;65535;4458,4;645,7;0;0;0;
2003;1063,87;9399,66;3342,68;3907,5;65535;4552;644,5;0;0;0;
2004;1063,99;9398,55;3343,79;3634,5;65535;4252,3;617,8;0;0;0;
2005;1064,12;9397,45;3344,9;3642,6;65535;4276,6;634;0;0;0;
2006;1064,24;9396,34;3346;3694,7;65535;4305,7;611;0;0;0;
2007;1064,37;9395,23;3347,11;3653,6;65535;4269,3;615,7;0;0;0;
2008;1064,49;9394,13;3348,22;3657,5;65535;4278,6;621,1;0;0;0;
2009;1064,62;9393,02;3349,32;3795,6;65535;4393,2;597,6;0;0;0;
2010;1064,75;9391,92;3350,43;3536,8;65535;4110,5;573,7;0;0;0;
2011;1064,87;9390,81;3351,53;3903,5;65535;4497,1;593,6;0;0;0;
2012;;;;3678,8;65535;4273,8;595;0;0;0;
2013;;;;3724,9;65535;4301,2;576,3;0;0;0;
2014;;;;3594,6;65535;4161,8;567,2;0;0;0;
2015;;;;3754,6;65535;4320,7;566,1;0;0;0;
2016;;;;3759,4;65535;4309,1;549,7;0;0;0;
2017;;;;3740,1;65535;4288,7;548,6;0;0;0;
2018;;;;4064,5;65535;4637,1;572,6;0;0;0;
2019;;;;3697,4;65535;4228,3;530,9;0;0;0;
2020;;;;3628,5;65535;4162,9;534,4;0;0;0;
2021;;;;3653,1;65535;4184,5;531,4;0;0;0;
2022;;;;3922,8;65535;4455,3;532,5;0;0;0;
2023;;;;3684;65535;4195;511;0;0;0;
2024;;;;3984;65535;4513,3;529,3;0;0;0;
2025;;;;3714,9;65535;4200,4;485,5;0;0;0;
2026;;;;3742,2;65535;4232;489,8;0;0;0;
2027;;;;3589,2;65535;4059,3;470,1;0;0;0;
2028;;;;3627,1;65535;4094,6;467,5;0;0;0;
2029;;;;3642,1;65535;4102,3;460,2;0;0;0;
2030;;;;3814,5;65535;4277,5;463;0;0;0;
2031;;;;3667,5;65535;4147,4;479,9;0;0;0;
2032;;;;3740,3;65535;4181,6;441,3;0;0;0;
2033;;;;3645,2;65535;4069,8;424,6;0;0;0;
2034;;;;3605,7;65535;4038,6;432,9;0;0;0;
2035;;;;3609,7;65535;4036,9;427,2;0;0;0;
2036;;;;3672,8;65535;4111,3;438,5;0;0;0;
2037;;;;3721,6;65535;4154,5;432,9;0;0;0;
2038;;;;3661,6;65535;4103,1;441,5;0;0;0;
2039;;;;3648,3;65535;4081,9;433,6;0;0;0;
2040;;;;3631,6;65535;4055,9;424,3;0;0;0;
2041;;;;3521,1;65535;3971,2;450,1;0;0;0;
2042;;;;3643,5;65535;4074;430,5;0;0;0;
2043;;;;2930,2;65535;2959,7;29,5;0;0;0;
2044;;;;2924,3;65535;2961,8;37,5;0;0;0;
2045;;;;2969,2;65535;3002,4;33,2;0;0;0;
2046;;;;3189,9;65535;3222,4;32,5;0;0;0;
2047;;;;3546,3;65535;3669,5;123,2;0;0;0;
