Pixel;Wavelength;Wavenumber;Raman Shift;Dark;Reference;Raw data #1;Dark Subtracted #1;%TR #1;Absorbance #1;Irradiance (W/cm^2/nm) #1;
0;--;--;--;3554,8;65535;3661,7;106,9;0;0;0;
1;--;--;--;3493,8;65535;3614,7;120,9;0;0;0;
2;--;--;--;3945,2;65535;4090,3;145,1;0;0;0;
3;--;--;--;3536,8;65535;3663;126,2;0;0;0;
4;--;--;--;3864,2;65535;4045,7;181,5;0;0;0;
5;--;--;--;3597,1;65535;3829,3;232,2;0;0;0;
6;--;--;--;3598,4;65535;3958,7;360,3;0;0;0;
7;--;--;--;3550,8;65535;4091,8;541;0;0;0;
8;--;--;--;3592;65535;4582;990;0;0;0;
9;--;--;--;3602;65535;5965,7;2363,7;0;0;0;
10;--;--;--;3665;65535;7059,9;3394,9;0;0;0;
11;--;--;--;4009,9;65535;5595,9;1586;0;0;0;
12;--;--;--;3608,3;65535;3875,6;267,3;0;0;0;
13;--;--;--;3573;65535;3738,5;165,5;0;0;0;
14;--;--;--;3681;65535;3841,4;160,4;0;0;0;
15;--;--;--;3615,3;65535;3758;142,7;0;0;0;
16;--;--;--;3690,4;65535;3823,8;133,4;0;0;0;
17;--;--;--;3563,1;65535;3689,3;126,2;0;0;0;
18;--;--;--;4230,2;65535;4380,7;150,5;0;0;0;
19;--;--;--;3557,6;65535;3693,6;136;0;0;0;
20;--;--;--;3626,6;65535;3754,5;127,9;0;0;0;
21;--;--;--;3658,2;65535;3824,4;166,2;0;0;0;
22;--;--;--;3604,1;65535;3764,5;160,4;0;0;0;
23;--;--;--;3635,7;65535;3790,5;154,8;0;0;0;
24;--;--;--;3586,4;65535;3751;164,6;0;0;0;
25;--;--;--;3618,3;65535;3817,4;199,1;0;0;0;
26;--;--;--;3767,3;65535;3979,3;212;0;0;0;
27;--;--;--;3567,8;65535;3817,7;249,9;0;0;0;
28;--;--;--;3609,4;65535;3951,8;342,4;0;0;0;
29;--;--;--;3783,2;65535;4326,8;543,6;0;0;0;
30;--;--;--;3649,9;65535;4659,4;1009,5;0;0;0;
31;--;--;--;3635;65535;5502,2;1867,2;0;0;0;
32;--;--;--;3657,9;65535;7037,1;3379,2;0;0;0;
33;--;--;--;3657,8;65535;9215,6;5557,8;0;0;0;
34;--;--;--;3578;65535;12097,7;8519,7;0;0;0;
35;--;--;--;3640,4;65535;13923,2;10282,8;0;0;0;
36;--;--;--;3573,4;65535;13231,3;9657,9;0;0;0;
37;--;--;--;3552,3;65535;12591,8;9039,5;0;0;0;
38;--;--;--;3529,5;65535;12941,9;9412,4;0;0;0;
39;--;--;--;3524,3;65535;13413,4;9889,1;0;0;0;
40;--;--;--;3609,1;65535;13799,5;10190,4;0;0;0;
41;--;--;--;3699,4;65535;14057,4;10358;0;0;0;
42;--;--;--;3625,4;65535;14413,6;10788,2;0;0;0;
43;--;--;--;3948,8;65535;15213,9;11265,1;0;0;0;
44;--;--;--;3656,3;65535;15691,3;12035;0;0;0;
45;--;--;--;3590,9;65535;16600,2;13009,3;0;0;0;
46;--;--;--;3732,5;65535;17259,8;13527,3;0;0;0;
47;--;--;--;3823,9;65535;17301,2;13477,3;0;0;0;
48;--;--;--;3713,3;65535;16921,6;13208,3;0;0;0;
49;--;--;--;3702,9;65535;16837;13134,1;0;0;0;
50;--;--;--;3682,1;65535;17266,8;13584,7;0;0;0;
51;--;--;--;3802,5;65535;18112,1;14309,6;0;0;0;
52;--;--;--;3651,4;65535;18449,6;14798,2;0;0;0;
53;--;--;--;3654,6;65535;18286,1;14631,5;0;0;0;
54;--;--;--;3566,9;65535;17569,5;14002,6;0;0;0;
55;--;--;--;3723;65535;16965,3;13242,3;0;0;0;
56;--;--;--;3826,2;65535;16439;12612,8;0;0;0;
57;--;--;--;3713,5;65535;15678,3;11964,8;0;0;0;
58;--;--;--;3588,2;65535;15039,6;11451,4;0;0;0;
59;--;--;--;3800,2;65535;14786,1;10985,9;0;0;0;
60;--;--;--;3851;65535;14561,5;10710,5;0;0;0;
61;--;--;--;3994,7;65535;14534;10539,3;0;0;0;
62;--;--;--;3641,3;65535;14081,9;10440,6;0;0;0;
63;--;--;--;3608,4;65535;13989;10380,6;0;0;0;
64;--;--;--;3793,1;65535;13758,7;9965,6;0;0;0;
65;--;--;--;3580,4;65535;13205,9;9625,5;0;0;0;
66;--;--;--;3913,9;65535;13381,8;9467,9;0;0;0;
67;--;--;--;3589,9;65535;13058,8;9468,9;0;0;0;
68;--;--;--;3530,6;65535;13101;9570,4;0;0;0;
69;--;--;--;3708,6;65535;13318,5;9609,9;0;0;0;
70;--;--;--;4400,5;65535;14094,6;9694,1;0;0;0;
71;--;--;--;3516,6;65535;13191,5;9674,9;0;0;0;
72;--;--;--;3514,2;65535;13263,2;9749;0;0;0;
73;794,03;12593,93;148,42;3708,7;65535;13770,6;10061,9;0;0;0;
74;794,18;12591,53;150,81;3535,5;65535;13831,6;10296,1;0;0;0;
75;794,34;12589,14;153,2;3529,9;65535;13721,5;10191,6;0;0;0;
76;794,49;12586,75;155,59;3618,7;65535;13467,3;9848,6;0;0;0;
77;794,64;12584,36;157,98;4898,8;65535;14384,7;9485,9;0;0;0;
78;794,79;12581,97;160,37;3810,7;65535;13086,2;9275,5;0;0;0;
79;794,94;12579,58;162,76;3700,4;65535;12994,1;9293,7;0;0;0;
80;795,09;12577,2;165,15;3873;65535;13165,5;9292,5;0;0;0;
81;795,24;12574,81;167,53;3830,9;65535;13223,5;9392,6;0;0;0;
82;795,39;12572,43;169,92;3638,6;65535;13118,7;9480,1;0;0;0;
83;795,54;12570,04;172,3;3615,7;65535;13248,2;9632,5;0;0;0;
84;795,69;12567,66;174,68;3775,8;65535;13610,5;9834,7;0;0;0;
85;795,84;12565,28;177,06;3981,6;65535;14108;10126,4;0;0;0;
86;795,99;12562,9;179,44;4207;65535;14777,9;10570,9;0;0;0;
87;796,15;12560,52;181,82;3642;65535;14608,5;10966,5;0;0;0;
88;796,3;12558,14;184,2;3713,5;65535;15129,6;11416,1;0;0;0;
89;796,45;12555,76;186,58;3645,1;65535;15362,7;11717,6;0;0;0;
90;796,6;12553,39;188,96;3738,7;65535;15579,3;11840,6;0;0;0;
91;796,75;12551,01;191,33;3763,5;65535;15518,4;11754,9;0;0;0;
92;796,9;12548,64;193,71;3566,9;65535;15317,3;11750,4;0;0;0;
93;797,05;12546,26;196,08;3631,4;65535;15272,1;11640,7;0;0;0;
94;797,2;12543,89;198,45;3702,8;65535;15312,5;11609,7;0;0;0;
95;797,35;12541,52;200,82;3606,1;65535;15018,3;11412,2;0;0;0;
96;797,5;12539,15;203,19;3559,5;65535;14891,3;11331,8;0;0;0;
97;797,65;12536,78;205,56;3859,8;65535;15192;11332,2;0;0;0;
98;797,8;12534,41;207,93;3752,2;65535;15134,7;11382,5;0;0;0;
99;797,95;12532,05;210,3;3628,6;65535;15084,2;11455,6;0;0;0;
100;798,1;12529,68;212,66;3649,8;65535;15321,9;11672,1;0;0;0;
101;798,26;12527,32;215,03;3725,5;65535;15791,6;12066,1;0;0;0;
102;798,41;12524,95;217,39;3532,3;65535;16178,9;12646,6;0;0;0;
103;798,56;12522,59;219,75;4715;65535;18254,8;13539,8;0;0;0;
104;798,71;12520,23;222,12;3567,8;65535;18099,8;14532;0;0;0;
105;798,86;12517,87;224,48;3516,6;65535;19401,3;15884,7;0;0;0;
106;799,01;12515,51;226,84;3877,6;65535;21429,9;17552,3;0;0;0;
107;799,16;12513,15;229,2;3619,9;65535;23289,9;19670;0;0;0;
108;799,31;12510,79;231,55;3573,6;65535;26415,3;22841,7;0;0;0;
109;799,46;12508,43;233,91;3645,5;65535;29880,5;26235;0;0;0;
110;799,61;12506,08;236,27;3620,8;65535;35267,6;31646,8;0;0;0;
111;799,76;12503,72;238,62;3569,7;65535;43385,5;39815,8;0;0;0;
112;799,91;12501,37;240,98;3607;65535;54045,1;50438,1;0;0;0;
113;800,06;12499,01;243,33;3638,7;65535;65535;61896,3;0;0;0;
114;800,21;12496,66;245,68;3692,8;65535;65535;61842,2;0;0;0;
115;800,36;12494,31;248,03;3522,6;65535;65535;62012,4;0;0;0;
116;800,51;12491,96;250,38;3638,6;65535;65535;61896,4;0;0;0;
117;800,67;12489,61;252,73;3536;65535;65535;61999;0;0;0;
118;800,82;12487,26;255,08;3594,3;65535;61656,7;58062,4;0;0;0;
119;800,97;12484,92;257,43;3677,3;65535;43197,2;39519,9;0;0;0;
120;801,12;12482,57;259,77;3652,2;65535;33033;29380,8;0;0;0;
121;801,27;12480,23;262,12;3520,6;65535;27043,5;23522,9;0;0;0;
122;801,42;12477,88;264,46;3677,8;65535;24299;20621,2;0;0;0;
123;801,57;12475,54;266,8;3638,9;65535;22991,8;19352,9;0;0;0;
124;801,72;12473,2;269,14;3702,2;65535;22879,5;19177,3;0;0;0;
125;801,87;12470,86;271,48;3680,4;65535;23601,8;19921,4;0;0;0;
126;802,02;12468,52;273,82;3520,1;65535;25059,3;21539,2;0;0;0;
127;802,17;12466,18;276,16;3683,6;65535;27108,7;23425,1;0;0;0;
128;802,32;12463,84;278,5;3597,6;65535;28048;24450,4;0;0;0;
129;802,47;12461,51;280,84;3686,3;65535;27913,3;24227;0;0;0;
130;802,62;12459,17;283,17;4346,8;65535;27449;23102,2;0;0;0;
131;802,77;12456,84;285,51;3663,6;65535;25249,7;21586,1;0;0;0;
132;802,92;12454,5;287,84;3919,3;65535;23691,1;19771,8;0;0;0;
133;803,07;12452,17;290,17;3622,7;65535;21542,6;17919,9;0;0;0;
134;803,22;12449,84;292,51;4120,7;65535;20906,1;16785,4;0;0;0;
135;803,37;12447,51;294,84;3612,5;65535;19971,3;16358,8;0;0;0;
136;803,52;12445,18;297,17;3665,4;65535;19960,5;16295,1;0;0;0;
137;803,67;12442,85;299,5;3619,4;65535;20004,7;16385,3;0;0;0;
138;803,82;12440,52;301,82;3634;65535;19993,8;16359,8;0;0;0;
139;803,98;12438,19;304,15;3914,9;65535;20371,5;16456,6;0;0;0;
140;804,13;12435,87;306,48;3719,7;65535;20131,4;16411,7;0;0;0;
141;804,28;12433,54;308,8;3590,2;65535;19504,2;15914;0;0;0;
142;804,43;12431,22;311,12;3559;65535;17923,5;14364,5;0;0;0;
143;804,58;12428,9;313,45;3551,5;65535;16263,4;12711,9;0;0;0;
144;804,73;12426,58;315,77;3726,1;65535;15453,7;11727,6;0;0;0;
145;804,88;12424,25;318,09;3633,2;65535;15025,2;11392;0;0;0;
146;805,03;12421,93;320,41;3661,1;65535;15190,6;11529,5;0;0;0;
147;805,18;12419,62;322,73;3702,9;65535;15563,1;11860,2;0;0;0;
148;805,33;12417,3;325,05;3776,1;65535;16398,1;12622;0;0;0;
149;805,48;12414,98;327,36;3778,4;65535;17724,6;13946,2;0;0;0;
150;805,63;12412,67;329,68;3758,7;65535;20050,7;16292;0;0;0;
151;805,78;12410,35;331,99;3852,9;65535;23334,9;19482;0;0;0;
152;805,93;12408,04;334,31;3818,3;65535;27940,2;24121,9;0;0;0;
153;806,08;12405,72;336,62;3532,5;65535;32666,5;29134;0;0;0;
154;806,23;12403,41;338,93;3618,2;65535;36372;32753,8;0;0;0;
155;806,38;12401,1;341,24;3600,8;65535;35073,2;31472,4;0;0;0;
156;806,53;12398,79;343,55;3645,3;65535;30325,5;26680,2;0;0;0;
157;806,68;12396,48;345,86;3837,5;65535;26643;22805,5;0;0;0;
158;806,83;12394,18;348,17;3678;65535;23721,4;20043,4;0;0;0;
159;806,98;12391,87;350,47;3542,6;65535;20867,1;17324,5;0;0;0;
160;807,13;12389,56;352,78;3676,1;65535;18333;14656,9;0;0;0;
161;807,28;12387,26;355,09;3568,2;65535;15972,9;12404,7;0;0;0;
162;807,43;12384,95;357,39;3816,4;65535;14682,6;10866,2;0;0;0;
163;807,58;12382,65;359,69;3873,2;65535;13651,3;9778,1;0;0;0;
164;807,73;12380,35;361,99;3551,7;65535;12676,6;9124,9;0;0;0;
165;807,88;12378,05;364,29;3750,6;65535;12401,3;8650,7;0;0;0;
166;808,03;12375,75;366,59;3670,8;65535;11989,9;8319,1;0;0;0;
167;808,18;12373,45;368,89;3780,3;65535;11889,9;8109,6;0;0;0;
168;808,33;12371,15;371,19;3602,5;65535;11551,3;7948,8;0;0;0;
169;808,48;12368,86;373,49;3727,1;65535;11656,9;7929,8;0;0;0;
170;808,63;12366,56;375,78;3809,4;65535;11692;7882,6;0;0;0;
171;808,78;12364,26;378,08;3583,4;65535;11359,4;7776;0;0;0;
172;808,93;12361,97;380,37;3690,3;65535;11342,1;7651,8;0;0;0;
173;809,08;12359,68;382,67;3665,2;65535;11274,1;7608,9;0;0;0;
174;809,23;12357,39;384,96;3797,4;65535;11321,2;7523,8;0;0;0;
175;809,38;12355,09;387,25;3673;65535;11136,8;7463,8;0;0;0;
176;809,53;12352,8;389,54;3622,5;65535;11047,8;7425,3;0;0;0;
177;809,68;12350,51;391,83;3860,2;65535;11197,9;7337,7;0;0;0;
178;809,83;12348,23;394,12;3824,1;65535;11115,4;7291,3;0;0;0;
179;809,98;12345,94;396,4;3923,1;65535;11182,9;7259,8;0;0;0;
180;810,13;12343,65;398,69;3688;65535;10887,4;7199,4;0;0;0;
181;810,28;12341,37;400,98;3676,4;65535;10802,3;7125,9;0;0;0;
182;810,43;12339,08;403,26;3693,5;65535;10769,4;7075,9;0;0;0;
183;810,58;12336,8;405,54;3783,4;65535;10866,5;7083,1;0;0;0;
184;810,73;12334,52;407,83;6599,2;65535;13265,3;6666,1;0;0;0;
185;810,88;12332,24;410,11;3675,8;65535;10717;7041,2;0;0;0;
186;811,03;12329,96;412,39;3562,6;65535;10582,8;7020,2;0;0;0;
187;811,18;12327,68;414,67;3582;65535;10620,1;7038,1;0;0;0;
188;811,33;12325,4;416,94;3727,7;65535;10812;7084,3;0;0;0;
189;811,48;12323,12;419,22;3608,8;65535;10699,6;7090,8;0;0;0;
190;811,63;12320,85;421,5;3727,2;65535;10819,3;7092,1;0;0;0;
191;811,78;12318,57;423,77;3838,3;65535;10916,2;7077,9;0;0;0;
192;811,93;12316,3;426,05;3757,1;65535;10879,2;7122,1;0;0;0;
193;812,08;12314,02;428,32;3878,3;65535;10987,2;7108,9;0;0;0;
194;812,23;12311,75;430,59;3623,5;65535;10756,1;7132,6;0;0;0;
195;812,38;12309,48;432,87;3674,5;65535;10758,3;7083,8;0;0;0;
196;812,53;12307,21;435,14;3698,6;65535;10757,7;7059,1;0;0;0;
197;812,68;12304,94;437,41;3604,1;65535;10673,2;7069,1;0;0;0;
198;812,83;12302,67;439,67;3712,8;65535;10761,5;7048,7;0;0;0;
199;812,98;12300,4;441,94;3653,1;65535;10707,6;7054,5;0;0;0;
200;813,13;12298,13;444,21;3672,9;65535;10704,3;7031,4;0;0;0;
201;813,28;12295,87;446,47;3588,6;65535;10608,8;7020,2;0;0;0;
202;813,43;12293,6;448,74;3607,4;65535;10591,2;6983,8;0;0;0;
203;813,58;12291,34;451;4046,4;65535;11129;7082,6;0;0;0;
204;813,73;12289,08;453,27;3708;65535;10860;7152;0;0;0;
205;813,88;12286,82;455,53;3825,9;65535;11013,2;7187,3;0;0;0;
206;814,03;12284,55;457,79;3674,4;65535;10919,5;7245,1;0;0;0;
207;814,18;12282,29;460,05;3554,4;65535;10838,6;7284,2;0;0;0;
208;814,33;12280,04;462,31;3545,5;65535;10873,2;7327,7;0;0;0;
209;814,48;12277,78;464,57;3575,4;65535;10986,6;7411,2;0;0;0;
210;814,63;12275,52;466,82;3621;65535;11042,8;7421,8;0;0;0;
211;814,78;12273,26;469,08;3558,4;65535;10999,9;7441,5;0;0;0;
212;814,93;12271,01;471,33;3766,6;65535;11275,6;7509;0;0;0;
213;815,08;12268,75;473,59;3601,5;65535;11057,5;7456;0;0;0;
214;815,23;12266,5;475,84;3714,7;65535;11186,5;7471,8;0;0;0;
215;815,38;12264,25;478,09;3615;65535;11019,7;7404,7;0;0;0;
216;815,53;12262;480,35;3731,2;65535;11173,9;7442,7;0;0;0;
217;815,68;12259,75;482,6;3783,9;65535;11269,2;7485,3;0;0;0;
218;815,83;12257,5;484,85;3843,9;65535;11336,6;7492,7;0;0;0;
219;815,98;12255,25;487,09;3715,4;65535;11236,8;7521,4;0;0;0;
220;816,13;12253;489,34;3622,3;65535;11129,3;7507;0;0;0;
221;816,28;12250,76;491,59;3644,9;65535;11135,2;7490,3;0;0;0;
222;816,43;12248,51;493,83;3603;65535;11111,9;7508,9;0;0;0;
223;816,58;12246,27;496,08;3683,5;65535;11174,9;7491,4;0;0;0;
224;816,73;12244,02;498,32;3668,3;65535;11115,7;7447,4;0;0;0;
225;816,87;12241,78;500,56;3564,3;65535;11010,5;7446,2;0;0;0;
226;817,02;12239,54;502,81;3761;65535;11150,4;7389,4;0;0;0;
227;817,17;12237,3;505,05;3669,7;65535;11090;7420,3;0;0;0;
228;817,32;12235,06;507,29;3753,4;65535;11166,1;7412,7;0;0;0;
229;817,47;12232,82;509,53;3729;65535;11092;7363;0;0;0;
230;817,62;12230,58;511,76;3669,9;65535;10994,8;7324,9;0;0;0;
231;817,77;12228,34;514;3700,6;65535;11022,6;7322;0;0;0;
232;817,92;12226,11;516,24;3751,2;65535;11071;7319,8;0;0;0;
233;818,07;12223,87;518,47;3865,6;65535;11213;7347,4;0;0;0;
234;818,22;12221,64;520,71;3576,2;65535;10867,4;7291,2;0;0;0;
235;818,37;12219,4;522,94;4224,4;65535;10969,8;6745,4;0;0;0;
236;818,52;12217,17;525,17;3574,1;65535;10855,1;7281;0;0;0;
237;818,67;12214,94;527,4;3697,5;65535;11034,2;7336,7;0;0;0;
238;818,82;12212,71;529,63;3562,5;65535;10875,8;7313,3;0;0;0;
239;818,97;12210,48;531,86;3889,1;65535;11177,9;7288,8;0;0;0;
240;819,12;12208,25;534,09;3751,7;65535;11028,1;7276,4;0;0;0;
241;819,27;12206,02;536,32;3703,3;65535;10950,3;7247;0;0;0;
242;819,42;12203,8;538,55;3772;65535;11034,2;7262,2;0;0;0;
243;819,57;12201,57;540,77;3806,7;65535;11083,1;7276,4;0;0;0;
244;819,72;12199,35;543;3744,3;65535;11077;7332,7;0;0;0;
245;819,87;12197,12;545,22;3926,1;65535;11253,8;7327,7;0;0;0;
246;820,01;12194,9;547,44;3805,5;65535;11103,6;7298,1;0;0;0;
247;820,16;12192,68;549,66;3650,5;65535;10980,1;7329,6;0;0;0;
248;820,31;12190,46;551,89;3574,1;65535;10870,7;7296,6;0;0;0;
249;820,46;12188,24;554,11;3628;65535;10886,7;7258,7;0;0;0;
250;820,61;12186,02;556,32;3730,4;65535;10992,2;7261,8;0;0;0;
251;820,76;12183,8;558,54;3656,4;65535;10984,5;7328,1;0;0;0;
252;820,91;12181,58;560,76;3795,3;65535;11122,3;7327;0;0;0;
253;821,06;12179,37;562,98;3689,1;65535;10993,6;7304,5;0;0;0;
254;821,21;12177,15;565,19;3667,6;65535;10959,7;7292,1;0;0;0;
255;821,36;12174,94;567,41;3686,8;65535;10972,7;7285,9;0;0;0;
256;821,51;12172,72;569,62;3695,8;65535;10970,4;7274,6;0;0;0;
257;821,66;12170,51;571,83;3589,5;65535;10836,1;7246,6;0;0;0;
258;821,81;12168,3;574,04;3553,1;65535;10745,3;7192,2;0;0;0;
259;821,96;12166,09;576,25;3683,4;65535;10885,9;7202,5;0;0;0;
260;822,11;12163,88;578,46;3868,8;65535;11103,8;7235;0;0;0;
261;822,26;12161,67;580,67;3709;65535;10902,6;7193,6;0;0;0;
262;822,4;12159,46;582,88;4146,2;65535;11343,1;7196,9;0;0;0;
263;822,55;12157,26;585,09;4032,9;65535;11275,4;7242,5;0;0;0;
264;822,7;12155,05;587,29;3784,6;65535;11010,4;7225,8;0;0;0;
265;822,85;12152,85;589,5;3837,7;65535;11108,8;7271,1;0;0;0;
266;823;12150,64;591,7;3518,8;65535;10815,6;7296,8;0;0;0;
267;823,15;12148,44;593,9;3565,2;65535;10866,7;7301,5;0;0;0;
268;823,3;12146,24;596,11;3588,1;65535;10871,1;7283;0;0;0;
269;823,45;12144,04;598,31;3714,5;65535;11025,9;7311,4;0;0;0;
270;823,6;12141,83;600,51;3555,2;65535;10890,2;7335;0;0;0;
271;823,75;12139,64;602,71;3647,7;65535;11035,1;7387,4;0;0;0;
272;823,9;12137,44;604,91;3631,8;65535;11000,2;7368,4;0;0;0;
273;824,05;12135,24;607,1;3672,8;65535;11082,4;7409,6;0;0;0;
274;824,2;12133,04;609,3;3691,8;65535;11129;7437,2;0;0;0;
275;824,34;12130,85;611,5;3712,8;65535;11165,9;7453,1;0;0;0;
276;824,49;12128,65;613,69;3550,3;65535;10997,4;7447,1;0;0;0;
277;824,64;12126,46;615,88;3760,3;65535;11265,8;7505,5;0;0;0;
278;824,79;12124,27;618,08;3570,7;65535;11148,4;7577,7;0;0;0;
279;824,94;12122,07;620,27;3655,5;65535;11208,2;7552,7;0;0;0;
280;825,09;12119,88;622,46;3712,6;65535;11327,4;7614,8;0;0;0;
281;825,24;12117,69;624,65;3673,8;65535;11262,1;7588,3;0;0;0;
282;825,39;12115,5;626,84;3719,8;65535;11307,8;7588;0;0;0;
283;825,54;12113,32;629,03;3689,4;65535;11295;7605,6;0;0;0;
284;825,69;12111,13;631,22;3686,5;65535;11348,8;7662,3;0;0;0;
285;825,84;12108,94;633,4;3669;65535;11368,5;7699,5;0;0;0;
286;825,99;12106,76;635,59;3711,6;65535;11445;7733,4;0;0;0;
287;826,13;12104,57;637,77;3574,3;65535;11311,4;7737,1;0;0;0;
288;826,28;12102,39;639,96;3524,1;65535;11246;7721,9;0;0;0;
289;826,43;12100,2;642,14;3531,8;65535;11387,9;7856,1;0;0;0;
290;826,58;12098,02;644,32;3619,9;65535;11466;7846,1;0;0;0;
291;826,73;12095,84;646,5;3636,5;65535;11427,9;7791,4;0;0;0;
292;826,88;12093,66;648,68;3721;65535;11505,9;7784,9;0;0;0;
293;827,03;12091,48;650,86;3558,9;65535;11384,6;7825,7;0;0;0;
294;827,18;12089,3;653,04;3684,9;65535;11570,8;7885,9;0;0;0;
295;827,33;12087,13;655,22;3748,3;65535;11587,7;7839,4;0;0;0;
296;827,48;12084,95;657,39;3742,9;65535;11629,8;7886,9;0;0;0;
297;827,62;12082,78;659,57;3531,8;65535;11441,7;7909,9;0;0;0;
298;827,77;12080,6;661,74;3594,1;65535;11504,3;7910,2;0;0;0;
299;827,92;12078,43;663,92;4632;65535;12527,2;7895,2;0;0;0;
300;828,07;12076,26;666,09;3665,5;65535;11583,3;7917,8;0;0;0;
301;828,22;12074,08;668,26;3627,9;65535;11530,6;7902,7;0;0;0;
302;828,37;12071,91;670,43;3858,7;65535;11788;7929,3;0;0;0;
303;828,52;12069,74;672,6;3534,9;65535;11462,9;7928;0;0;0;
304;828,67;12067,57;674,77;3574,8;65535;11487,3;7912,5;0;0;0;
305;828,82;12065,41;676,94;3823,1;65535;11719,7;7896,6;0;0;0;
306;828,96;12063,24;679,1;3718,5;65535;11594,3;7875,8;0;0;0;
307;829,11;12061,07;681,27;3601,5;65535;11438,8;7837,3;0;0;0;
308;829,26;12058,91;683,44;3654,8;65535;11455,5;7800,7;0;0;0;
309;829,41;12056,74;685,6;3596,6;65535;11342,5;7745,9;0;0;0;
310;829,56;12054,58;687,76;3699,9;65535;11380,2;7680,3;0;0;0;
311;829,71;12052,42;689,93;3724,7;65535;11444,8;7720,1;0;0;0;
312;829,86;12050,26;692,09;4099,3;65535;11777,7;7678,4;0;0;0;
313;830,01;12048,09;694,25;3714,3;65535;11371,3;7657;0;0;0;
314;830,16;12045,93;696,41;3731,5;65535;11369,3;7637,8;0;0;0;
315;830,3;12043,78;698,57;3594,6;65535;11236,1;7641,5;0;0;0;
316;830,45;12041,62;700,73;3701,3;65535;11307,4;7606,1;0;0;0;
317;830,6;12039,46;702,88;3597,3;65535;11183,8;7586,5;0;0;0;
318;830,75;12037,3;705,04;3586,8;65535;11193,8;7607;0;0;0;
319;830,9;12035,15;707,19;3715,1;65535;11351,1;7636;0;0;0;
320;831,05;12032,99;709,35;3719,7;65535;11434,4;7714,7;0;0;0;
321;831,2;12030,84;711,5;3639,3;65535;11279,4;7640,1;0;0;0;
322;831,35;12028,69;713,65;3691,8;65535;11193,9;7502,1;0;0;0;
323;831,49;12026,54;715,81;3933,4;65535;11393;7459,6;0;0;0;
324;831,64;12024,39;717,96;3742,1;65535;11181,6;7439,5;0;0;0;
325;831,79;12022,24;720,11;3763,9;65535;11215,9;7452;0;0;0;
326;831,94;12020,09;722,26;3870,9;65535;11326,2;7455,3;0;0;0;
327;832,09;12017,94;724,4;3589,4;65535;11034,8;7445,4;0;0;0;
328;832,24;12015,79;726,55;3704,9;65535;11141,9;7437;0;0;0;
329;832,39;12013,65;728,7;3685,5;65535;11094,6;7409,1;0;0;0;
330;832,54;12011,5;730,84;3570,2;65535;10985,6;7415,4;0;0;0;
331;832,68;12009,36;732,99;3685,5;65535;11160,8;7475,3;0;0;0;
332;832,83;12007,21;735,13;3698,7;65535;11166,4;7467,7;0;0;0;
333;832,98;12005,07;737,27;3980,7;65535;11459,6;7478,9;0;0;0;
334;833,13;12002,93;739,42;3735,8;65535;11217,3;7481,5;0;0;0;
335;833,28;12000,79;741,56;3626,7;65535;11114,4;7487,7;0;0;0;
336;833,43;11998,65;743,7;3934,6;65535;11427;7492,4;0;0;0;
337;833,58;11996,51;745,84;3699,7;65535;11187,5;7487,8;0;0;0;
338;833,72;11994,37;747,97;3728,9;65535;11161,6;7432,7;0;0;0;
339;833,87;11992,23;750,11;4178,4;65535;11641,9;7463,5;0;0;0;
340;834,02;11990,1;752,25;4471,9;65535;11992,9;7521;0;0;0;
341;834,17;11987,96;754,38;3528,5;65535;11030,7;7502,2;0;0;0;
342;834,32;11985,83;756,52;3736,2;65535;11264,6;7528,4;0;0;0;
343;834,47;11983,69;758,65;3670,5;65535;11191,2;7520,7;0;0;0;
344;834,62;11981,56;760,78;3708,1;65535;11227,5;7519,4;0;0;0;
345;834,76;11979,43;762,92;3691,4;65535;11286,6;7595,2;0;0;0;
346;834,91;11977,3;765,05;3910,5;65535;11573,2;7662,7;0;0;0;
347;835,06;11975,17;767,18;3778,5;65535;11583,3;7804,8;0;0;0;
348;835,21;11973,04;769,31;3619,7;65535;11312,8;7693,1;0;0;0;
349;835,36;11970,91;771,43;3542,4;65535;11362,1;7819,7;0;0;0;
350;835,51;11968,78;773,56;3689,2;65535;11608,9;7919,7;0;0;0;
351;835,66;11966,66;775,69;3706,1;65535;11712,7;8006,6;0;0;0;
352;835,8;11964,53;777,81;3673,4;65535;11713,7;8040,3;0;0;0;
353;835,95;11962,4;779,94;3585,9;65535;11712,1;8126,2;0;0;0;
354;836,1;11960,28;782,06;3688,2;65535;11800,2;8112;0;0;0;
355;836,25;11958,16;784,19;3634,1;65535;11815,7;8181,6;0;0;0;
356;836,4;11956,04;786,31;3594,5;65535;11792,7;8198,2;0;0;0;
357;836,55;11953,91;788,43;3704,8;65535;11935;8230,2;0;0;0;
358;836,69;11951,79;790,55;3732,8;65535;11973,7;8240,9;0;0;0;
359;836,84;11949,68;792,67;3651,4;65535;11927,8;8276,4;0;0;0;
360;836,99;11947,56;794,79;3665,8;65535;11934,6;8268,8;0;0;0;
361;837,14;11945,44;796,9;3615,4;65535;11916,8;8301,4;0;0;0;
362;837,29;11943,32;799,02;3695,1;65535;11983,5;8288,4;0;0;0;
363;837,44;11941,21;801,14;3650,4;65535;11996,7;8346,3;0;0;0;
364;837,58;11939,09;803,25;3821,4;65535;12122,1;8300,7;0;0;0;
365;837,73;11936,98;805,37;3667,9;65535;11949,7;8281,8;0;0;0;
366;837,88;11934,86;807,48;3641,3;65535;11864,8;8223,5;0;0;0;
367;838,03;11932,75;809,59;3669,4;65535;11850,5;8181,1;0;0;0;
368;838,18;11930,64;811,7;3777,1;65535;11960,7;8183,6;0;0;0;
369;838,33;11928,53;813,81;3689,5;65535;11815,8;8126,3;0;0;0;
370;838,47;11926,42;815,92;3579,8;65535;11724,1;8144,3;0;0;0;
371;838,62;11924,31;818,03;3565,4;65535;11589,3;8023,9;0;0;0;
372;838,77;11922,2;820,14;3699,9;65535;11661,4;7961,5;0;0;0;
373;838,92;11920,1;822,25;3800,8;65535;11749,2;7948,4;0;0;0;
374;839,07;11917,99;824,35;3799,6;65535;11690,6;7891;0;0;0;
375;839,22;11915,88;826,46;3668,9;65535;11509,6;7840,7;0;0;0;
376;839,36;11913,78;828,56;3679,2;65535;11551,9;7872,7;0;0;0;
377;839,51;11911,68;830,67;3592;65535;11446,7;7854,7;0;0;0;
378;839,66;11909,57;832,77;3691,6;65535;11540,2;7848,6;0;0;0;
379;839,81;11907,47;834,87;3702,3;65535;11534,2;7831,9;0;0;0;
380;839,96;11905,37;836,97;3642,8;65535;11474,4;7831,6;0;0;0;
381;840,11;11903,27;839,07;3762,2;65535;11530;7767,8;0;0;0;
382;840,25;11901,17;841,17;3524,9;65535;11328,5;7803,6;0;0;0;
383;840,4;11899,07;843,27;3613,3;65535;11430,1;7816,8;0;0;0;
384;840,55;11896,98;845,37;3662,1;65535;11520,7;7858,6;0;0;0;
385;840,7;11894,88;847,46;3588,3;65535;11451;7862,7;0;0;0;
386;840,85;11892,79;849,56;3748,7;65535;11584,1;7835,4;0;0;0;
387;840,99;11890,69;851,65;3919,4;65535;11782,2;7862,8;0;0;0;
388;841,14;11888,6;853,75;3583,1;65535;11453;7869,9;0;0;0;
389;841,29;11886,5;855,84;3720,1;65535;11642,9;7922,8;0;0;0;
390;841,44;11884,41;857,93;3599,9;65535;11524,7;7924,8;0;0;0;
391;841,59;11882,32;860,02;4263,9;65535;12212,6;7948,7;0;0;0;
392;841,73;11880,23;862,11;3586,3;65535;11568;7981,7;0;0;0;
393;841,88;11878,14;864,2;3738,7;65535;11754,8;8016,1;0;0;0;
394;842,03;11876,05;866,29;3586,8;65535;11645,5;8058,7;0;0;0;
395;842,18;11873,96;868,38;3624,4;65535;11799,8;8175,4;0;0;0;
396;842,33;11871,88;870,47;4722,7;65535;12891,4;8168,7;0;0;0;
397;842,47;11869,79;872,55;4299,5;65535;12597,8;8298,3;0;0;0;
398;842,62;11867,71;874,64;3673,8;65535;12029,3;8355,5;0;0;0;
399;842,77;11865,62;876,72;3653,1;65535;12037,8;8384,7;0;0;0;
400;842,92;11863,54;878,81;3596,2;65535;11955,4;8359,2;0;0;0;
401;843,07;11861,46;880,89;3723,3;65535;12157,3;8434;0;0;0;
402;843,21;11859,37;882,97;3706,5;65535;12151,1;8444,6;0;0;0;
403;843,36;11857,29;885,05;3699,1;65535;12135,9;8436,8;0;0;0;
404;843,51;11855,21;887,13;3706,8;65535;12145,5;8438,7;0;0;0;
405;843,66;11853,13;889,21;3845,1;65535;12274,3;8429,2;0;0;0;
406;843,81;11851,06;891,29;3545,5;65535;12054,5;8509;0;0;0;
407;843,95;11848,98;893,36;3630,7;65535;12215,5;8584,8;0;0;0;
408;844,1;11846,9;895,44;3571,9;65535;12185,8;8613,9;0;0;0;
409;844,25;11844,83;897,52;3638;65535;12292,7;8654,7;0;0;0;
410;844,4;11842,75;899,59;3580,9;65535;12228,4;8647,5;0;0;0;
411;844,55;11840,68;901,67;3660,8;65535;12312,9;8652,1;0;0;0;
412;844,69;11838,61;903,74;3700,3;65535;12346,1;8645,8;0;0;0;
413;844,84;11836,53;905,81;3612,9;65535;12284,1;8671,2;0;0;0;
414;844,99;11834,46;907,88;3671,8;65535;12331,7;8659,9;0;0;0;
415;845,14;11832,39;909,95;3589,4;65535;12279,9;8690,5;0;0;0;
416;845,29;11830,32;912,02;3535,7;65535;12196,6;8660,9;0;0;0;
417;845,43;11828,25;914,09;3596,6;65535;12204,9;8608,3;0;0;0;
418;845,58;11826,19;916,16;3584,1;65535;12180,2;8596,1;0;0;0;
419;845,73;11824,12;918,23;3793,5;65535;12351,2;8557,7;0;0;0;
420;845,88;11822,05;920,29;3593,1;65535;12073,2;8480,1;0;0;0;
421;846,02;11819,99;922,36;3644,1;65535;12076,5;8432,4;0;0;0;
422;846,17;11817,92;924,42;3571,9;65535;12023,6;8451,7;0;0;0;
423;846,32;11815,86;926,48;3499;65535;11938,2;8439,2;0;0;0;
424;846,47;11813,8;928,55;3705;65535;12108,2;8403,2;0;0;0;
425;846,62;11811,73;930,61;3826,7;65535;12282,9;8456,2;0;0;0;
426;846,76;11809,67;932,67;3531,4;65535;11988,4;8457;0;0;0;
427;846,91;11807,61;934,73;3689,2;65535;12132,8;8443,6;0;0;0;
428;847,06;11805,55;936,79;3585,1;65535;12008,6;8423,5;0;0;0;
429;847,21;11803,5;938,85;3644,2;65535;12035,5;8391,3;0;0;0;
430;847,35;11801,44;940,9;3726,9;65535;12074,8;8347,9;0;0;0;
431;847,5;11799,38;942,96;3695,3;65535;12055,7;8360,4;0;0;0;
432;847,65;11797,33;945,02;3773,6;65535;12115,3;8341,7;0;0;0;
433;847,8;11795,27;947,07;3528,1;65535;11834,1;8306;0;0;0;
434;847,95;11793,22;949,13;3645,6;65535;11976,7;8331,1;0;0;0;
435;848,09;11791,16;951,18;3602,2;65535;11946,6;8344,4;0;0;0;
436;848,24;11789,11;953,23;3644,9;65535;11978,1;8333,2;0;0;0;
437;848,39;11787,06;955,28;3561,3;65535;11884;8322,7;0;0;0;
438;848,54;11785,01;957,33;3747,2;65535;12088,1;8340,9;0;0;0;
439;848,68;11782,96;959,38;3559,1;65535;11922,4;8363,3;0;0;0;
440;848,83;11780,91;961,43;3648,3;65535;11968,1;8319,8;0;0;0;
441;848,98;11778,86;963,48;3790,2;65535;12101,9;8311,7;0;0;0;
442;849,13;11776,81;965,53;3847,5;65535;12140;8292,5;0;0;0;
443;849,27;11774,77;967,58;3809,9;65535;12125,6;8315,7;0;0;0;
444;849,42;11772,72;969,62;3680,9;65535;12001,6;8320,7;0;0;0;
445;849,57;11770,68;971,67;3727;65535;12071,1;8344,1;0;0;0;
446;849,72;11768,63;973,71;3733,5;65535;12074,5;8341;0;0;0;
447;849,86;11766,59;975,75;4177,1;65535;12486,6;8309,5;0;0;0;
448;850,01;11764,55;977,79;4062,1;65535;12435,8;8373,7;0;0;0;
449;850,16;11762,51;979,84;3873,9;65535;12292,1;8418,2;0;0;0;
450;850,31;11760,47;981,88;3839;65535;12265,3;8426,3;0;0;0;
451;850,45;11758,43;983,92;3776,6;65535;12232,3;8455,7;0;0;0;
452;850,6;11756,39;985,95;3608,9;65535;12094,9;8486;0;0;0;
453;850,75;11754,35;987,99;3967,1;65535;12437,2;8470,1;0;0;0;
454;850,9;11752,31;990,03;3643,5;65535;12146,9;8503,4;0;0;0;
455;851,04;11750,28;992,07;3639,3;65535;12216,2;8576,9;0;0;0;
456;851,19;11748,24;994,1;3710,2;65535;12301,9;8591,7;0;0;0;
457;851,34;11746,21;996,14;3731,1;65535;12386,7;8655,6;0;0;0;
458;851,49;11744,17;998,17;3672,9;65535;12387,6;8714,7;0;0;0;
459;851,63;11742,14;1000,2;3619,8;65535;12434,2;8814,4;0;0;0;
460;851,78;11740,11;1002,23;3646,5;65535;12512,7;8866,2;0;0;0;
461;851,93;11738,08;1004,27;3553,7;65535;12508,1;8954,4;0;0;0;
462;852,08;11736,05;1006,3;3648,6;65535;12688,3;9039,7;0;0;0;
463;852,22;11734,02;1008,33;3552,8;65535;12664,7;9111,9;0;0;0;
464;852,37;11731,99;1010,35;3717,6;65535;12913,6;9196;0;0;0;
465;852,52;11729,96;1012,38;3695,7;65535;12939,2;9243,5;0;0;0;
466;852,67;11727,93;1014,41;3697,5;65535;12944,1;9246,6;0;0;0;
467;852,81;11725,91;1016,44;3722,2;65535;13022,9;9300,7;0;0;0;
468;852,96;11723,88;1018,46;3797,8;65535;13111,4;9313,6;0;0;0;
469;853,11;11721,86;1020,49;3668,9;65535;13005,7;9336,8;0;0;0;
470;853,25;11719,83;1022,51;3691,2;65535;12962,7;9271,5;0;0;0;
471;853,4;11717,81;1024,53;3719,8;65535;13076,6;9356,8;0;0;0;
472;853,55;11715,79;1026,55;3693,6;65535;13049,6;9356;0;0;0;
473;853,7;11713,77;1028,58;3651,1;65535;12973,3;9322,2;0;0;0;
474;853,84;11711,75;1030,6;3665,6;65535;12993,2;9327,6;0;0;0;
475;853,99;11709,73;1032,61;3644;65535;13041,3;9397,3;0;0;0;
476;854,14;11707,71;1034,63;3697,1;65535;13049,9;9352,8;0;0;0;
477;854,29;11705,69;1036,65;3588,6;65535;12974,3;9385,7;0;0;0;
478;854,43;11703,68;1038,67;3635,9;65535;13048,7;9412,8;0;0;0;
479;854,58;11701,66;1040,68;3642,4;65535;13084,5;9442,1;0;0;0;
480;854,73;11699,64;1042,7;3703,6;65535;13171,7;9468,1;0;0;0;
481;854,87;11697,63;1044,71;3588,8;65535;13034,3;9445,5;0;0;0;
482;855,02;11695,62;1046,73;3875,8;65535;13327,9;9452,1;0;0;0;
483;855,17;11693,6;1048,74;3599,8;65535;13070,2;9470,4;0;0;0;
484;855,32;11691,59;1050,75;3638,7;65535;13125,5;9486,8;0;0;0;
485;855,46;11689,58;1052,76;3674,8;65535;13230,7;9555,9;0;0;0;
486;855,61;11687,57;1054,77;3699,6;65535;13232,6;9533;0;0;0;
487;855,76;11685,56;1056,78;3616,6;65535;13171,5;9554,9;0;0;0;
488;855,9;11683,55;1058,79;3815,8;65535;13351,9;9536,1;0;0;0;
489;856,05;11681,54;1060,8;3666,3;65535;13286;9619,7;0;0;0;
490;856,2;11679,54;1062,81;3638,3;65535;13269,7;9631,4;0;0;0;
491;856,35;11677,53;1064,81;5387,5;65535;14997,5;9610;0;0;0;
492;856,49;11675,53;1066,82;3624,8;65535;13279,3;9654,5;0;0;0;
493;856,64;11673,52;1068,82;3616,1;65535;13280,7;9664,6;0;0;0;
494;856,79;11671,52;1070,83;3603,7;65535;13250,5;9646,8;0;0;0;
495;856,93;11669,51;1072,83;3691,7;65535;13402,4;9710,7;0;0;0;
496;857,08;11667,51;1074,83;3638,5;65535;13465,3;9826,8;0;0;0;
497;857,23;11665,51;1076,83;3697,4;65535;13661,4;9964;0;0;0;
498;857,37;11663,51;1078,83;3649,9;65535;13979,7;10329,8;0;0;0;
499;857,52;11661,51;1080,83;3671,3;65535;14511,7;10840,4;0;0;0;
500;857,67;11659,51;1082,83;3699,8;65535;15216;11516,2;0;0;0;
501;857,82;11657,51;1084,83;3663,3;65535;15403,5;11740,2;0;0;0;
502;857,96;11655,52;1086,83;3680,3;65535;14443,8;10763,5;0;0;0;
503;858,11;11653,52;1088,82;3578,2;65535;13626,1;10047,9;0;0;0;
504;858,26;11651,53;1090,82;3651,2;65535;13427,5;9776,3;0;0;0;
505;858,4;11649,53;1092,81;3659,9;65535;13353,3;9693,4;0;0;0;
506;858,55;11647,54;1094,81;3709;65535;13404,9;9695,9;0;0;0;
507;858,7;11645,54;1096,8;3680,2;65535;13385,9;9705,7;0;0;0;
508;858,84;11643,55;1098,79;3708,9;65535;13352,2;9643,3;0;0;0;
509;858,99;11641,56;1100,78;3687,5;65535;13225,6;9538,1;0;0;0;
510;859,14;11639,57;1102,77;3780,4;65535;13273,7;9493,3;0;0;0;
511;859,29;11637,58;1104,76;3690,3;65535;13148,2;9457,9;0;0;0;
512;859,43;11635,59;1106,75;3576,9;65535;12988,7;9411,8;0;0;0;
513;859,58;11633,6;1108,74;3610;65535;12962,2;9352,2;0;0;0;
514;859,73;11631,62;1110,73;3735,3;65535;13023,5;9288,2;0;0;0;
515;859,87;11629,63;1112,71;3728,4;65535;12998,2;9269,8;0;0;0;
516;860,02;11627,65;1114,7;3737,3;65535;12993,5;9256,2;0;0;0;
517;860,17;11625,66;1116,68;3649;65535;12911,7;9262,7;0;0;0;
518;860,31;11623,68;1118,67;3653,1;65535;12930,9;9277,8;0;0;0;
519;860,46;11621,69;1120,65;3719,2;65535;13024,7;9305,5;0;0;0;
520;860,61;11619,71;1122,63;3865,3;65535;13218,1;9352,8;0;0;0;
521;860,75;11617,73;1124,61;3564,7;65535;12950,6;9385,9;0;0;0;
522;860,9;11615,75;1126,59;3608,9;65535;13067,7;9458,8;0;0;0;
523;861,05;11613,77;1128,57;3780;65535;13243,4;9463,4;0;0;0;
524;861,19;11611,79;1130,55;3614,1;65535;13102,8;9488,7;0;0;0;
525;861,34;11609,81;1132,53;3614,7;65535;13205,4;9590,7;0;0;0;
526;861,49;11607,83;1134,51;3642,7;65535;13241,7;9599;0;0;0;
527;861,63;11605,86;1136,49;3608,9;65535;13279,6;9670,7;0;0;0;
528;861,78;11603,88;1138,46;3594,8;65535;13335,9;9741,1;0;0;0;
529;861,93;11601,91;1140,44;3725,4;65535;13443,4;9718;0;0;0;
530;862,07;11599,93;1142,41;3576,7;65535;13341,5;9764,8;0;0;0;
531;862,22;11597,96;1144,38;4047,5;65535;13882,6;9835,1;0;0;0;
532;862,37;11595,99;1146,36;3529,2;65535;13366,8;9837,6;0;0;0;
533;862,51;11594,02;1148,33;3714,7;65535;13647,8;9933,1;0;0;0;
534;862,66;11592,04;1150,3;3759,2;65535;13728,7;9969,5;0;0;0;
535;862,81;11590,07;1152,27;3598,3;65535;13625,6;10027,3;0;0;0;
536;862,95;11588,11;1154,24;3731,2;65535;13814,4;10083,2;0;0;0;
537;863,1;11586,14;1156,21;3762,6;65535;13892,8;10130,2;0;0;0;
538;863,25;11584,17;1158,17;3619,8;65535;13801;10181,2;0;0;0;
539;863,39;11582,2;1160,14;3639,7;65535;13871,6;10231,9;0;0;0;
540;863,54;11580,24;1162,11;3515,7;65535;13809,1;10293,4;0;0;0;
541;863,69;11578,27;1164,07;3579,7;65535;13860,8;10281,1;0;0;0;
542;863,83;11576,31;1166,04;3940,7;65535;14288,1;10347,4;0;0;0;
543;863,98;11574,34;1168;3746,3;65535;14099,8;10353,5;0;0;0;
544;864,13;11572,38;1169,96;3653,1;65535;14038,2;10385,1;0;0;0;
545;864,27;11570,42;1171,92;3676;65535;14096,4;10420,4;0;0;0;
546;864,42;11568,46;1173,89;3695,5;65535;14124,9;10429,4;0;0;0;
547;864,57;11566,5;1175,85;3591,6;65535;14087,1;10495,5;0;0;0;
548;864,71;11564,54;1177,81;3701,4;65535;14213,8;10512,4;0;0;0;
549;864,86;11562,58;1179,76;3583,9;65535;14107,6;10523,7;0;0;0;
550;865,01;11560,62;1181,72;4220,8;65535;14968,8;10748;0;0;0;
551;865,15;11558,66;1183,68;5198,3;65535;16078,1;10879,8;0;0;0;
552;865,3;11556,71;1185,64;3611,5;65535;14114,7;10503,2;0;0;0;
553;865,44;11554,75;1187,59;3772,3;65535;14294,9;10522,6;0;0;0;
554;865,59;11552,8;1189,55;3760,1;65535;14274;10513,9;0;0;0;
555;865,74;11550,84;1191,5;3730,5;65535;14248,6;10518,1;0;0;0;
556;865,88;11548,89;1193,45;3750,5;65535;14181;10430,5;0;0;0;
557;866,03;11546,94;1195,41;3696,8;65535;14173,4;10476,6;0;0;0;
558;866,18;11544,99;1197,36;4028,4;65535;14409,2;10380,8;0;0;0;
559;866,32;11543,04;1199,31;3691,4;65535;14058,8;10367,4;0;0;0;
560;866,47;11541,09;1201,26;3748;65535;14147,9;10399,9;0;0;0;
561;866,62;11539,14;1203,21;3601,7;65535;13951,7;10350;0;0;0;
562;866,76;11537,19;1205,16;4136,7;65535;14431;10294,3;0;0;0;
563;866,91;11535,24;1207,1;4057,3;65535;14328,4;10271,1;0;0;0;
564;867,05;11533,29;1209,05;3775,2;65535;13987,1;10211,9;0;0;0;
565;867,2;11531,35;1211;3695;65535;13915,1;10220,1;0;0;0;
566;867,35;11529,4;1212,94;3890,2;65535;14004;10113,8;0;0;0;
567;867,49;11527,46;1214,88;3575;65535;13689,5;10114,5;0;0;0;
568;867,64;11525,51;1216,83;3628,7;65535;13699;10070,3;0;0;0;
569;867,79;11523,57;1218,77;4074,3;65535;14067,2;9992,9;0;0;0;
570;867,93;11521,63;1220,71;3634,6;65535;13566,9;9932,3;0;0;0;
571;868,08;11519,69;1222,65;3716,4;65535;13627,6;9911,2;0;0;0;
572;868,23;11517,75;1224,59;3700;65535;13606,4;9906,4;0;0;0;
573;868,37;11515,81;1226,53;3713,9;65535;13667,3;9953,4;0;0;0;
574;868,52;11513,87;1228,47;3720,1;65535;13702,4;9982,3;0;0;0;
575;868,66;11511,93;1230,41;3858,7;65535;13965,2;10106,5;0;0;0;
576;868,81;11510;1232,35;3928,6;65535;14380,3;10451,7;0;0;0;
577;868,96;11508,06;1234,28;3628,6;65535;14018,7;10390,1;0;0;0;
578;869,1;11506,12;1236,22;3615,8;65535;13962,9;10347,1;0;0;0;
579;869,25;11504,19;1238,15;3756,8;65535;14180,5;10423,7;0;0;0;
580;869,39;11502,25;1240,09;3659,8;65535;14130,7;10470,9;0;0;0;
581;869,54;11500,32;1242,02;3711,2;65535;14213,3;10502,1;0;0;0;
582;869,69;11498,39;1243,95;5939,1;65535;16585,6;10646,5;0;0;0;
583;869,83;11496,46;1245,89;3606,1;65535;14263,6;10657,5;0;0;0;
584;869,98;11494,53;1247,82;3647,9;65535;14351,2;10703,3;0;0;0;
585;870,13;11492,6;1249,75;4019,1;65535;14734,2;10715,1;0;0;0;
586;870,27;11490,67;1251,68;3644,7;65535;14391,7;10747;0;0;0;
587;870,42;11488,74;1253,6;3573,2;65535;14307,7;10734,5;0;0;0;
588;870,56;11486,81;1255,53;3652,1;65535;14384,6;10732,5;0;0;0;
589;870,71;11484,88;1257,46;3675,7;65535;14411,5;10735,8;0;0;0;
590;870,86;11482,96;1259,39;3574,6;65535;14263,7;10689,1;0;0;0;
591;871;11481,03;1261,31;3878,5;65535;14557,3;10678,8;0;0;0;
592;871,15;11479,11;1263,24;5637;65535;16403,5;10766,5;0;0;0;
593;871,29;11477,18;1265,16;3692,3;65535;14495,4;10803,1;0;0;0;
594;871,44;11475,26;1267,08;3695,9;65535;14471,3;10775,4;0;0;0;
595;871,59;11473,34;1269;3696;65535;14536,1;10840,1;0;0;0;
596;871,73;11471,42;1270,93;3570,1;65535;14410,1;10840;0;0;0;
597;871,88;11469,5;1272,85;3743,2;65535;14657,5;10914,3;0;0;0;
598;872,02;11467,58;1274,77;3719,6;65535;14599;10879,4;0;0;0;
599;872,17;11465,66;1276,68;3639;65535;14535,1;10896,1;0;0;0;
600;872,32;11463,74;1278,6;3752,8;65535;14740,1;10987,3;0;0;0;
601;872,46;11461,82;1280,52;3890,2;65535;14974,7;11084,5;0;0;0;
602;872,61;11459,91;1282,44;4269,3;65535;15394,2;11124,9;0;0;0;
603;872,75;11457,99;1284,35;3673,5;65535;14793,7;11120,2;0;0;0;
604;872,9;11456,08;1286,27;3616;65535;14766,5;11150,5;0;0;0;
605;873,05;11454,16;1288,18;3702,1;65535;14868,5;11166,4;0;0;0;
606;873,19;11452,25;1290,1;3638,6;65535;14816,3;11177,7;0;0;0;
607;873,34;11450,33;1292,01;3773,9;65535;14971,2;11197,3;0;0;0;
608;873,48;11448,42;1293,92;3666,5;65535;14857,2;11190,7;0;0;0;
609;873,63;11446,51;1295,83;3755,2;65535;14995,4;11240,2;0;0;0;
610;873,77;11444,6;1297,74;3672,5;65535;14930,8;11258,3;0;0;0;
611;873,92;11442,69;1299,65;3730,6;65535;15059,7;11329,1;0;0;0;
612;874,07;11440,78;1301,56;3677;65535;14965,4;11288,4;0;0;0;
613;874,21;11438,87;1303,47;3699,1;65535;15044,7;11345,6;0;0;0;
614;874,36;11436,97;1305,38;3709,5;65535;15055,8;11346,3;0;0;0;
615;874,5;11435,06;1307,28;3789,1;65535;15177,6;11388,5;0;0;0;
616;874,65;11433,16;1309,19;3536,9;65535;14957;11420,1;0;0;0;
617;874,79;11431,25;1311,09;3628,7;65535;15038,1;11409,4;0;0;0;
618;874,94;11429,35;1313;3602,5;65535;15014,5;11412;0;0;0;
619;875,09;11427,44;1314,9;3758,3;65535;15189,5;11431,2;0;0;0;
620;875,23;11425,54;1316,8;4001,6;65535;15475,2;11473,6;0;0;0;
621;875,38;11423,64;1318,71;3855,9;65535;15326,7;11470,8;0;0;0;
622;875,52;11421,74;1320,61;3847,7;65535;15301,1;11453,4;0;0;0;
623;875,67;11419,84;1322,51;3685,8;65535;15165,3;11479,5;0;0;0;
624;875,81;11417,94;1324,41;3561,9;65535;15075,9;11514;0;0;0;
625;875,96;11416,04;1326,3;3681,9;65535;15287;11605,1;0;0;0;
626;876,11;11414,14;1328,2;3631,6;65535;15270;11638,4;0;0;0;
627;876,25;11412,24;1330,1;3616,9;65535;15000,6;11383,7;0;0;0;
628;876,4;11410,35;1332;3737,3;65535;14991,4;11254,1;0;0;0;
629;876,54;11408,45;1333,89;3730,4;65535;15011,6;11281,2;0;0;0;
630;876,69;11406,56;1335,79;3762,1;65535;15058,6;11296,5;0;0;0;
631;876,83;11404,66;1337,68;3918,8;65535;15155,8;11237;0;0;0;
632;876,98;11402,77;1339,57;3687,9;65535;14899,8;11211,9;0;0;0;
633;877,13;11400,88;1341,47;3671,2;65535;14697,8;11026,6;0;0;0;
634;877,27;11398,98;1343,36;3724,3;65535;14600,5;10876,2;0;0;0;
635;877,42;11397,09;1345,25;5057;65535;15988,6;10931,6;0;0;0;
636;877,56;11395,2;1347,14;3541,8;65535;14433,5;10891,7;0;0;0;
637;877,71;11393,31;1349,03;3939,7;65535;14930,7;10991;0;0;0;
638;877,85;11391,43;1350,92;3640,7;65535;14562,3;10921,6;0;0;0;
639;878;11389,54;1352,81;3639,3;65535;14622,5;10983,2;0;0;0;
640;878,14;11387,65;1354,69;3728;65535;14756,5;11028,5;0;0;0;
641;878,29;11385,76;1356,58;3710,3;65535;14881,7;11171,4;0;0;0;
642;878,44;11383,88;1358,47;3760,2;65535;14829,7;11069,5;0;0;0;
643;878,58;11381,99;1360,35;3700,9;65535;14762,8;11061,9;0;0;0;
644;878,73;11380,11;1362,23;4066,2;65535;15219,6;11153,4;0;0;0;
645;878,87;11378,23;1364,12;3705,2;65535;14963,6;11258,4;0;0;0;
646;879,02;11376,34;1366;3635,7;65535;14913,6;11277,9;0;0;0;
647;879,16;11374,46;1367,88;3649,9;65535;14956;11306,1;0;0;0;
648;879,31;11372,58;1369,76;3548,9;65535;14883,4;11334,5;0;0;0;
649;879,45;11370,7;1371,64;3693,4;65535;15040;11346,6;0;0;0;
650;879,6;11368,82;1373,52;3678,5;65535;15037,2;11358,7;0;0;0;
651;879,74;11366,94;1375,4;3720,9;65535;15137,4;11416,5;0;0;0;
652;879,89;11365,06;1377,28;3657,7;65535;15080,8;11423,1;0;0;0;
653;880,03;11363,19;1379,16;4290,8;65535;15755,6;11464,8;0;0;0;
654;880,18;11361,31;1381,03;4275,6;65535;15753,7;11478,1;0;0;0;
655;880,33;11359,43;1382,91;3907,4;65535;15408,4;11501;0;0;0;
656;880,47;11357,56;1384,78;3635;65535;15144,6;11509,6;0;0;0;
657;880,62;11355,69;1386,66;3706,8;65535;15277,6;11570,8;0;0;0;
658;880,76;11353,81;1388,53;3706,6;65535;15310,7;11604,1;0;0;0;
659;880,91;11351,94;1390,4;3756,2;65535;15401,2;11645;0;0;0;
660;881,05;11350,07;1392,28;3900,8;65535;15615,5;11714,7;0;0;0;
661;881,2;11348,2;1394,15;3636,4;65535;15318,8;11682,4;0;0;0;
662;881,34;11346,33;1396,02;3793,5;65535;15553,6;11760,1;0;0;0;
663;881,49;11344,46;1397,89;3853,4;65535;15666,6;11813,2;0;0;0;
664;881,63;11342,59;1399,76;3646,2;65535;15445;11798,8;0;0;0;
665;881,78;11340,72;1401,62;3800,7;65535;15674,2;11873,5;0;0;0;
666;881,92;11338,85;1403,49;3710;65535;15605,3;11895,3;0;0;0;
667;882,07;11336,99;1405,36;3705;65535;15529,3;11824,3;0;0;0;
668;882,21;11335,12;1407,22;3609,8;65535;15482,7;11872,9;0;0;0;
669;882,36;11333,26;1409,09;3616,9;65535;15503,3;11886,4;0;0;0;
670;882,5;11331,39;1410,95;3547,3;65535;15408,6;11861,3;0;0;0;
671;882,65;11329,53;1412,82;3803,1;65535;15706,3;11903,2;0;0;0;
672;882,79;11327,67;1414,68;3630,6;65535;15508,9;11878,3;0;0;0;
673;882,94;11325,8;1416,54;3654;65535;15484,6;11830,6;0;0;0;
674;883,08;11323,94;1418,4;3646;65535;15437,2;11791,2;0;0;0;
675;883,23;11322,08;1420,26;3631,2;65535;15424,6;11793,4;0;0;0;
676;883,37;11320,22;1422,12;3920,6;65535;15723,9;11803,3;0;0;0;
677;883,52;11318,36;1423,98;3823,2;65535;15591,9;11768,7;0;0;0;
678;883,67;11316,5;1425,84;3587,6;65535;15307,5;11719,9;0;0;0;
679;883,81;11314,65;1427,7;3788,6;65535;15450,4;11661,8;0;0;0;
680;883,96;11312,79;1429,55;3624,8;65535;15206,7;11581,9;0;0;0;
681;884,1;11310,93;1431,41;3673,3;65535;15225;11551,7;0;0;0;
682;884,25;11309,08;1433,26;3671,6;65535;15184,6;11513;0;0;0;
683;884,39;11307,22;1435,12;3676,4;65535;15090,2;11413,8;0;0;0;
684;884,54;11305,37;1436,97;3742;65535;15100;11358;0;0;0;
685;884,68;11303,52;1438,83;3751,8;65535;15066,7;11314,9;0;0;0;
686;884,83;11301,67;1440,68;3681;65535;14877,1;11196,1;0;0;0;
687;884,97;11299,81;1442,53;3664,7;65535;14888,3;11223,6;0;0;0;
688;885,12;11297,96;1444,38;4039,8;65535;15258,9;11219,1;0;0;0;
689;885,26;11296,11;1446,23;3710,1;65535;14925,4;11215,3;0;0;0;
690;885,41;11294,26;1448,08;3594,9;65535;14767,6;11172,7;0;0;0;
691;885,55;11292,42;1449,93;3665,1;65535;14846;11180,9;0;0;0;
692;885,69;11290,57;1451,77;3732,5;65535;14915,2;11182,7;0;0;0;
693;885,84;11288,72;1453,62;3610,3;65535;14797,6;11187,3;0;0;0;
694;885,98;11286,88;1455,47;3687;65535;14851,9;11164,9;0;0;0;
695;886,13;11285,03;1457,31;3604,5;65535;14856,3;11251,8;0;0;0;
696;886,27;11283,19;1459,16;5061,6;65535;16417,4;11355,8;0;0;0;
697;886,42;11281,34;1461;3584,2;65535;14916,1;11331,9;0;0;0;
698;886,56;11279,5;1462,85;3605,6;65535;15029;11423,4;0;0;0;
699;886,71;11277,66;1464,69;3593,1;65535;15115,5;11522,4;0;0;0;
700;886,85;11275,81;1466,53;3689,7;65535;15206,1;11516,4;0;0;0;
701;887;11273,97;1468,37;3689,8;65535;15228;11538,2;0;0;0;
702;887,14;11272,13;1470,21;3583;65535;15160,3;11577,3;0;0;0;
703;887,29;11270,29;1472,05;3582,6;65535;15207,5;11624,9;0;0;0;
704;887,43;11268,45;1473,89;3703,9;65535;15425,3;11721,4;0;0;0;
705;887,58;11266,62;1475,73;3828,3;65535;15591,8;11763,5;0;0;0;
706;887,72;11264,78;1477,56;3760,9;65535;15622,8;11861,9;0;0;0;
707;887,87;11262,94;1479,4;3758,3;65535;15721,7;11963,4;0;0;0;
708;888,01;11261,11;1481,24;3690,2;65535;15719;12028,8;0;0;0;
709;888,16;11259,27;1483,07;3683,6;65535;15726,6;12043;0;0;0;
710;888,3;11257,44;1484,91;3577,8;65535;15687,9;12110,1;0;0;0;
711;888,45;11255,6;1486,74;3664,2;65535;15791,6;12127,4;0;0;0;
712;888,59;11253,77;1488,57;3860,7;65535;16044,8;12184,1;0;0;0;
713;888,74;11251,94;1490,4;4354,7;65535;16690,4;12335,7;0;0;0;
714;888,88;11250,11;1492,23;3672,4;65535;16010,9;12338,5;0;0;0;
715;889,02;11248,28;1494,07;3690,4;65535;16084,7;12394,3;0;0;0;
716;889,17;11246,45;1495,9;3734,8;65535;16201,3;12466,5;0;0;0;
717;889,31;11244,62;1497,72;3612,2;65535;16085,7;12473,5;0;0;0;
718;889,46;11242,79;1499,55;3599;65535;16102;12503;0;0;0;
719;889,6;11240,96;1501,38;3732,7;65535;16287,9;12555,2;0;0;0;
720;889,75;11239,14;1503,21;3721,9;65535;16305,9;12584;0;0;0;
721;889,89;11237,31;1505,03;3673,4;65535;16384,5;12711,1;0;0;0;
722;890,04;11235,48;1506,86;3699,9;65535;16336,9;12637;0;0;0;
723;890,18;11233,66;1508,68;3679,9;65535;16367;12687,1;0;0;0;
724;890,33;11231,84;1510,51;3670,2;65535;16365,6;12695,4;0;0;0;
725;890,47;11230,01;1512,33;3688,2;65535;16444,9;12756,7;0;0;0;
726;890,62;11228,19;1514,15;3878,1;65535;16694,8;12816,7;0;0;0;
727;890,76;11226,37;1515,97;3848,2;65535;16727,5;12879,3;0;0;0;
728;890,9;11224,55;1517,8;3571,3;65535;16401,5;12830,2;0;0;0;
729;891,05;11222,73;1519,62;3610,1;65535;16516,5;12906,4;0;0;0;
730;891,19;11220,91;1521,43;3649,9;65535;16480,4;12830,5;0;0;0;
731;891,34;11219,09;1523,25;3774,3;65535;16623,5;12849,2;0;0;0;
732;891,48;11217,27;1525,07;3765,8;65535;16589,6;12823,8;0;0;0;
733;891,63;11215,45;1526,89;3704,3;65535;16477,6;12773,3;0;0;0;
734;891,77;11213,64;1528,71;3794,9;65535;16557,4;12762,5;0;0;0;
735;891,92;11211,82;1530,52;3744,2;65535;16525,5;12781,3;0;0;0;
736;892,06;11210,01;1532,34;3639,8;65535;16360,8;12721;0;0;0;
737;892,2;11208,19;1534,15;3631,6;65535;16224,3;12592,7;0;0;0;
738;892,35;11206,38;1535,96;3643,2;65535;16275,6;12632,4;0;0;0;
739;892,49;11204,57;1537,78;3611,3;65535;16186,1;12574,8;0;0;0;
740;892,64;11202,75;1539,59;3644,9;65535;16225,8;12580,9;0;0;0;
741;892,78;11200,94;1541,4;3653,2;65535;16223,7;12570,5;0;0;0;
742;892,93;11199,13;1543,21;3559;65535;16128,3;12569,3;0;0;0;
743;893,07;11197,32;1545,02;3806,3;65535;16396,3;12590;0;0;0;
744;893,21;11195,51;1546,83;3655,4;65535;16228,4;12573;0;0;0;
745;893,36;11193,7;1548,64;3766,3;65535;16376,2;12609,9;0;0;0;
746;893,5;11191,9;1550,45;3767,1;65535;16417,1;12650;0;0;0;
747;893,65;11190,09;1552,25;3608,8;65535;16316,9;12708,1;0;0;0;
748;893,79;11188,28;1554,06;3744,1;65535;16305,8;12561,7;0;0;0;
749;893,94;11186,48;1555,87;3705;65535;16286,8;12581,8;0;0;0;
750;894,08;11184,67;1557,67;3779,9;65535;16347,6;12567,7;0;0;0;
751;894,22;11182,87;1559,47;3604,7;65535;16229,3;12624,6;0;0;0;
752;894,37;11181,07;1561,28;3591,8;65535;16244,4;12652,6;0;0;0;
753;894,51;11179,26;1563,08;3607,7;65535;16321,5;12713,8;0;0;0;
754;894,66;11177,46;1564,88;3710,4;65535;16496,5;12786,1;0;0;0;
755;894,8;11175,66;1566,68;3662,5;65535;16433,3;12770,8;0;0;0;
756;894,95;11173,86;1568,48;3891,4;65535;16672,6;12781,2;0;0;0;
757;895,09;11172,06;1570,28;3602,9;65535;16367,8;12764,9;0;0;0;
758;895,23;11170,26;1572,08;4536,4;65535;17367;12830,6;0;0;0;
759;895,38;11168,46;1573,88;3650,2;65535;16453,5;12803,3;0;0;0;
760;895,52;11166,67;1575,68;3759,3;65535;16587,6;12828,3;0;0;0;
761;895,67;11164,87;1577,48;3808,3;65535;16614;12805,7;0;0;0;
762;895,81;11163,07;1579,27;3677,2;65535;16433;12755,8;0;0;0;
763;895,95;11161,28;1581,07;3586,5;65535;16273,5;12687;0;0;0;
764;896,1;11159,48;1582,86;3726,9;65535;16427,2;12700,3;0;0;0;
765;896,24;11157,69;1584,66;3620,4;65535;16299,7;12679,3;0;0;0;
766;896,39;11155,89;1586,45;3559,3;65535;16201;12641,7;0;0;0;
767;896,53;11154,1;1588,24;3668,6;65535;16373,3;12704,7;0;0;0;
768;896,68;11152,31;1590,03;3755,5;65535;16378,7;12623,2;0;0;0;
769;896,82;11150,52;1591,82;3921,1;65535;16650,7;12729,6;0;0;0;
770;896,96;11148,73;1593,61;3613,3;65535;16330,8;12717,5;0;0;0;
771;897,11;11146,94;1595,4;3610,1;65535;16239,2;12629,1;0;0;0;
772;897,25;11145,15;1597,19;3595,6;65535;16305;12709,4;0;0;0;
773;897,4;11143,36;1598,98;3574,9;65535;16263,3;12688,4;0;0;0;
774;897,54;11141,58;1600,77;3746,2;65535;16409,8;12663,6;0;0;0;
775;897,68;11139,79;1602,56;3713;65535;16358,6;12645,6;0;0;0;
776;897,83;11138;1604,34;3670,7;65535;16333,1;12662,4;0;0;0;
777;897,97;11136,22;1606,13;3865,2;65535;16508;12642,8;0;0;0;
778;898,11;11134,43;1607,91;3790,3;65535;16479,7;12689,4;0;0;0;
779;898,26;11132,65;1609,69;4023,8;65535;16702,1;12678,3;0;0;0;
780;898,4;11130,87;1611,48;5931,8;65535;18926,6;12994,8;0;0;0;
781;898,55;11129,08;1613,26;4821,3;65535;17715,7;12894,4;0;0;0;
782;898,69;11127,3;1615,04;3715,7;65535;16545,5;12829,8;0;0;0;
783;898,83;11125,52;1616,82;3724,5;65535;16559,1;12834,6;0;0;0;
784;898,98;11123,74;1618,6;3625,6;65535;16473,3;12847,7;0;0;0;
785;899,12;11121,96;1620,38;3707,1;65535;16600,8;12893,7;0;0;0;
786;899,27;11120,18;1622,16;3597,1;65535;16495,2;12898,1;0;0;0;
787;899,41;11118,4;1623,94;3693,2;65535;16676,4;12983,2;0;0;0;
788;899,55;11116,63;1625,72;3586,5;65535;16576,1;12989,6;0;0;0;
789;899,7;11114,85;1627,49;3633;65535;16703,8;13070,8;0;0;0;
790;899,84;11113,07;1629,27;3595,2;65535;16743,3;13148,1;0;0;0;
791;899,98;11111,3;1631,05;3614,4;65535;16753,1;13138,7;0;0;0;
792;900,13;11109,52;1632,82;3766,7;65535;16967,3;13200,6;0;0;0;
793;900,27;11107,75;1634,59;3768,8;65535;16948,5;13179,7;0;0;0;
794;900,42;11105,98;1636,37;3887,1;65535;17136,8;13249,7;0;0;0;
795;900,56;11104,2;1638,14;3604,8;65535;16812,3;13207,5;0;0;0;
796;900,7;11102,43;1639,91;3695,3;65535;16937,1;13241,8;0;0;0;
797;900,85;11100,66;1641,68;3718,8;65535;16923,5;13204,7;0;0;0;
798;900,99;11098,89;1643,45;3679,3;65535;16961,7;13282,4;0;0;0;
799;901,13;11097,12;1645,22;3825,6;65535;17111,8;13286,2;0;0;0;
800;901,28;11095,35;1646,99;3705,8;65535;16986,8;13281;0;0;0;
801;901,42;11093,59;1648,76;3669,5;65535;16986,6;13317,1;0;0;0;
802;901,57;11091,82;1650,53;3750;65535;17127,9;13377,9;0;0;0;
803;901,71;11090,05;1652,29;3622,3;65535;16962,2;13339,9;0;0;0;
804;901,85;11088,28;1654,06;3773,4;65535;17136,4;13363;0;0;0;
805;902;11086,52;1655,82;3625,9;65535;17028,9;13403;0;0;0;
806;902,14;11084,76;1657,59;3694,2;65535;17151,2;13457;0;0;0;
807;902,28;11082,99;1659,35;3561;65535;16956,9;13395,9;0;0;0;
808;902,43;11081,23;1661,12;4296;65535;17494;13198;0;0;0;
809;902,57;11079,47;1662,88;3527,1;65535;16567,2;13040,1;0;0;0;
810;902,71;11077,7;1664,64;3653,4;65535;16695,7;13042,3;0;0;0;
811;902,86;11075,94;1666,4;3912,4;65535;17074,8;13162,4;0;0;0;
812;903;11074,18;1668,16;3623,3;65535;16961,3;13338;0;0;0;
813;903,14;11072,42;1669,92;4423,8;65535;17934,4;13510,6;0;0;0;
814;903,29;11070,66;1671,68;3583,1;65535;17193,5;13610,4;0;0;0;
815;903,43;11068,91;1673,44;3839;65535;17558,9;13719,9;0;0;0;
816;903,58;11067,15;1675,2;3599,9;65535;17303,7;13703,8;0;0;0;
817;903,72;11065,39;1676,95;3690;65535;17446,4;13756,4;0;0;0;
818;903,86;11063,64;1678,71;3758,4;65535;17518,9;13760,5;0;0;0;
819;904,01;11061,88;1680,46;3638,8;65535;17511;13872,2;0;0;0;
820;904,15;11060,13;1682,22;3573,2;65535;17438,4;13865,2;0;0;0;
821;904,29;11058,37;1683,97;3624,6;65535;17486,6;13862;0;0;0;
822;904,44;11056,62;1685,73;3675,6;65535;17598,3;13922,7;0;0;0;
823;904,58;11054,87;1687,48;6570,5;65535;20553,2;13982,7;0;0;0;
824;904,72;11053,11;1689,23;3667,9;65535;17542,9;13875;0;0;0;
825;904,87;11051,36;1690,98;3782,1;65535;17641,1;13859;0;0;0;
826;905,01;11049,61;1692,73;3621,5;65535;17484;13862,5;0;0;0;
827;905,15;11047,86;1694,48;3697,7;65535;17628,5;13930,8;0;0;0;
828;905,3;11046,11;1696,23;3696;65535;17582,2;13886,2;0;0;0;
829;905,44;11044,36;1697,98;3771,2;65535;17609;13837,8;0;0;0;
830;905,58;11042,62;1699,73;3573,1;65535;17440,3;13867,2;0;0;0;
831;905,73;11040,87;1701,47;3592,3;65535;17496,5;13904,2;0;0;0;
832;905,87;11039,12;1703,22;3780,7;65535;17690,5;13909,8;0;0;0;
833;906,01;11037,38;1704,97;3633;65535;17531,9;13898,9;0;0;0;
834;906,16;11035,63;1706,71;3642,3;65535;17564,2;13921,9;0;0;0;
835;906,3;11033,89;1708,45;3641,4;65535;17526,3;13884,9;0;0;0;
836;906,44;11032,15;1710,2;3746,5;65535;17632;13885,5;0;0;0;
837;906,59;11030,4;1711,94;3608,6;65535;17458,9;13850,3;0;0;0;
838;906,73;11028,66;1713,68;3708,5;65535;17607,4;13898,9;0;0;0;
839;906,87;11026,92;1715,42;4411,9;65535;18329,8;13917,9;0;0;0;
840;907,01;11025,18;1717,16;3634,1;65535;17565,9;13931,8;0;0;0;
841;907,16;11023,44;1718,9;3741,5;65535;17724,1;13982,6;0;0;0;
842;907,3;11021,7;1720,64;3643,8;65535;17648,4;14004,6;0;0;0;
843;907,44;11019,96;1722,38;3579,5;65535;17635,2;14055,7;0;0;0;
844;907,59;11018,22;1724,12;3593,7;65535;17686,2;14092,5;0;0;0;
845;907,73;11016,49;1725,86;3903,9;65535;17956,3;14052,4;0;0;0;
846;907,87;11014,75;1727,59;3563,1;65535;17674,1;14111;0;0;0;
847;908,02;11013,01;1729,33;3791,5;65535;17981,8;14190,3;0;0;0;
848;908,16;11011,28;1731,07;3728;65535;17906,7;14178,7;0;0;0;
849;908,3;11009,54;1732,8;3772,7;65535;17940,1;14167,4;0;0;0;
850;908,45;11007,81;1734,53;3768,9;65535;17926;14157,1;0;0;0;
851;908,59;11006,08;1736,27;3660,2;65535;17858,4;14198,2;0;0;0;
852;908,73;11004,34;1738;3671,4;65535;17865,4;14194;0;0;0;
853;908,87;11002,61;1739,73;3647,8;65535;17835,5;14187,7;0;0;0;
854;909,02;11000,88;1741,46;3693;65535;17862,6;14169,6;0;0;0;
855;909,16;10999,15;1743,19;3744,4;65535;17969,9;14225,5;0;0;0;
856;909,3;10997,42;1744,92;3641,8;65535;17864,2;14222,4;0;0;0;
857;909,45;10995,69;1746,65;3673,7;65535;17960,8;14287,1;0;0;0;
858;909,59;10993,97;1748,38;4127,9;65535;18416,4;14288,5;0;0;0;
859;909,73;10992,24;1750,11;3674,3;65535;17869,2;14194,9;0;0;0;
860;909,88;10990,51;1751,83;3563,3;65535;17780,4;14217,1;0;0;0;
861;910,02;10988,79;1753,56;3736,9;65535;17927;14190,1;0;0;0;
862;910,16;10987,06;1755,28;3685;65535;17884,8;14199,8;0;0;0;
863;910,3;10985,33;1757,01;3710,6;65535;17887;14176,4;0;0;0;
864;910,45;10983,61;1758,73;3669,6;65535;17816,1;14146,5;0;0;0;
865;910,59;10981,89;1760,46;4021,4;65535;18206,8;14185,4;0;0;0;
866;910,73;10980,16;1762,18;3698,3;65535;17884,8;14186,5;0;0;0;
867;910,88;10978,44;1763,9;3676,6;65535;17876;14199,4;0;0;0;
868;911,02;10976,72;1765,62;4299,6;65535;18421,9;14122,3;0;0;0;
869;911,16;10975;1767,34;3612,1;65535;17754,3;14142,2;0;0;0;
870;911,3;10973,28;1769,06;3610,2;65535;17747,5;14137,3;0;0;0;
871;911,45;10971,56;1770,78;3614,1;65535;17763,3;14149,2;0;0;0;
872;911,59;10969,84;1772,5;3794,9;65535;17961,6;14166,7;0;0;0;
873;911,73;10968,13;1774,22;3705,8;65535;17946,8;14241;0;0;0;
874;911,88;10966,41;1775,93;3796,6;65535;17961;14164,4;0;0;0;
875;912,02;10964,69;1777,65;3827,2;65535;18066,6;14239,4;0;0;0;
876;912,16;10962,98;1779,37;3571,6;65535;17739,4;14167,8;0;0;0;
877;912,3;10961,26;1781,08;3523;65535;17742,2;14219,2;0;0;0;
878;912,45;10959,55;1782,8;4018,9;65535;18329,6;14310,7;0;0;0;
879;912,59;10957,83;1784,51;3809;65535;18064,9;14255,9;0;0;0;
880;912,73;10956,12;1786,22;3659,1;65535;17926,3;14267,2;0;0;0;
881;912,87;10954,41;1787,94;3740,2;65535;18025,4;14285,2;0;0;0;
882;913,02;10952,7;1789,65;3607,8;65535;17859,7;14251,9;0;0;0;
883;913,16;10950,98;1791,36;3624,1;65535;17850,4;14226,3;0;0;0;
884;913,3;10949,27;1793,07;3683;65535;17945,7;14262,7;0;0;0;
885;913,45;10947,57;1794,78;4799,7;65535;18869,9;14070,2;0;0;0;
886;913,59;10945,86;1796,49;3700,3;65535;17897,9;14197,6;0;0;0;
887;913,73;10944,15;1798,2;3603,3;65535;17736,9;14133,6;0;0;0;
888;913,87;10942,44;1799,9;6888,9;65535;21194,3;14305,4;0;0;0;
889;914,02;10940,73;1801,61;3654,2;65535;17872,7;14218,5;0;0;0;
890;914,16;10939,03;1803,32;3541,5;65535;17699,6;14158,1;0;0;0;
891;914,3;10937,32;1805,02;3697;65535;17834,8;14137,8;0;0;0;
892;914,44;10935,62;1806,73;3644,8;65535;17767,7;14122,9;0;0;0;
893;914,59;10933,91;1808,43;3675,1;65535;17731,5;14056,4;0;0;0;
894;914,73;10932,21;1810,13;3559,6;65535;17653,6;14094;0;0;0;
895;914,87;10930,51;1811,84;3709,1;65535;17703,8;13994,7;0;0;0;
896;915,01;10928,8;1813,54;3565,2;65535;17544,7;13979,5;0;0;0;
897;915,16;10927,1;1815,24;3711,3;65535;17630,1;13918,8;0;0;0;
898;915,3;10925,4;1816,94;3743,7;65535;17687,1;13943,4;0;0;0;
899;915,44;10923,7;1818,64;3654,1;65535;17514,5;13860,4;0;0;0;
900;915,58;10922;1820,34;3698,7;65535;17565,5;13866,8;0;0;0;
901;915,73;10920,3;1822,04;3785,8;65535;17666;13880,2;0;0;0;
902;915,87;10918,61;1823,74;3625;65535;17539,6;13914,6;0;0;0;
903;916,01;10916,91;1825,44;3627,6;65535;17478,5;13850,9;0;0;0;
904;916,15;10915,21;1827,13;3615,2;65535;17555,1;13939,9;0;0;0;
905;916,3;10913,52;1828,83;3925,5;65535;17929,5;14004;0;0;0;
906;916,44;10911,82;1830,52;3708,6;65535;17730,8;14022,2;0;0;0;
907;916,58;10910,13;1832,22;3725,8;65535;17777;14051,2;0;0;0;
908;916,72;10908,43;1833,91;3741,9;65535;17785,6;14043,7;0;0;0;
909;916,86;10906,74;1835,61;3810,3;65535;17869,1;14058,8;0;0;0;
910;917,01;10905,05;1837,3;3613,8;65535;17730,7;14116,9;0;0;0;
911;917,15;10903,35;1838,99;3680,5;65535;17747,5;14067;0;0;0;
912;917,29;10901,66;1840,68;4083,9;65535;18164,5;14080,6;0;0;0;
913;917,43;10899,97;1842,37;3602,8;65535;17619,5;14016,7;0;0;0;
914;917,58;10898,28;1844,06;3668,9;65535;17684,6;14015,7;0;0;0;
915;917,72;10896,59;1845,75;3669,1;65535;17684,3;14015,2;0;0;0;
916;917,86;10894,9;1847,44;3750,1;65535;17753,1;14003;0;0;0;
917;918;10893,22;1849,13;3748,8;65535;17699,6;13950,8;0;0;0;
918;918,14;10891,53;1850,82;3535,9;65535;17526,1;13990,2;0;0;0;
919;918,29;10889,84;1852,5;3866,1;65535;17875,1;14009;0;0;0;
920;918,43;10888,16;1854,19;3822,2;65535;17727,1;13904,9;0;0;0;
921;918,57;10886,47;1855,87;3756,1;65535;17648,9;13892,8;0;0;0;
922;918,71;10884,79;1857,56;3585,2;65535;17451,6;13866,4;0;0;0;
923;918,86;10883,1;1859,24;4437,4;65535;18113,2;13675,8;0;0;0;
924;919;10881,42;1860,92;3730,9;65535;17611;13880,1;0;0;0;
925;919,14;10879,74;1862,61;3594,9;65535;17428,8;13833,9;0;0;0;
926;919,28;10878,05;1864,29;3945,1;65535;17773,9;13828,8;0;0;0;
927;919,42;10876,37;1865,97;3712;65535;17587,1;13875,1;0;0;0;
928;919,57;10874,69;1867,65;3684,4;65535;17524,5;13840,1;0;0;0;
929;919,71;10873,01;1869,33;3817,1;65535;17691,8;13874,7;0;0;0;
930;919,85;10871,33;1871,01;3612,5;65535;17471,1;13858,6;0;0;0;
931;919,99;10869,65;1872,69;3660,3;65535;17466,2;13805,9;0;0;0;
932;920,13;10867,98;1874,37;3657;65535;17484,1;13827,1;0;0;0;
933;920,28;10866,3;1876,04;3609,5;65535;17471,2;13861,7;0;0;0;
934;920,42;10864,62;1877,72;3634,2;65535;17554,5;13920,3;0;0;0;
935;920,56;10862,95;1879,4;3617;65535;17469;13852;0;0;0;
936;920,7;10861,27;1881,07;3759,2;65535;17644,3;13885,1;0;0;0;
937;920,84;10859,6;1882,75;3776;65535;17803,1;14027,1;0;0;0;
938;920,99;10857,92;1884,42;3711,1;65535;17783,7;14072,6;0;0;0;
939;921,13;10856,25;1886,09;3801,1;65535;17889,6;14088,5;0;0;0;
940;921,27;10854,58;1887,77;3648,5;65535;17768,5;14120;0;0;0;
941;921,41;10852,91;1889,44;3527,3;65535;17724,7;14197,4;0;0;0;
942;921,55;10851,23;1891,11;3736,2;65535;17984,1;14247,9;0;0;0;
943;921,7;10849,56;1892,78;3705,5;65535;18062,1;14356,6;0;0;0;
944;921,84;10847,89;1894,45;3829,7;65535;18197,3;14367,6;0;0;0;
945;921,98;10846,22;1896,12;3687,7;65535;18085,8;14398,1;0;0;0;
946;922,12;10844,56;1897,79;3532,2;65535;18022,7;14490,5;0;0;0;
947;922,26;10842,89;1899,45;3650,6;65535;18128,2;14477,6;0;0;0;
948;922,41;10841,22;1901,12;3708,4;65535;18294,3;14585,9;0;0;0;
949;922,55;10839,55;1902,79;3870,2;65535;18528,1;14657,9;0;0;0;
950;922,69;10837,89;1904,45;3797;65535;18401,9;14604,9;0;0;0;
951;922,83;10836,22;1906,12;4129,2;65535;18844,9;14715,7;0;0;0;
952;922,97;10834,56;1907,78;3609,9;65535;18241,7;14631,8;0;0;0;
953;923,11;10832,89;1909,45;4594,8;65535;19285,4;14690,6;0;0;0;
954;923,26;10831,23;1911,11;5528,1;65535;20263,8;14735,7;0;0;0;
955;923,4;10829,57;1912,77;6008,1;65535;20713;14704,9;0;0;0;
956;923,54;10827,91;1914,44;3636,5;65535;18297,3;14660,8;0;0;0;
957;923,68;10826,25;1916,1;3594,7;65535;18335,3;14740,6;0;0;0;
958;923,82;10824,59;1917,76;3609,9;65535;18338,9;14729;0;0;0;
959;923,96;10822,93;1919,42;3593;65535;18318,3;14725,3;0;0;0;
960;924,11;10821,27;1921,08;3692,9;65535;18481,6;14788,7;0;0;0;
961;924,25;10819,61;1922,74;3706,2;65535;18527,5;14821,3;0;0;0;
962;924,39;10817,95;1924,39;3652;65535;18414,3;14762,3;0;0;0;
963;924,53;10816,29;1926,05;3744;65535;18487,6;14743,6;0;0;0;
964;924,67;10814,64;1927,71;3734,4;65535;18452,4;14718;0;0;0;
965;924,81;10812,98;1929,36;3565,4;65535;18343,3;14777,9;0;0;0;
966;924,96;10811,32;1931,02;3813,1;65535;18681,9;14868,8;0;0;0;
967;925,1;10809,67;1932,67;3629,8;65535;18604,4;14974,6;0;0;0;
968;925,24;10808,01;1934,33;3615,7;65535;18693,7;15078;0;0;0;
969;925,38;10806,36;1935,98;3694;65535;18806,1;15112,1;0;0;0;
970;925,52;10804,71;1937,63;3689,4;65535;18796,1;15106,7;0;0;0;
971;925,66;10803,06;1939,29;4017,5;65535;19094,5;15077;0;0;0;
972;925,81;10801,41;1940,94;3697,9;65535;18866,3;15168,4;0;0;0;
973;925,95;10799,75;1942,59;3609,9;65535;18825,4;15215,5;0;0;0;
974;926,09;10798,1;1944,24;3736,7;65535;18987,6;15250,9;0;0;0;
975;926,23;10796,45;1945,89;3583,8;65535;18907,6;15323,8;0;0;0;
976;926,37;10794,81;1947,54;3666,5;65535;18983,1;15316,6;0;0;0;
977;926,51;10793,16;1949,19;3550,4;65535;18794,5;15244,1;0;0;0;
978;926,65;10791,51;1950,83;3811,7;65535;19075,9;15264,2;0;0;0;
979;926,8;10789,86;1952,48;3826,8;65535;19085,4;15258,6;0;0;0;
980;926,94;10788,22;1954,13;3745,8;65535;19039,8;15294;0;0;0;
981;927,08;10786,57;1955,77;3794,5;65535;19028,4;15233,9;0;0;0;
982;927,22;10784,93;1957,42;3567,5;65535;18805,4;15237,9;0;0;0;
983;927,36;10783,28;1959,06;3706;65535;18883;15177;0;0;0;
984;927,5;10781,64;1960,7;3643,1;65535;18865,5;15222,4;0;0;0;
985;927,64;10780;1962,35;3604,6;65535;18813,9;15209,3;0;0;0;
986;927,79;10778,35;1963,99;3573;65535;18750,8;15177,8;0;0;0;
987;927,93;10776,71;1965,63;3613,6;65535;18836,2;15222,6;0;0;0;
988;928,07;10775,07;1967,27;3591,7;65535;18784,7;15193;0;0;0;
989;928,21;10773,43;1968,91;3729;65535;18924,1;15195,1;0;0;0;
990;928,35;10771,79;1970,55;3908,8;65535;19099,2;15190,4;0;0;0;
991;928,49;10770,15;1972,19;3772,8;65535;18856,6;15083,8;0;0;0;
992;928,63;10768,51;1973,83;3610,7;65535;18688,1;15077,4;0;0;0;
993;928,77;10766,88;1975,47;3612,9;65535;18643,4;15030,5;0;0;0;
994;928,92;10765,24;1977,1;3610,4;65535;18656,3;15045,9;0;0;0;
995;929,06;10763,6;1978,74;4263,4;65535;19324,4;15061;0;0;0;
996;929,2;10761,97;1980,38;3637,3;65535;18609;14971,7;0;0;0;
997;929,34;10760,33;1982,01;3747,8;65535;18762,7;15014,9;0;0;0;
998;929,48;10758,7;1983,65;3650,2;65535;18573,6;14923,4;0;0;0;
999;929,62;10757,06;1985,28;3544,1;65535;18509;14964,9;0;0;0;
1000;929,76;10755,43;1986,91;3656,6;65535;18580,1;14923,5;0;0;0;
1001;929,9;10753,8;1988,55;3726,7;65535;18491,5;14764,8;0;0;0;
1002;930,05;10752,17;1990,18;3620,2;65535;18280,9;14660,7;0;0;0;
1003;930,19;10750,53;1991,81;3786;65535;18312,6;14526,6;0;0;0;
1004;930,33;10748,9;1993,44;3673;65535;18155,3;14482,3;0;0;0;
1005;930,47;10747,27;1995,07;3559,2;65535;17878,1;14318,9;0;0;0;
1006;930,61;10745,64;1996,7;4190,3;65535;18535,9;14345,6;0;0;0;
1007;930,75;10744,02;1998,33;3650,8;65535;17984,5;14333,7;0;0;0;
1008;930,89;10742,39;1999,96;3608,2;65535;17942,4;14334,2;0;0;0;
1009;931,03;10740,76;2001,58;3768,2;65535;18017,5;14249,3;0;0;0;
1010;931,17;10739,13;2003,21;3617;65535;17831,8;14214,8;0;0;0;
1011;931,31;10737,51;2004,84;4578,7;65535;18837,9;14259,2;0;0;0;
1012;931,46;10735,88;2006,46;3611,3;65535;17792,3;14181;0;0;0;
1013;931,6;10734,26;2008,09;3578,9;65535;17732,7;14153,8;0;0;0;
1014;931,74;10732,63;2009,71;3566,8;65535;17763,4;14196,6;0;0;0;
1015;931,88;10731,01;2011,33;3539,3;65535;17799,4;14260,1;0;0;0;
1016;932,02;10729,39;2012,96;3607,5;65535;17776,5;14169;0;0;0;
1017;932,16;10727,76;2014,58;3602;65535;17830,2;14228,2;0;0;0;
1018;932,3;10726,14;2016,2;3656;65535;17899;14243;0;0;0;
1019;932,44;10724,52;2017,82;3540,4;65535;17818,8;14278,4;0;0;0;
1020;932,58;10722,9;2019,44;3700,1;65535;17875,3;14175,2;0;0;0;
1021;932,72;10721,28;2021,06;3630;65535;17859,1;14229,1;0;0;0;
1022;932,87;10719,66;2022,68;3694,6;65535;17956,1;14261,5;0;0;0;
1023;933,01;10718,04;2024,3;3593,2;65535;17838,4;14245,2;0;0;0;
1024;933,15;10716,43;2025,92;3544,5;65535;17761,2;14216,7;0;0;0;
1025;933,29;10714,81;2027,53;3604;65535;17861,2;14257,2;0;0;0;
1026;933,43;10713,19;2029,15;3669,7;65535;18021,2;14351,5;0;0;0;
1027;933,57;10711,58;2030,77;3668,4;65535;18145,6;14477,2;0;0;0;
1028;933,71;10709,96;2032,38;3600,1;65535;18147,4;14547,3;0;0;0;
1029;933,85;10708,35;2034;3710,2;65535;18346,5;14636,3;0;0;0;
1030;933,99;10706,73;2035,61;3577,9;65535;18215,2;14637,3;0;0;0;
1031;934,13;10705,12;2037,22;3634,3;65535;18388,6;14754,3;0;0;0;
1032;934,27;10703,51;2038,84;3711,3;65535;18479,7;14768,4;0;0;0;
1033;934,41;10701,89;2040,45;3659,4;65535;18518,1;14858,7;0;0;0;
1034;934,55;10700,28;2042,06;3564,1;65535;18484,4;14920,3;0;0;0;
1035;934,7;10698,67;2043,67;3754,9;65535;18644,4;14889,5;0;0;0;
1036;934,84;10697,06;2045,28;3646,4;65535;18558;14911,6;0;0;0;
1037;934,98;10695,45;2046,89;3664;65535;18554,8;14890,8;0;0;0;
1038;935,12;10693,84;2048,5;3972,3;65535;19967,2;15994,9;0;0;0;
1039;935,26;10692,24;2050,11;3657;65535;18562,5;14905,5;0;0;0;
1040;935,4;10690,63;2051,72;3651,5;65535;18551,4;14899,9;0;0;0;
1041;935,54;10689,02;2053,32;3800,2;65535;18735,6;14935,4;0;0;0;
1042;935,68;10687,42;2054,93;3677,5;65535;18619,6;14942,1;0;0;0;
1043;935,82;10685,81;2056,53;3940,2;65535;18946,9;15006,7;0;0;0;
1044;935,96;10684,2;2058,14;3616;65535;18536,1;14920,1;0;0;0;
1045;936,1;10682,6;2059,74;3688,1;65535;18601,9;14913,8;0;0;0;
1046;936,24;10681;2061,35;3819,2;65535;18729;14909,8;0;0;0;
1047;936,38;10679,39;2062,95;3679,3;65535;18605,6;14926,3;0;0;0;
1048;936,52;10677,79;2064,55;3918,4;65535;18890,1;14971,7;0;0;0;
1049;936,66;10676,19;2066,15;3750,8;65535;18636,1;14885,3;0;0;0;
1050;936,8;10674,59;2067,76;3648;65535;18479,7;14831,7;0;0;0;
1051;936,94;10672,99;2069,36;4541,1;65535;19454,8;14913,7;0;0;0;
1052;937,09;10671,39;2070,96;3695,9;65535;18554,3;14858,4;0;0;0;
1053;937,23;10669,79;2072,56;3714,2;65535;18594,6;14880,4;0;0;0;
1054;937,37;10668,19;2074,15;3664,8;65535;18527,4;14862,6;0;0;0;
1055;937,51;10666,59;2075,75;3641;65535;18501,2;14860,2;0;0;0;
1056;937,65;10664,99;2077,35;3579,4;65535;18451,9;14872,5;0;0;0;
1057;937,79;10663,4;2078,95;3552,1;65535;18429,7;14877,6;0;0;0;
1058;937,93;10661,8;2080,54;3515,5;65535;18345,2;14829,7;0;0;0;
1059;938,07;10660,2;2082,14;3649,1;65535;18547,6;14898,5;0;0;0;
1060;938,21;10658,61;2083,73;4134,2;65535;19029,3;14895,1;0;0;0;
1061;938,35;10657,02;2085,33;3666,9;65535;18505,1;14838,2;0;0;0;
1062;938,49;10655,42;2086,92;3581,9;65535;18494;14912,1;0;0;0;
1063;938,63;10653,83;2088,51;3568,4;65535;18457;14888,6;0;0;0;
1064;938,77;10652,24;2090,11;3796,1;65535;18693,7;14897,6;0;0;0;
1065;938,91;10650,64;2091,7;3692,8;65535;18572,9;14880,1;0;0;0;
1066;939,05;10649,05;2093,29;3709,2;65535;18604,1;14894,9;0;0;0;
1067;939,19;10647,46;2094,88;3785;65535;18636,2;14851,2;0;0;0;
1068;939,33;10645,87;2096,47;3568;65535;18411,3;14843,3;0;0;0;
1069;939,47;10644,28;2098,06;3817,8;65535;18729;14911,2;0;0;0;
1070;939,61;10642,69;2099,65;3681,9;65535;18530,6;14848,7;0;0;0;
1071;939,75;10641,11;2101,24;3815;65535;18663,7;14848,7;0;0;0;
1072;939,89;10639,52;2102,82;3765,1;65535;18721,4;14956,3;0;0;0;
1073;940,03;10637,93;2104,41;3743,2;65535;18698,4;14955,2;0;0;0;
1074;940,17;10636,35;2106;3583,4;65535;18541,1;14957,7;0;0;0;
1075;940,31;10634,76;2107,58;3725,5;65535;18599,5;14874;0;0;0;
1076;940,45;10633,18;2109,17;3646,3;65535;18554,1;14907,8;0;0;0;
1077;940,59;10631,59;2110,75;3706,4;65535;18538,5;14832,1;0;0;0;
1078;940,73;10630,01;2112,34;3536,9;65535;18373,9;14837;0;0;0;
1079;940,87;10628,43;2113,92;3815,6;65535;18593,8;14778,2;0;0;0;
1080;941,01;10626,84;2115,5;3631;65535;18440,3;14809,3;0;0;0;
1081;941,15;10625,26;2117,08;3620,5;65535;18360;14739,5;0;0;0;
1082;941,29;10623,68;2118,66;3726,4;65535;18476,7;14750,3;0;0;0;
1083;941,43;10622,1;2120,24;3583,8;65535;18290,8;14707;0;0;0;
1084;941,57;10620,52;2121,82;3553,8;65535;18256,5;14702,7;0;0;0;
1085;941,71;10618,94;2123,4;3692,3;65535;18292,5;14600,2;0;0;0;
1086;941,85;10617,36;2124,98;3633,1;65535;18261,6;14628,5;0;0;0;
1087;941,99;10615,78;2126,56;3605,3;65535;18266,8;14661,5;0;0;0;
1088;942,13;10614,21;2128,14;3605,9;65535;18358,9;14753;0;0;0;
1089;942,27;10612,63;2129,71;3786,2;65535;18443,7;14657,5;0;0;0;
1090;942,41;10611,05;2131,29;3800,6;65535;18328,5;14527,9;0;0;0;
1091;942,55;10609,48;2132,87;3649,7;65535;18059,8;14410,1;0;0;0;
1092;942,69;10607,9;2134,44;3912,3;65535;18373,2;14460,9;0;0;0;
1093;942,83;10606,33;2136,02;3819,7;65535;18255,3;14435,6;0;0;0;
1094;942,97;10604,75;2137,59;3733,9;65535;18147,6;14413,7;0;0;0;
1095;943,11;10603,18;2139,16;3606,2;65535;18070,9;14464,7;0;0;0;
1096;943,25;10601,61;2140,73;3553,8;65535;17971,1;14417,3;0;0;0;
1097;943,39;10600,04;2142,31;3644,6;65535;18001,2;14356,6;0;0;0;
1098;943,53;10598,47;2143,88;3607,6;65535;17945;14337,4;0;0;0;
1099;943,67;10596,89;2145,45;3583,7;65535;17934,4;14350,7;0;0;0;
1100;943,81;10595,32;2147,02;3655,1;65535;17951,8;14296,7;0;0;0;
1101;943,95;10593,76;2148,59;3637,6;65535;18028,7;14391,1;0;0;0;
1102;944,09;10592,19;2150,16;3611,2;65535;17913,8;14302,6;0;0;0;
1103;944,23;10590,62;2151,72;3635,8;65535;17936,2;14300,4;0;0;0;
1104;944,37;10589,05;2153,29;3722,3;65535;18075,9;14353,6;0;0;0;
1105;944,51;10587,48;2154,86;3834,8;65535;18327,3;14492,5;0;0;0;
1106;944,65;10585,92;2156,43;3743,2;65535;18174,5;14431,3;0;0;0;
1107;944,79;10584,35;2157,99;3587,2;65535;18002,9;14415,7;0;0;0;
1108;944,93;10582,79;2159,56;3549,1;65535;17984,7;14435,6;0;0;0;
1109;945,07;10581,22;2161,12;3689,4;65535;18227,5;14538,1;0;0;0;
1110;945,21;10579,66;2162,68;3567,3;65535;18154,5;14587,2;0;0;0;
1111;945,35;10578,1;2164,25;3664,7;65535;18244,8;14580,1;0;0;0;
1112;945,49;10576,53;2165,81;3753,5;65535;18424,9;14671,4;0;0;0;
1113;945,63;10574,97;2167,37;3998,9;65535;18691,8;14692,9;0;0;0;
1114;945,77;10573,41;2168,93;3821,6;65535;18537,2;14715,6;0;0;0;
1115;945,91;10571,85;2170,49;3603;65535;18286,7;14683,7;0;0;0;
1116;946,05;10570,29;2172,05;3689,6;65535;18444,6;14755;0;0;0;
1117;946,19;10568,73;2173,61;3766,9;65535;18513,7;14746,8;0;0;0;
1118;946,33;10567,17;2175,17;3650,3;65535;18422,9;14772,6;0;0;0;
1119;946,47;10565,61;2176,73;3654;65535;18475,7;14821,7;0;0;0;
1120;946,61;10564,05;2178,29;3723,9;65535;18557,9;14834;0;0;0;
1121;946,75;10562,5;2179,85;3676,8;65535;18607;14930,2;0;0;0;
1122;946,89;10560,94;2181,4;3684,4;65535;18658,3;14973,9;0;0;0;
1123;947,02;10559,38;2182,96;3629,7;65535;18602,6;14972,9;0;0;0;
1124;947,16;10557,83;2184,51;3708,5;65535;18727,6;15019,1;0;0;0;
1125;947,3;10556,27;2186,07;3654,6;65535;18708,6;15054;0;0;0;
1126;947,44;10554,72;2187,62;3598,4;65535;18673,9;15075,5;0;0;0;
1127;947,58;10553,17;2189,18;3560,8;65535;18677,9;15117,1;0;0;0;
1128;947,72;10551,61;2190,73;3625,9;65535;18765,6;15139,7;0;0;0;
1129;947,86;10550,06;2192,28;3906;65535;18978,5;15072,5;0;0;0;
1130;948;10548,51;2193,83;3660,3;65535;18734,5;15074,2;0;0;0;
1131;948,14;10546,96;2195,38;3615,8;65535;18776,1;15160,3;0;0;0;
1132;948,28;10545,41;2196,93;3667,7;65535;18815,6;15147,9;0;0;0;
1133;948,42;10543,86;2198,48;3672,1;65535;18864,6;15192,5;0;0;0;
1134;948,56;10542,31;2200,03;3626,7;65535;18798,7;15172;0;0;0;
1135;948,7;10540,76;2201,58;3699;65535;18841;15142;0;0;0;
1136;948,84;10539,21;2203,13;3618;65535;18677,7;15059,7;0;0;0;
1137;948,98;10537,67;2204,68;3696,7;65535;18789,1;15092,4;0;0;0;
1138;949,12;10536,12;2206,22;4076,3;65535;19124,3;15048;0;0;0;
1139;949,26;10534,57;2207,77;3561;65535;18574,2;15013,2;0;0;0;
1140;949,39;10533,03;2209,32;3826;65535;18807,3;14981,3;0;0;0;
1141;949,53;10531,48;2210,86;3681,5;65535;18658,2;14976,7;0;0;0;
1142;949,67;10529,94;2212,4;3789,5;65535;18710,3;14920,8;0;0;0;
1143;949,81;10528,4;2213,95;3672,7;65535;18547,5;14874,8;0;0;0;
1144;949,95;10526,85;2215,49;3768,3;65535;18688,8;14920,5;0;0;0;
1145;950,09;10525,31;2217,03;3648,3;65535;18575,5;14927,2;0;0;0;
1146;950,23;10523,77;2218,58;3603,7;65535;18468,7;14865;0;0;0;
1147;950,37;10522,23;2220,12;3546,9;65535;18373,6;14826,7;0;0;0;
1148;950,51;10520,69;2221,66;3722,5;65535;18516,8;14794,3;0;0;0;
1149;950,65;10519,15;2223,2;3715,2;65535;18426,8;14711,6;0;0;0;
1150;950,79;10517,61;2224,74;3701,8;65535;18277,2;14575,4;0;0;0;
1151;950,93;10516,07;2226,28;3679,4;65535;18104,6;14425,2;0;0;0;
1152;951,06;10514,53;2227,81;3557,2;65535;17861,9;14304,7;0;0;0;
1153;951,2;10512,99;2229,35;3672,1;65535;17841,7;14169,6;0;0;0;
1154;951,34;10511,45;2230,89;3671;65535;17771,9;14100,9;0;0;0;
1155;951,48;10509,92;2232,43;3688,4;65535;17731,1;14042,7;0;0;0;
1156;951,62;10508,38;2233,96;3648,4;65535;17527,9;13879,5;0;0;0;
1157;951,76;10506,85;2235,5;3573,1;65535;17379,9;13806,8;0;0;0;
1158;951,9;10505,31;2237,03;3818,1;65535;17504,2;13686,1;0;0;0;
1159;952,04;10503,78;2238,57;3707,4;65535;17208,6;13501,2;0;0;0;
1160;952,18;10502,24;2240,1;3613,5;65535;17029,2;13415,7;0;0;0;
1161;952,32;10500,71;2241,63;3791,6;65535;17142,5;13350,9;0;0;0;
1162;952,46;10499,18;2243,16;3756,6;65535;17067,2;13310,6;0;0;0;
1163;952,59;10497,65;2244,7;3583,1;65535;16769,7;13186,6;0;0;0;
1164;952,73;10496,12;2246,23;3720;65535;16854;13134;0;0;0;
1165;952,87;10494,59;2247,76;3813,2;65535;16972,9;13159,7;0;0;0;
1166;953,01;10493,06;2249,29;3879,3;65535;16995,5;13116,2;0;0;0;
1167;953,15;10491,53;2250,82;3537,5;65535;16681,3;13143,8;0;0;0;
1168;953,29;10490;2252,34;3879,8;65535;17090;13210,2;0;0;0;
1169;953,43;10488,47;2253,87;3644,9;65535;16970,4;13325,5;0;0;0;
1170;953,57;10486,94;2255,4;3673,5;65535;16976,7;13303,2;0;0;0;
1171;953,71;10485,42;2256,93;3869,7;65535;17278,5;13408,8;0;0;0;
1172;953,84;10483,89;2258,45;3720,2;65535;17095,6;13375,4;0;0;0;
1173;953,98;10482,36;2259,98;3724,7;65535;17204,6;13479,9;0;0;0;
1174;954,12;10480,84;2261,5;3572,1;65535;17087,1;13515;0;0;0;
1175;954,26;10479,32;2263,03;3578,6;65535;17186,9;13608,3;0;0;0;
1176;954,4;10477,79;2264,55;3635,8;65535;17307,1;13671,3;0;0;0;
1177;954,54;10476,27;2266,08;3559,3;65535;17294,9;13735,6;0;0;0;
1178;954,68;10474,75;2267,6;3659;65535;17510,2;13851,2;0;0;0;
1179;954,82;10473,22;2269,12;4069,1;65535;17804,4;13735,3;0;0;0;
1180;954,95;10471,7;2270,64;3655,5;65535;17574,1;13918,6;0;0;0;
1181;955,09;10470,18;2272,16;3874,1;65535;17842,3;13968,2;0;0;0;
1182;955,23;10468,66;2273,68;3716,5;65535;17704,1;13987,6;0;0;0;
1183;955,37;10467,14;2275,2;3686,1;65535;17791,6;14105,5;0;0;0;
1184;955,51;10465,62;2276,72;3735,7;65535;17876,1;14140,4;0;0;0;
1185;955,65;10464,1;2278,24;4102,2;65535;18273,1;14170,9;0;0;0;
1186;955,79;10462,59;2279,76;3734,6;65535;17941;14206,4;0;0;0;
1187;955,93;10461,07;2281,28;3612,1;65535;17859,2;14247,1;0;0;0;
1188;956,06;10459,55;2282,79;3651,5;65535;17995;14343,5;0;0;0;
1189;956,2;10458,04;2284,31;4092,8;65535;18432,5;14339,7;0;0;0;
1190;956,34;10456,52;2285,82;4015,2;65535;18334,7;14319,5;0;0;0;
1191;956,48;10455,01;2287,34;3746,7;65535;18096,7;14350;0;0;0;
1192;956,62;10453,49;2288,85;3905,2;65535;18322;14416,8;0;0;0;
1193;956,76;10451,98;2290,37;3608,8;65535;18012;14403,2;0;0;0;
1194;956,9;10450,46;2291,88;3587;65535;18024,7;14437,7;0;0;0;
1195;957,03;10448,95;2293,39;3525,7;65535;17963,4;14437,7;0;0;0;
1196;957,17;10447,44;2294,9;3654,4;65535;18149,4;14495;0;0;0;
1197;957,31;10445,93;2296,42;3921,7;65535;18400,2;14478,5;0;0;0;
1198;957,45;10444,42;2297,93;3739,1;65535;18287,2;14548,1;0;0;0;
1199;957,59;10442,91;2299,44;3775,2;65535;18300,2;14525;0;0;0;
1200;957,73;10441,4;2300,95;3667,4;65535;18226;14558,6;0;0;0;
1201;957,86;10439,89;2302,46;3679;65535;18241,3;14562,3;0;0;0;
1202;958;10438,38;2303,96;3790,3;65535;18354,7;14564,4;0;0;0;
1203;958,14;10436,87;2305,47;3562,5;65535;18099,3;14536,8;0;0;0;
1204;958,28;10435,36;2306,98;4405,4;65535;18945,9;14540,5;0;0;0;
1205;958,42;10433,86;2308,49;3764,5;65535;18316,3;14551,8;0;0;0;
1206;958,56;10432,35;2309,99;3709,2;65535;18203;14493,8;0;0;0;
1207;958,69;10430,85;2311,5;3768,5;65535;18246,9;14478,4;0;0;0;
1208;958,83;10429,34;2313;3645,3;65535;18152,2;14506,9;0;0;0;
1209;958,97;10427,84;2314,51;3650;65535;18074,5;14424,5;0;0;0;
1210;959,11;10426,33;2316,01;3680,8;65535;18192,4;14511,6;0;0;0;
1211;959,25;10424,83;2317,51;3604,6;65535;18032,9;14428,3;0;0;0;
1212;959,39;10423,33;2319,02;3780,8;65535;18217,3;14436,5;0;0;0;
1213;959,52;10421,83;2320,52;3540,9;65535;17941,7;14400,8;0;0;0;
1214;959,66;10420,32;2322,02;4129,8;65535;18444,5;14314,7;0;0;0;
1215;959,8;10418,82;2323,52;4085,3;65535;18435;14349,7;0;0;0;
1216;959,94;10417,32;2325,02;3844,6;65535;18148,8;14304,2;0;0;0;
1217;960,08;10415,82;2326,52;3575;65535;17807,8;14232,8;0;0;0;
1218;960,22;10414,33;2328,02;4081,9;65535;18328,1;14246,2;0;0;0;
1219;960,35;10412,83;2329,52;3658,2;65535;17861,5;14203,3;0;0;0;
1220;960,49;10411,33;2331,01;3660,5;65535;17865,5;14205;0;0;0;
1221;960,63;10409,83;2332,51;3600,3;65535;17776,8;14176,5;0;0;0;
1222;960,77;10408,33;2334,01;3662,5;65535;17786,9;14124,4;0;0;0;
1223;960,91;10406,84;2335,5;3723,2;65535;17798,9;14075,7;0;0;0;
1224;961,04;10405,34;2337;3761,5;65535;17860,2;14098,7;0;0;0;
1225;961,18;10403,85;2338,5;3657,8;65535;17714,2;14056,4;0;0;0;
1226;961,32;10402,35;2339,99;3561,6;65535;17582,4;14020,8;0;0;0;
1227;961,46;10400,86;2341,48;3592,4;65535;17570,3;13977,9;0;0;0;
1228;961,6;10399,37;2342,98;3713,4;65535;17697,5;13984,1;0;0;0;
1229;961,74;10397,87;2344,47;3741,8;65535;17718,1;13976,3;0;0;0;
1230;961,87;10396,38;2345,96;3821,5;65535;17767,4;13945,9;0;0;0;
1231;962,01;10394,89;2347,45;3743,8;65535;17630,2;13886,4;0;0;0;
1232;962,15;10393,4;2348,94;3681,6;65535;17546,3;13864,7;0;0;0;
1233;962,29;10391,91;2350,43;3601;65535;17477,6;13876,6;0;0;0;
1234;962,42;10390,42;2351,92;3806,9;65535;17678,1;13871,2;0;0;0;
1235;962,56;10388,93;2353,41;3695,1;65535;17542;13846,9;0;0;0;
1236;962,7;10387,44;2354,9;3776,5;65535;17588,4;13811,9;0;0;0;
1237;962,84;10385,95;2356,39;3741,3;65535;17556,9;13815,6;0;0;0;
1238;962,98;10384,47;2357,88;3582,1;65535;17313,7;13731,6;0;0;0;
1239;963,11;10382,98;2359,36;3883,5;65535;17638,1;13754,6;0;0;0;
1240;963,25;10381,49;2360,85;3635,1;65535;17326,5;13691,4;0;0;0;
1241;963,39;10380,01;2362,33;3596;65535;17271,3;13675,3;0;0;0;
1242;963,53;10378,52;2363,82;3753,4;65535;17414,6;13661,2;0;0;0;
1243;963,67;10377,04;2365,3;3749,7;65535;17372,6;13622,9;0;0;0;
1244;963,8;10375,56;2366,79;3665,1;65535;17282,7;13617,6;0;0;0;
1245;963,94;10374,07;2368,27;3777,6;65535;17382,7;13605,1;0;0;0;
1246;964,08;10372,59;2369,75;3812,3;65535;17420,8;13608,5;0;0;0;
1247;964,22;10371,11;2371,24;3621,1;65535;17243;13621,9;0;0;0;
1248;964,35;10369,63;2372,72;3640,3;65535;17249,3;13609;0;0;0;
1249;964,49;10368,14;2374,2;3677,7;65535;17220,7;13543;0;0;0;
1250;964,63;10366,66;2375,68;3637,2;65535;17168;13530,8;0;0;0;
1251;964,77;10365,18;2377,16;3576,7;65535;17102,7;13526;0;0;0;
1252;964,91;10363,71;2378,64;3662,9;65535;17206,6;13543,7;0;0;0;
1253;965,04;10362,23;2380,12;3741;65535;17276,8;13535,8;0;0;0;
1254;965,18;10360,75;2381,59;3673,7;65535;17191,4;13517,7;0;0;0;
1255;965,32;10359,27;2383,07;3695,7;65535;17167,8;13472,1;0;0;0;
1256;965,46;10357,79;2384,55;3688,5;65535;17119,6;13431,1;0;0;0;
1257;965,59;10356,32;2386,03;3673,9;65535;17117,3;13443,4;0;0;0;
1258;965,73;10354,84;2387,5;3652,4;65535;17013,4;13361;0;0;0;
1259;965,87;10353,37;2388,98;3678,2;65535;17027,9;13349,7;0;0;0;
1260;966,01;10351,89;2390,45;4742,6;65535;18128,1;13385,5;0;0;0;
1261;966,14;10350,42;2391,93;3744,5;65535;17103,3;13358,8;0;0;0;
1262;966,28;10348,94;2393,4;3765,3;65535;17072,3;13307;0;0;0;
1263;966,42;10347,47;2394,87;3670;65535;16989,5;13319,5;0;0;0;
1264;966,56;10346;2396,34;3605,7;65535;16900,2;13294,5;0;0;0;
1265;966,69;10344,53;2397,82;3643,4;65535;16937,3;13293,9;0;0;0;
1266;966,83;10343,06;2399,29;3707;65535;16956,1;13249,1;0;0;0;
1267;966,97;10341,59;2400,76;3603,7;65535;16866;13262,3;0;0;0;
1268;967,11;10340,12;2402,23;3761,6;65535;17013,2;13251,6;0;0;0;
1269;967,24;10338,65;2403,7;3633,1;65535;16817,5;13184,4;0;0;0;
1270;967,38;10337,18;2405,17;3827,2;65535;16998,9;13171,7;0;0;0;
1271;967,52;10335,71;2406,63;3609,9;65535;16818,9;13209;0;0;0;
1272;967,66;10334,24;2408,1;3784,7;65535;16878,7;13094;0;0;0;
1273;967,79;10332,77;2409,57;3597,8;65535;16753,4;13155,6;0;0;0;
1274;967,93;10331,31;2411,04;4720,9;65535;17918,4;13197,5;0;0;0;
1275;968,07;10329,84;2412,5;3763,2;65535;16940,8;13177,6;0;0;0;
1276;968,21;10328,38;2413,97;3659,4;65535;16768,7;13109,3;0;0;0;
1277;968,34;10326,91;2415,43;3662;65535;16770,1;13108,1;0;0;0;
1278;968,48;10325,45;2416,9;3904,6;65535;16956,4;13051,8;0;0;0;
1279;968,62;10323,98;2418,36;3792,5;65535;16855,7;13063,2;0;0;0;
1280;968,76;10322,52;2419,82;3633,4;65535;16694,1;13060,7;0;0;0;
1281;968,89;10321,06;2421,29;3665,6;65535;16728,6;13063;0;0;0;
1282;969,03;10319,59;2422,75;3715,4;65535;16776,6;13061,2;0;0;0;
1283;969,17;10318,13;2424,21;3849,3;65535;16898,2;13048,9;0;0;0;
1284;969,3;10316,67;2425,67;4089,3;65535;17138,1;13048,8;0;0;0;
1285;969,44;10315,21;2427,13;3734,9;65535;16777,1;13042,2;0;0;0;
1286;969,58;10313,75;2428,59;3686,2;65535;16704,8;13018,6;0;0;0;
1287;969,72;10312,29;2430,05;3745,2;65535;16743,5;12998,3;0;0;0;
1288;969,85;10310,83;2431,51;3723,8;65535;16712,5;12988,7;0;0;0;
1289;969,99;10309,38;2432,97;3643,7;65535;16580,2;12936,5;0;0;0;
1290;970,13;10307,92;2434,42;3576,6;65535;16625,9;13049,3;0;0;0;
1291;970,27;10306,46;2435,88;3535,3;65535;16559,2;13023,9;0;0;0;
1292;970,4;10305,01;2437,34;3709;65535;16736,6;13027,6;0;0;0;
1293;970,54;10303,55;2438,79;3680,7;65535;16673;12992,3;0;0;0;
1294;970,68;10302,09;2440,25;3621,9;65535;16660,1;13038,2;0;0;0;
1295;970,81;10300,64;2441,7;3752,1;65535;16765,5;13013,4;0;0;0;
1296;970,95;10299,19;2443,16;3654,3;65535;16695,9;13041,6;0;0;0;
1297;971,09;10297,73;2444,61;3829,9;65535;16876,5;13046,6;0;0;0;
1298;971,22;10296,28;2446,06;3702,8;65535;16708,6;13005,8;0;0;0;
1299;971,36;10294,83;2447,52;3670,5;65535;16722;13051,5;0;0;0;
1300;971,5;10293,37;2448,97;3602,6;65535;16620,4;13017,8;0;0;0;
1301;971,64;10291,92;2450,42;3631,4;65535;16726,6;13095,2;0;0;0;
1302;971,77;10290,47;2451,87;3942;65535;17020,3;13078,3;0;0;0;
1303;971,91;10289,02;2453,32;3611,5;65535;16657,6;13046,1;0;0;0;
1304;972,05;10287,57;2454,77;3540,9;65535;16585,9;13045;0;0;0;
1305;972,18;10286,12;2456,22;3648,2;65535;16751,8;13103,6;0;0;0;
1306;972,32;10284,68;2457,67;3815,4;65535;16927;13111,6;0;0;0;
1307;972,46;10283,23;2459,12;3678;65535;16787,1;13109,1;0;0;0;
1308;972,59;10281,78;2460,56;3599,7;65535;16702,6;13102,9;0;0;0;
1309;972,73;10280,33;2462,01;3599,1;65535;16725,3;13126,2;0;0;0;
1310;972,87;10278,89;2463,46;3723,4;65535;16871,5;13148,1;0;0;0;
1311;973;10277,44;2464,9;3744,8;65535;16822,6;13077,8;0;0;0;
1312;973,14;10276;2466,35;3680,1;65535;16715,8;13035,7;0;0;0;
1313;973,28;10274,55;2467,79;3622,9;65535;16694,4;13071,5;0;0;0;
1314;973,42;10273,11;2469,24;3633,3;65535;16596,3;12963;0;0;0;
1315;973,55;10271,66;2470,68;3605,6;65535;16608,6;13003;0;0;0;
1316;973,69;10270,22;2472,12;3821,4;65535;16804,7;12983,3;0;0;0;
1317;973,83;10268,78;2473,56;3596;65535;16520;12924;0;0;0;
1318;973,96;10267,34;2475,01;3536,8;65535;16456,9;12920,1;0;0;0;
1319;974,1;10265,9;2476,45;3836,5;65535;16698,4;12861,9;0;0;0;
1320;974,24;10264,46;2477,89;3631;65535;16486,3;12855,3;0;0;0;
1321;974,37;10263,02;2479,33;3736;65535;16551,1;12815,1;0;0;0;
1322;974,51;10261,58;2480,77;3689,2;65535;16491,5;12802,3;0;0;0;
1323;974,65;10260,14;2482,21;3778,7;65535;16568;12789,3;0;0;0;
1324;974,78;10258,7;2483,64;3664,7;65535;16387,4;12722,7;0;0;0;
1325;974,92;10257,26;2485,08;3694,1;65535;16338,3;12644,2;0;0;0;
1326;975,06;10255,82;2486,52;3857,8;65535;16522,6;12664,8;0;0;0;
1327;975,19;10254,39;2487,96;3897,2;65535;16513,8;12616,6;0;0;0;
1328;975,33;10252,95;2489,39;3593,2;65535;16163,1;12569,9;0;0;0;
1329;975,47;10251,52;2490,83;3766,1;65535;16261,1;12495;0;0;0;
1330;975,6;10250,08;2492,26;3612,8;65535;16084,6;12471,8;0;0;0;
1331;975,74;10248,65;2493,7;3603,4;65535;16086,6;12483,2;0;0;0;
1332;975,88;10247,21;2495,13;3550,9;65535;16003,1;12452,2;0;0;0;
1333;976,01;10245,78;2496,56;3783;65535;16258,8;12475,8;0;0;0;
1334;976,15;10244,35;2498;3674,7;65535;16059,1;12384,4;0;0;0;
1335;976,28;10242,91;2499,43;3700,6;65535;16122,6;12422;0;0;0;
1336;976,42;10241,48;2500,86;3601,6;65535;15948,1;12346,5;0;0;0;
1337;976,56;10240,05;2502,29;3671,7;65535;16005,9;12334,2;0;0;0;
1338;976,69;10238,62;2503,72;3750,3;65535;16029,2;12278,9;0;0;0;
1339;976,83;10237,19;2505,15;3732,9;65535;15984,1;12251,2;0;0;0;
1340;976,97;10235,76;2506,58;4229,7;65535;16420,3;12190,6;0;0;0;
1341;977,1;10234,33;2508,01;3683,5;65535;15796,6;12113,1;0;0;0;
1342;977,24;10232,9;2509,44;3752,2;65535;15856,9;12104,7;0;0;0;
1343;977,38;10231,48;2510,87;3718,7;65535;15813,5;12094,8;0;0;0;
1344;977,51;10230,05;2512,29;3709,3;65535;15748,5;12039,2;0;0;0;
1345;977,65;10228,62;2513,72;3712,1;65535;15752,3;12040,2;0;0;0;
1346;977,79;10227,2;2515,15;3670,2;65535;15694,2;12024;0;0;0;
1347;977,92;10225,77;2516,57;3698,1;65535;15689,7;11991,6;0;0;0;
1348;978,06;10224,35;2518;3593,1;65535;15548,2;11955,1;0;0;0;
1349;978,19;10222,92;2519,42;3671,9;65535;15582,2;11910,3;0;0;0;
1350;978,33;10221,5;2520,85;3680,7;65535;15506,6;11825,9;0;0;0;
1351;978,47;10220,07;2522,27;3713,3;65535;15549,5;11836,2;0;0;0;
1352;978,6;10218,65;2523,69;3610,1;65535;15411,7;11801,6;0;0;0;
1353;978,74;10217,23;2525,11;3829,3;65535;15592,5;11763,2;0;0;0;
1354;978,88;10215,81;2526,54;4333,7;65535;15985,7;11652;0;0;0;
1355;979,01;10214,39;2527,96;3615,4;65535;15238,6;11623,2;0;0;0;
1356;979,15;10212,97;2529,38;3752,6;65535;15377,1;11624,5;0;0;0;
1357;979,28;10211,55;2530,8;3568,1;65535;15238,2;11670,1;0;0;0;
1358;979,42;10210,13;2532,22;3805,7;65535;15456,7;11651;0;0;0;
1359;979,56;10208,71;2533,64;3786,7;65535;15399,7;11613;0;0;0;
1360;979,69;10207,29;2535,05;3769,6;65535;15341,6;11572;0;0;0;
1361;979,83;10205,87;2536,47;3648,9;65535;15117,1;11468,2;0;0;0;
1362;979,96;10204,45;2537,89;3665,4;65535;15090,4;11425;0;0;0;
1363;980,1;10203,04;2539,31;3956,6;65535;15374,3;11417,7;0;0;0;
1364;980,24;10201,62;2540,72;3612;65535;14987,3;11375,3;0;0;0;
1365;980,37;10200,21;2542,14;3641,6;65535;14980,8;11339,2;0;0;0;
1366;980,51;10198,79;2543,55;3666,7;65535;14974,4;11307,7;0;0;0;
1367;980,64;10197,38;2544,97;3755,5;65535;15005,6;11250,1;0;0;0;
1368;980,78;10195,96;2546,38;3798;65535;14976,4;11178,4;0;0;0;
1369;980,92;10194,55;2547,8;3597,9;65535;14671;11073,1;0;0;0;
1370;981,05;10193,14;2549,21;3657,8;65535;14672,7;11014,9;0;0;0;
1371;981,19;10191,72;2550,62;3656,9;65535;14612,6;10955,7;0;0;0;
1372;981,32;10190,31;2552,03;3708,1;65535;14581,1;10873;0;0;0;
1373;981,46;10188,9;2553,44;3722,8;65535;14512,8;10790;0;0;0;
1374;981,6;10187,49;2554,85;3620,2;65535;14364,3;10744,1;0;0;0;
1375;981,73;10186,08;2556,26;4406,9;65535;15122,8;10715,9;0;0;0;
1376;981,87;10184,67;2557,67;3820,3;65535;14447,2;10626,9;0;0;0;
1377;982;10183,26;2559,08;3832,4;65535;14414,5;10582,1;0;0;0;
1378;982,14;10181,85;2560,49;3705,4;65535;14236,5;10531,1;0;0;0;
1379;982,28;10180,44;2561,9;3550,6;65535;13985,1;10434,5;0;0;0;
1380;982,41;10179,04;2563,31;3712,6;65535;14068,6;10356;0;0;0;
1381;982,55;10177,63;2564,71;3634,8;65535;13914;10279,2;0;0;0;
1382;982,68;10176,22;2566,12;3600,3;65535;13787,9;10187,6;0;0;0;
1383;982,82;10174,82;2567,53;3667,1;65535;13754,1;10087;0;0;0;
1384;982,95;10173,41;2568,93;3589,3;65535;13626,9;10037,6;0;0;0;
1385;983,09;10172,01;2570,34;3649,4;65535;13596,3;9946,9;0;0;0;
1386;983,23;10170,6;2571,74;3606,3;65535;13499,3;9893;0;0;0;
1387;983,36;10169,2;2573,14;3840,1;65535;13707,8;9867,7;0;0;0;
1388;983,5;10167,8;2574,55;3631,8;65535;13425,6;9793,8;0;0;0;
1389;983,63;10166,39;2575,95;3716;65535;13523,6;9807,6;0;0;0;
1390;983,77;10164,99;2577,35;3666,9;65535;13364,5;9697,6;0;0;0;
1391;983,9;10163,59;2578,75;3725,7;65535;13381,5;9655,8;0;0;0;
1392;984,04;10162,19;2580,15;3619,1;65535;13221;9601,9;0;0;0;
1393;984,18;10160,79;2581,55;3727,1;65535;13322,8;9595,7;0;0;0;
1394;984,31;10159,39;2582,95;3723,8;65535;13281,2;9557,4;0;0;0;
1395;984,45;10157,99;2584,35;3680,6;65535;13219,7;9539,1;0;0;0;
1396;984,58;10156,59;2585,75;3766,6;65535;13351,4;9584,8;0;0;0;
1397;984,72;10155,19;2587,15;3798,9;65535;13362,2;9563,3;0;0;0;
1398;984,85;10153,8;2588,55;3627,1;65535;13175,7;9548,6;0;0;0;
1399;984,99;10152,4;2589,94;3627,8;65535;13194;9566,2;0;0;0;
1400;985,12;10151;2591,34;3719,2;65535;13339,8;9620,6;0;0;0;
1401;985,26;10149,61;2592,74;3570;65535;13185,5;9615,5;0;0;0;
1402;985,4;10148,21;2594,13;3604,2;65535;13283,4;9679,2;0;0;0;
1403;985,53;10146,82;2595,53;3818,4;65535;13501,5;9683,1;0;0;0;
1404;985,67;10145,42;2596,92;3627,2;65535;13329,4;9702,2;0;0;0;
1405;985,8;10144,03;2598,32;3760,6;65535;13487,8;9727,2;0;0;0;
1406;985,94;10142,63;2599,71;3588,6;65535;13331,5;9742,9;0;0;0;
1407;986,07;10141,24;2601,1;3596,6;65535;13386,9;9790,3;0;0;0;
1408;986,21;10139,85;2602,49;3732,6;65535;13553,4;9820,8;0;0;0;
1409;986,34;10138,46;2603,89;3773,6;65535;13615,2;9841,6;0;0;0;
1410;986,48;10137,07;2605,28;3704,4;65535;13583,7;9879,3;0;0;0;
1411;986,61;10135,68;2606,67;3721;65535;13576,4;9855,4;0;0;0;
1412;986,75;10134,29;2608,06;3786,1;65535;13681,5;9895,4;0;0;0;
1413;986,88;10132,9;2609,45;3657,8;65535;13609,4;9951,6;0;0;0;
1414;987,02;10131,51;2610,84;3724,6;65535;13679,2;9954,6;0;0;0;
1415;987,16;10130,12;2612,22;3603,6;65535;13623,7;10020,1;0;0;0;
1416;987,29;10128,73;2613,61;3664,2;65535;13715,8;10051,6;0;0;0;
1417;987,43;10127,34;2615;3595,2;65535;13696,7;10101,5;0;0;0;
1418;987,56;10125,96;2616,39;3762,1;65535;13872,2;10110,1;0;0;0;
1419;987,7;10124,57;2617,77;4058,4;65535;14231,1;10172,7;0;0;0;
1420;987,83;10123,18;2619,16;3657,1;65535;13879,5;10222,4;0;0;0;
1421;987,97;10121,8;2620,54;3573,7;65535;13782,1;10208,4;0;0;0;
1422;988,1;10120,41;2621,93;3654,8;65535;13950,1;10295,3;0;0;0;
1423;988,24;10119,03;2623,31;3668,7;65535;13969,9;10301,2;0;0;0;
1424;988,37;10117,65;2624,7;3837,5;65535;14089,2;10251,7;0;0;0;
1425;988,51;10116,26;2626,08;3622,2;65535;13854,7;10232,5;0;0;0;
1426;988,64;10114,88;2627,46;3695,1;65535;13955,8;10260,7;0;0;0;
1427;988,78;10113,5;2628,84;3986,6;65535;14333,5;10346,9;0;0;0;
1428;988,91;10112,12;2630,23;3658,6;65535;13954,5;10295,9;0;0;0;
1429;989,05;10110,74;2631,61;3563,9;65535;13880,3;10316,4;0;0;0;
1430;989,18;10109,36;2632,99;4149;65535;14445,4;10296,4;0;0;0;
1431;989,32;10107,98;2634,37;3851,5;65535;14161,9;10310,4;0;0;0;
1432;989,45;10106,6;2635,75;3825;65535;14144,3;10319,3;0;0;0;
1433;989,59;10105,22;2637,13;3643,8;65535;13944,9;10301,1;0;0;0;
1434;989,72;10103,84;2638,5;3604,3;65535;13940,7;10336,4;0;0;0;
1435;989,86;10102,46;2639,88;3621,3;65535;13914,3;10293;0;0;0;
1436;989,99;10101,08;2641,26;3696,7;65535;14026,7;10330;0;0;0;
1437;990,13;10099,71;2642,64;3700,4;65535;14006,2;10305,8;0;0;0;
1438;990,26;10098,33;2644,01;3811,1;65535;14140,9;10329,8;0;0;0;
1439;990,4;10096,96;2645,39;3662,8;65535;14005,5;10342,7;0;0;0;
1440;990,53;10095,58;2646,76;3635,9;65535;13959,1;10323,2;0;0;0;
1441;990,67;10094,21;2648,14;3714,7;65535;14014,4;10299,7;0;0;0;
1442;990,8;10092,83;2649,51;3737,1;65535;14047,4;10310,3;0;0;0;
1443;990,94;10091,46;2650,88;5564,2;65535;15954;10389,8;0;0;0;
1444;991,07;10090,09;2652,26;3672,7;65535;13967,1;10294,4;0;0;0;
1445;991,21;10088,71;2653,63;3913,3;65535;14234,4;10321,1;0;0;0;
1446;991,34;10087,34;2655;3770,1;65535;14082,7;10312,6;0;0;0;
1447;991,48;10085,97;2656,37;3617,5;65535;13880,1;10262,6;0;0;0;
1448;991,61;10084,6;2657,74;3611,4;65535;13896,4;10285;0;0;0;
1449;991,75;10083,23;2659,11;3699,3;65535;13961,4;10262,1;0;0;0;
1450;991,88;10081,86;2660,48;3603,5;65535;13879,1;10275,6;0;0;0;
1451;992,02;10080,49;2661,85;3556,8;65535;13832,9;10276,1;0;0;0;
1452;992,15;10079,12;2663,22;3598,7;65535;13832,7;10234;0;0;0;
1453;992,28;10077,75;2664,59;3570,3;65535;13819,6;10249,3;0;0;0;
1454;992,42;10076,39;2665,96;3728,5;65535;13956,7;10228,2;0;0;0;
1455;992,55;10075,02;2667,33;3681,3;65535;13900,1;10218,8;0;0;0;
1456;992,69;10073,65;2668,69;3689,9;65535;13862,3;10172,4;0;0;0;
1457;992,82;10072,29;2670,06;3622,4;65535;13822,1;10199,7;0;0;0;
1458;992,96;10070,92;2671,42;3787,8;65535;13926,1;10138,3;0;0;0;
1459;993,09;10069,55;2672,79;3642,8;65535;13821,9;10179,1;0;0;0;
1460;993,23;10068,19;2674,15;3728,4;65535;13856;10127,6;0;0;0;
1461;993,36;10066,83;2675,52;3626;65535;13718,7;10092,7;0;0;0;
1462;993,5;10065,46;2676,88;3607,4;65535;13732,9;10125,5;0;0;0;
1463;993,63;10064,1;2678,24;4118,9;65535;14199,2;10080,3;0;0;0;
1464;993,77;10062,74;2679,61;3591,2;65535;13623,2;10032;0;0;0;
1465;993,9;10061,38;2680,97;3914;65535;13964;10050;0;0;0;
1466;994,03;10060,01;2682,33;4283,1;65535;14291,7;10008,6;0;0;0;
1467;994,17;10058,65;2683,69;3822;65535;13818,2;9996,2;0;0;0;
1468;994,3;10057,29;2685,05;3710,6;65535;13653,9;9943,3;0;0;0;
1469;994,44;10055,93;2686,41;3746,4;65535;13672,9;9926,5;0;0;0;
1470;994,57;10054,57;2687,77;3688,6;65535;13648;9959,4;0;0;0;
1471;994,71;10053,22;2689,13;3709,6;65535;13669;9959,4;0;0;0;
1472;994,84;10051,86;2690,49;3713,9;65535;13649,2;9935,3;0;0;0;
1473;994,98;10050,5;2691,84;3706,7;65535;13578,5;9871,8;0;0;0;
1474;995,11;10049,14;2693,2;3807,6;65535;13663,8;9856,2;0;0;0;
1475;995,24;10047,79;2694,56;3670,1;65535;13502,1;9832;0;0;0;
1476;995,38;10046,43;2695,91;3705,6;65535;13532,6;9827;0;0;0;
1477;995,51;10045,07;2697,27;3967,3;65535;13780;9812,7;0;0;0;
1478;995,65;10043,72;2698,62;3713,9;65535;13523,6;9809,7;0;0;0;
1479;995,78;10042,36;2699,98;3724,5;65535;13502,8;9778,3;0;0;0;
1480;995,92;10041,01;2701,33;3876,4;65535;13649,9;9773,5;0;0;0;
1481;996,05;10039,66;2702,69;3992;65535;13832,7;9840,7;0;0;0;
1482;996,18;10038,3;2704,04;3710,1;65535;13514,2;9804,1;0;0;0;
1483;996,32;10036,95;2705,39;3646;65535;13458,5;9812,5;0;0;0;
1484;996,45;10035,6;2706,74;3665,2;65535;13465,5;9800,3;0;0;0;
1485;996,59;10034,25;2708,1;3601,3;65535;13438,1;9836,8;0;0;0;
1486;996,72;10032,9;2709,45;3685,8;65535;13523,1;9837,3;0;0;0;
1487;996,86;10031,55;2710,8;3544,2;65535;13453;9908,8;0;0;0;
1488;996,99;10030,2;2712,15;3591,5;65535;13457,5;9866;0;0;0;
1489;997,12;10028,85;2713,5;3558,5;65535;13401,7;9843,2;0;0;0;
1490;997,26;10027,5;2714,84;3716,9;65535;13566,6;9849,7;0;0;0;
1491;997,39;10026,15;2716,19;3728,8;65535;13559,3;9830,5;0;0;0;
1492;997,53;10024,8;2717,54;3776,7;65535;13601,3;9824,6;0;0;0;
1493;997,66;10023,46;2718,89;4045,7;65535;13859,4;9813,7;0;0;0;
1494;997,79;10022,11;2720,23;3621,6;65535;13405,5;9783,9;0;0;0;
1495;997,93;10020,76;2721,58;3712,3;65535;13506;9793,7;0;0;0;
1496;998,06;10019,42;2722,93;3684,7;65535;13476,1;9791,4;0;0;0;
1497;998,2;10018,07;2724,27;3701,6;65535;13419,7;9718,1;0;0;0;
1498;998,33;10016,73;2725,62;3579,5;65535;13303,6;9724,1;0;0;0;
1499;998,46;10015,38;2726,96;3683,1;65535;13403,3;9720,2;0;0;0;
1500;998,6;10014,04;2728,3;3635,3;65535;13371,1;9735,8;0;0;0;
1501;998,73;10012,7;2729,65;3674,9;65535;13415,5;9740,6;0;0;0;
1502;998,87;10011,35;2730,99;3825,8;65535;13529;9703,2;0;0;0;
1503;999;10010,01;2732,33;3653,7;65535;13301;9647,3;0;0;0;
1504;999,13;10008,67;2733,67;3605,7;65535;13280,6;9674,9;0;0;0;
1505;999,27;10007,33;2735,01;3962,8;65535;13663;9700,2;0;0;0;
1506;999,4;10005,99;2736,35;3796;65535;13404,5;9608,5;0;0;0;
1507;999,54;10004,65;2737,69;3651,2;65535;13267,3;9616,1;0;0;0;
1508;999,67;10003,31;2739,03;3592,3;65535;13098,3;9506;0;0;0;
1509;999,8;10001,97;2740,37;3791,9;65535;13294,8;9502,9;0;0;0;
1510;999,94;10000,63;2741,71;3891,5;65535;13373,1;9481,6;0;0;0;
1511;1000,07;9999,29;2743,05;3616,1;65535;13076,5;9460,4;0;0;0;
1512;1000,2;9997,96;2744,39;3695,3;65535;13129,5;9434,2;0;0;0;
1513;1000,34;9996,62;2745,72;3567,6;65535;12964,9;9397,3;0;0;0;
1514;1000,47;9995,28;2747,06;3573,6;65535;12949;9375,4;0;0;0;
1515;1000,61;9993,95;2748,4;3666,9;65535;13040;9373,1;0;0;0;
1516;1000,74;9992,61;2749,73;3761,6;65535;13095;9333,4;0;0;0;
1517;1000,87;9991,28;2751,07;3606,7;65535;12949,1;9342,4;0;0;0;
1518;1001,01;9989,94;2752,4;3700,2;65535;12974,7;9274,5;0;0;0;
1519;1001,14;9988,61;2753,73;3673,7;65535;12962,9;9289,2;0;0;0;
1520;1001,27;9987,28;2755,07;3735,9;65535;13005,6;9269,7;0;0;0;
1521;1001,41;9985,94;2756,4;3689,3;65535;12923,9;9234,6;0;0;0;
1522;1001,54;9984,61;2757,73;3604;65535;12797,1;9193,1;0;0;0;
1523;1001,67;9983,28;2759,06;3583,6;65535;12772,6;9189;0;0;0;
1524;1001,81;9981,95;2760,39;3611,9;65535;12761;9149,1;0;0;0;
1525;1001,94;9980,62;2761,73;3942,8;65535;13047,4;9104,6;0;0;0;
1526;1002,08;9979,29;2763,06;3888;65535;12968,5;9080,5;0;0;0;
1527;1002,21;9977,96;2764,39;3687,3;65535;12760,7;9073,4;0;0;0;
1528;1002,34;9976,63;2765,71;3703,7;65535;12759;9055,3;0;0;0;
1529;1002,48;9975,3;2767,04;3659,5;65535;12649,4;8989,9;0;0;0;
1530;1002,61;9973,97;2768,37;3634,4;65535;12605,9;8971,5;0;0;0;
1531;1002,74;9972,64;2769,7;3734;65535;12696;8962;0;0;0;
1532;1002,88;9971,32;2771,03;3734,8;65535;12664,4;8929,6;0;0;0;
1533;1003,01;9969,99;2772,35;3584,2;65535;12425,2;8841;0;0;0;
1534;1003,14;9968,67;2773,68;3672,4;65535;12531,2;8858,8;0;0;0;
1535;1003,28;9967,34;2775;3662,6;65535;12508,7;8846,1;0;0;0;
1536;1003,41;9966,01;2776,33;3684,1;65535;12487,9;8803,8;0;0;0;
1537;1003,54;9964,69;2777,65;3715,4;65535;12485,3;8769,9;0;0;0;
1538;1003,68;9963,37;2778,98;3651,7;65535;12391,7;8740;0;0;0;
1539;1003,81;9962,04;2780,3;3591,8;65535;12296,6;8704,8;0;0;0;
1540;1003,94;9960,72;2781,62;3762,9;65535;12387,6;8624,7;0;0;0;
1541;1004,08;9959,4;2782,95;3729,5;65535;12300,1;8570,6;0;0;0;
1542;1004,21;9958,07;2784,27;3666;65535;12195,4;8529,4;0;0;0;
1543;1004,34;9956,75;2785,59;3585,7;65535;12024;8438,3;0;0;0;
1544;1004,48;9955,43;2786,91;3673,4;65535;12123,9;8450,5;0;0;0;
1545;1004,61;9954,11;2788,23;3693,7;65535;12060,4;8366,7;0;0;0;
1546;1004,74;9952,79;2789,55;3706,9;65535;12030,9;8324;0;0;0;
1547;1004,88;9951,47;2790,87;3647;65535;11884,7;8237,7;0;0;0;
1548;1005,01;9950,15;2792,19;3587,2;65535;11774,8;8187,6;0;0;0;
1549;1005,14;9948,84;2793,51;3666,6;65535;11854,5;8187,9;0;0;0;
1550;1005,28;9947,52;2794,83;3608,6;65535;11761,5;8152,9;0;0;0;
1551;1005,41;9946,2;2796,14;3680,9;65535;11777,1;8096,2;0;0;0;
1552;1005,54;9944,88;2797,46;3653;65535;11740;8087;0;0;0;
1553;1005,68;9943,57;2798,78;3698,3;65535;11834,7;8136,4;0;0;0;
1554;1005,81;9942,25;2800,09;3749,9;65535;11854,1;8104,2;0;0;0;
1555;1005,94;9940,94;2801,41;3700,3;65535;11805,5;8105,2;0;0;0;
1556;1006,07;9939,62;2802,72;3606,9;65535;11709,7;8102,8;0;0;0;
1557;1006,21;9938,31;2804,04;3980,1;65535;12124,5;8144,4;0;0;0;
1558;1006,34;9936,99;2805,35;3707,2;65535;11827;8119,8;0;0;0;
1559;1006,47;9935,68;2806,66;3724,7;65535;11886,2;8161,5;0;0;0;
1560;1006,61;9934,37;2807,98;3786,7;65535;11914,2;8127,5;0;0;0;
1561;1006,74;9933,05;2809,29;4254,4;65535;12385,6;8131,2;0;0;0;
1562;1006,87;9931,74;2810,6;3861,7;65535;12016,8;8155,1;0;0;0;
1563;1007,01;9930,43;2811,91;3730,3;65535;11833,1;8102,8;0;0;0;
1564;1007,14;9929,12;2813,22;3611,3;65535;11688,3;8077;0;0;0;
1565;1007,27;9927,81;2814,53;3810,6;65535;11871,5;8060,9;0;0;0;
1566;1007,4;9926,5;2815,84;3650,1;65535;11713,5;8063,4;0;0;0;
1567;1007,54;9925,19;2817,15;3670;65535;11717,2;8047,2;0;0;0;
1568;1007,67;9923,88;2818,46;3995;65535;12055,3;8060,3;0;0;0;
1569;1007,8;9922,57;2819,77;3678,4;65535;11696,7;8018,3;0;0;0;
1570;1007,94;9921,26;2821,08;3853;65535;11876,7;8023,7;0;0;0;
1571;1008,07;9919,96;2822,39;3716,9;65535;11718,6;8001,7;0;0;0;
1572;1008,2;9918,65;2823,69;3695,8;65535;11700,7;8004,9;0;0;0;
1573;1008,33;9917,34;2825;3600,8;65535;11624,2;8023,4;0;0;0;
1574;1008,47;9916,04;2826,3;3705,5;65535;11708,3;8002,8;0;0;0;
1575;1008,6;9914,73;2827,61;3668,4;65535;11653,6;7985,2;0;0;0;
1576;1008,73;9913,43;2828,91;3714,5;65535;11645,7;7931,2;0;0;0;
1577;1008,87;9912,12;2830,22;3761,7;65535;11699,6;7937,9;0;0;0;
1578;1009;9910,82;2831,52;3726,7;65535;11672,6;7945,9;0;0;0;
1579;1009,13;9909,52;2832,83;3775,6;65535;11704,3;7928,7;0;0;0;
1580;1009,26;9908,21;2834,13;3749;65535;11697,9;7948,9;0;0;0;
1581;1009,4;9906,91;2835,43;3711,7;65535;11679;7967,3;0;0;0;
1582;1009,53;9905,61;2836,73;3573,5;65535;11489,1;7915,6;0;0;0;
1583;1009,66;9904,31;2838,03;3563,1;65535;11436;7872,9;0;0;0;
1584;1009,79;9903,01;2839,34;3788,4;65535;11705,8;7917,4;0;0;0;
1585;1009,93;9901,71;2840,64;3582;65535;11443,3;7861,3;0;0;0;
1586;1010,06;9900,41;2841,94;3747;65535;11606,4;7859,4;0;0;0;
1587;1010,19;9899,11;2843,23;4129,8;65535;11986,3;7856,5;0;0;0;
1588;1010,32;9897,81;2844,53;3602,7;65535;11437,8;7835,1;0;0;0;
1589;1010,46;9896,51;2845,83;3676,6;65535;11467,5;7790,9;0;0;0;
1590;1010,59;9895,21;2847,13;3740,1;65535;11530,4;7790,3;0;0;0;
1591;1010,72;9893,92;2848,43;3759,8;65535;11562;7802,2;0;0;0;
1592;1010,85;9892,62;2849,72;3679,9;65535;11431,5;7751,6;0;0;0;
1593;1010,99;9891,32;2851,02;3692,7;65535;11435,9;7743,2;0;0;0;
1594;1011,12;9890,03;2852,32;3683,7;65535;11413,9;7730,2;0;0;0;
1595;1011,25;9888,73;2853,61;3817,9;65535;11503,6;7685,7;0;0;0;
1596;1011,38;9887,44;2854,91;3793,8;65535;11484,8;7691;0;0;0;
1597;1011,52;9886,14;2856,2;3918;65535;11587,4;7669,4;0;0;0;
1598;1011,65;9884,85;2857,49;3706,1;65535;11311,2;7605,1;0;0;0;
1599;1011,78;9883,56;2858,79;3617,1;65535;11260,5;7643,4;0;0;0;
1600;1011,91;9882,26;2860,08;3711;65535;11317,3;7606,3;0;0;0;
1601;1012,05;9880,97;2861,37;3655;65535;11175;7520;0;0;0;
1602;1012,18;9879,68;2862,66;3561;65535;11057,9;7496,9;0;0;0;
1603;1012,31;9878,39;2863,96;3669,7;65535;11179,3;7509,6;0;0;0;
1604;1012,44;9877,1;2865,25;3599,2;65535;11062,4;7463,2;0;0;0;
1605;1012,58;9875,81;2866,54;3675;65535;11092,8;7417,8;0;0;0;
1606;1012,71;9874,52;2867,83;3941;65535;11321;7380;0;0;0;
1607;1012,84;9873,23;2869,12;3761,2;65535;11159,4;7398,2;0;0;0;
1608;1012,97;9871,94;2870,4;3706,4;65535;11049,8;7343,4;0;0;0;
1609;1013,1;9870,65;2871,69;3689,2;65535;10998,7;7309,5;0;0;0;
1610;1013,24;9869,36;2872,98;3720,7;65535;11008,4;7287,7;0;0;0;
1611;1013,37;9868,08;2874,27;3569,1;65535;10868,5;7299,4;0;0;0;
1612;1013,5;9866,79;2875,55;3648,1;65535;10890,2;7242,1;0;0;0;
1613;1013,63;9865,5;2876,84;3690;65535;10915,5;7225,5;0;0;0;
1614;1013,77;9864,22;2878,13;3882,3;65535;11072;7189,7;0;0;0;
1615;1013,9;9862,93;2879,41;3591,5;65535;10731,5;7140;0;0;0;
1616;1014,03;9861,65;2880,7;3740,1;65535;10836,9;7096,8;0;0;0;
1617;1014,16;9860,36;2881,98;3772,8;65535;10845;7072,2;0;0;0;
1618;1014,29;9859,08;2883,27;3540,3;65535;10560,1;7019,8;0;0;0;
1619;1014,43;9857,79;2884,55;3648,3;65535;10601,5;6953,2;0;0;0;
1620;1014,56;9856,51;2885,83;3689,8;65535;10622,4;6932,6;0;0;0;
1621;1014,69;9855,23;2887,11;3538,7;65535;10449,6;6910,9;0;0;0;
1622;1014,82;9853,95;2888,4;3701,1;65535;10592,9;6891,8;0;0;0;
1623;1014,95;9852,67;2889,68;3983,8;65535;10845,3;6861,5;0;0;0;
1624;1015,09;9851,39;2890,96;3616,2;65535;10410,3;6794,1;0;0;0;
1625;1015,22;9850,1;2892,24;3543,1;65535;10337,8;6794,7;0;0;0;
1626;1015,35;9848,82;2893,52;3929;65535;10686,9;6757,9;0;0;0;
1627;1015,48;9847,55;2894,8;3674,5;65535;10412;6737,5;0;0;0;
1628;1015,61;9846,27;2896,08;3681,9;65535;10341,8;6659,9;0;0;0;
1629;1015,75;9844,99;2897,36;3585,8;65535;10236,5;6650,7;0;0;0;
1630;1015,88;9843,71;2898,63;3682,6;65535;10268,3;6585,7;0;0;0;
1631;1016,01;9842,43;2899,91;3725,8;65535;10278;6552,2;0;0;0;
1632;1016,14;9841,16;2901,19;3596;65535;10131;6535;0;0;0;
1633;1016,27;9839,88;2902,46;4002,1;65535;10489,8;6487,7;0;0;0;
1634;1016,4;9838,6;2903,74;3682,6;65535;10158,6;6476;0;0;0;
1635;1016,54;9837,33;2905,02;3616,4;65535;9947,6;6331,2;0;0;0;
1636;1016,67;9836,05;2906,29;3555,3;65535;9900,6;6345,3;0;0;0;
1637;1016,8;9834,78;2907,57;4179,9;65535;10624,5;6444,6;0;0;0;
1638;1016,93;9833,5;2908,84;3642,9;65535;9905,3;6262,4;0;0;0;
1639;1017,06;9832,23;2910,11;3780,8;65535;10014;6233,2;0;0;0;
1640;1017,19;9830,96;2911,39;3627,9;65535;9837,7;6209,8;0;0;0;
1641;1017,33;9829,68;2912,66;3629,9;65535;9814,2;6184,3;0;0;0;
1642;1017,46;9828,41;2913,93;3782,6;65535;9921;6138,4;0;0;0;
1643;1017,59;9827,14;2915,2;3843,3;65535;9961,5;6118,2;0;0;0;
1644;1017,72;9825,87;2916,47;3690,5;65535;9776,2;6085,7;0;0;0;
1645;1017,85;9824,6;2917,74;3784,2;65535;9792,7;6008,5;0;0;0;
1646;1017,98;9823,33;2919,01;3696,9;65535;9667,4;5970,5;0;0;0;
1647;1018,12;9822,06;2920,28;3688;65535;9625,9;5937,9;0;0;0;
1648;1018,25;9820,79;2921,55;3961;65535;9857,7;5896,7;0;0;0;
1649;1018,38;9819,52;2922,82;4174,2;65535;10049,2;5875;0;0;0;
1650;1018,51;9818,25;2924,09;3715,3;65535;9530;5814,7;0;0;0;
1651;1018,64;9816,99;2925,36;3789,9;65535;9536,9;5747;0;0;0;
1652;1018,77;9815,72;2926,62;3564,2;65535;9298,1;5733,9;0;0;0;
1653;1018,91;9814,45;2927,89;3691;65535;9414,7;5723,7;0;0;0;
1654;1019,04;9813,19;2929,16;3575,5;65535;9244,5;5669;0;0;0;
1655;1019,17;9811,92;2930,42;3749;65535;9399,7;5650,7;0;0;0;
1656;1019,3;9810,66;2931,69;3801,3;65535;9396,5;5595,2;0;0;0;
1657;1019,43;9809,39;2932,95;3618,2;65535;9203,2;5585;0;0;0;
1658;1019,56;9808,13;2934,22;3715,1;65535;9246,7;5531,6;0;0;0;
1659;1019,69;9806,86;2935,48;3650,9;65535;9124,8;5473,9;0;0;0;
1660;1019,83;9805,6;2936,74;3594;65535;9034,5;5440,5;0;0;0;
1661;1019,96;9804,34;2938,01;3662,7;65535;9077,9;5415,2;0;0;0;
1662;1020,09;9803,07;2939,27;3977,1;65535;9382,4;5405,3;0;0;0;
1663;1020,22;9801,81;2940,53;3551,2;65535;8875,7;5324,5;0;0;0;
1664;1020,35;9800,55;2941,79;3677,1;65535;8960,7;5283,6;0;0;0;
1665;1020,48;9799,29;2943,05;3650,6;65535;8892,2;5241,6;0;0;0;
1666;1020,61;9798,03;2944,31;3615,7;65535;8806,3;5190,6;0;0;0;
1667;1020,74;9796,77;2945,57;3605,7;65535;8741,9;5136,2;0;0;0;
1668;1020,88;9795,51;2946,83;3792,2;65535;8876,9;5084,7;0;0;0;
1669;1021,01;9794,25;2948,09;3851,3;65535;9185,5;5334,2;0;0;0;
1670;1021,14;9792,99;2949,35;3747,7;65535;8805,6;5057,9;0;0;0;
1671;1021,27;9791,73;2950,61;3629,8;65535;8620,5;4990,7;0;0;0;
1672;1021,4;9790,48;2951,87;3685,4;65535;8616,7;4931,3;0;0;0;
1673;1021,53;9789,22;2953,12;3746,2;65535;8636,8;4890,6;0;0;0;
1674;1021,66;9787,96;2954,38;3666,5;65535;8522,2;4855,7;0;0;0;
1675;1021,79;9786,71;2955,64;3807,8;65535;8623,5;4815,7;0;0;0;
1676;1021,93;9785,45;2956,89;3791,9;65535;8552,7;4760,8;0;0;0;
1677;1022,06;9784,2;2958,15;3697,8;65535;8415,3;4717,5;0;0;0;
1678;1022,19;9782,94;2959,4;3976,4;65535;8649,8;4673,4;0;0;0;
1679;1022,32;9781,69;2960,66;3744,7;65535;8371,8;4627,1;0;0;0;
1680;1022,45;9780,43;2961,91;3811,3;65535;8376,2;4564,9;0;0;0;
1681;1022,58;9779,18;2963,16;3638,1;65535;8215,9;4577,8;0;0;0;
1682;1022,71;9777,93;2964,41;3707,1;65535;8208,9;4501,8;0;0;0;
1683;1022,84;9776,68;2965,67;3776,9;65535;8235,6;4458,7;0;0;0;
1684;1022,97;9775,42;2966,92;3763,7;65535;8200,8;4437,1;0;0;0;
1685;1023,1;9774,17;2968,17;3716,1;65535;8139,2;4423,1;0;0;0;
1686;1023,24;9772,92;2969,42;3622;65535;7991,2;4369,2;0;0;0;
1687;1023,37;9771,67;2970,67;3575,7;65535;7890,7;4315;0;0;0;
1688;1023,5;9770,42;2971,92;3604,8;65535;7898,9;4294,1;0;0;0;
1689;1023,63;9769,17;2973,17;5413,3;65535;9744,7;4331,4;0;0;0;
1690;1023,76;9767,92;2974,42;3551,3;65535;7804;4252,7;0;0;0;
1691;1023,89;9766,68;2975,67;3604,4;65535;7809,9;4205,5;0;0;0;
1692;1024,02;9765,43;2976,92;3659,2;65535;7829,7;4170,5;0;0;0;
1693;1024,15;9764,18;2978,16;3621,6;65535;7780,9;4159,3;0;0;0;
1694;1024,28;9762,93;2979,41;3616,5;65535;7762,9;4146,4;0;0;0;
1695;1024,41;9761,69;2980,66;3601,6;65535;7707;4105,4;0;0;0;
1696;1024,54;9760,44;2981,9;3672;65535;7748,6;4076,6;0;0;0;
1697;1024,67;9759,2;2983,15;3972,9;65535;8067,2;4094,3;0;0;0;
1698;1024,81;9757,95;2984,39;3552,2;65535;7604,9;4052,7;0;0;0;
1699;1024,94;9756,71;2985,64;3688,5;65535;7746,9;4058,4;0;0;0;
1700;1025,07;9755,46;2986,88;3631,9;65535;7673,4;4041,5;0;0;0;
1701;1025,2;9754,22;2988,12;3748,7;65535;7785,3;4036,6;0;0;0;
1702;1025,33;9752,98;2989,37;3794,5;65535;7819,2;4024,7;0;0;0;
1703;1025,46;9751,73;2990,61;3825,7;65535;7800;3974,3;0;0;0;
1704;1025,59;9750,49;2991,85;3644,3;65535;7647,7;4003,4;0;0;0;
1705;1025,72;9749,25;2993,09;3763,5;65535;7778,7;4015,2;0;0;0;
1706;1025,85;9748,01;2994,34;4306,3;65535;8289,5;3983,2;0;0;0;
1707;1025,98;9746,77;2995,58;3733,3;65535;7741,8;4008,5;0;0;0;
1708;1026,11;9745,53;2996,82;3606,9;65535;7616,1;4009,2;0;0;0;
1709;1026,24;9744,29;2998,06;3749,5;65535;7739,1;3989,6;0;0;0;
1710;1026,37;9743,05;2999,3;3567,9;65535;7550;3982,1;0;0;0;
1711;1026,5;9741,81;3000,53;3727,6;65535;7725,1;3997,5;0;0;0;
1712;1026,63;9740,57;3001,77;3696,2;65535;7685,7;3989,5;0;0;0;
1713;1026,76;9739,33;3003,01;3708,9;65535;7716,4;4007,5;0;0;0;
1714;1026,89;9738,1;3004,25;3606;65535;7605,4;3999,4;0;0;0;
1715;1027,03;9736,86;3005,48;3941,3;65535;7965,2;4023,9;0;0;0;
1716;1027,16;9735,62;3006,72;3568,3;65535;7549,1;3980,8;0;0;0;
1717;1027,29;9734,39;3007,96;3650,7;65535;7636,1;3985,4;0;0;0;
1718;1027,42;9733,15;3009,19;3664,4;65535;7640,7;3976,3;0;0;0;
1719;1027,55;9731,92;3010,43;3685,5;65535;7692,8;4007,3;0;0;0;
1720;1027,68;9730,68;3011,66;3672,4;65535;7644,2;3971,8;0;0;0;
1721;1027,81;9729,45;3012,9;3598,1;65535;7630,2;4032,1;0;0;0;
1722;1027,94;9728,21;3014,13;3763;65535;7789,7;4026,7;0;0;0;
1723;1028,07;9726,98;3015,36;3629,5;65535;7654,6;4025,1;0;0;0;
1724;1028,2;9725,75;3016,6;3776;65535;7812,1;4036,1;0;0;0;
1725;1028,33;9724,52;3017,83;3901,9;65535;7930,4;4028,5;0;0;0;
1726;1028,46;9723,28;3019,06;3734,9;65535;7766,2;4031,3;0;0;0;
1727;1028,59;9722,05;3020,29;3599,7;65535;7656,7;4057;0;0;0;
1728;1028,72;9720,82;3021,52;3695,8;65535;7754,9;4059,1;0;0;0;
1729;1028,85;9719,59;3022,75;3561,2;65535;7605,6;4044,4;0;0;0;
1730;1028,98;9718,36;3023,98;3810,4;65535;7864,2;4053,8;0;0;0;
1731;1029,11;9717,13;3025,21;4376,9;65535;8439,9;4063;0;0;0;
1732;1029,24;9715,9;3026,44;4753,2;65535;8804,9;4051,7;0;0;0;
1733;1029,37;9714,68;3027,67;3860,3;65535;7930,4;4070,1;0;0;0;
1734;1029,5;9713,45;3028,9;3605,9;65535;7656,7;4050,8;0;0;0;
1735;1029,63;9712,22;3030,12;3771,1;65535;7828,9;4057,8;0;0;0;
1736;1029,76;9710,99;3031,35;3695,6;65535;7746,7;4051,1;0;0;0;
1737;1029,89;9709,77;3032,58;3674,2;65535;7720;4045,8;0;0;0;
1738;1030,02;9708,54;3033,8;3770,5;65535;7792,5;4022;0;0;0;
1739;1030,15;9707,31;3035,03;3714,3;65535;7739,4;4025,1;0;0;0;
1740;1030,28;9706,09;3036,25;3789,6;65535;7824,3;4034,7;0;0;0;
1741;1030,41;9704,87;3037,48;3740,1;65535;7752,4;4012,3;0;0;0;
1742;1030,54;9703,64;3038,7;3703,5;65535;7687,7;3984,2;0;0;0;
1743;1030,67;9702,42;3039,93;3605,8;65535;7573,5;3967,7;0;0;0;
1744;1030,8;9701,19;3041,15;3664,2;65535;7646,1;3981,9;0;0;0;
1745;1030,93;9699,97;3042,37;3628,7;65535;7613,6;3984,9;0;0;0;
1746;1031,06;9698,75;3043,59;3724,5;65535;7658,2;3933,7;0;0;0;
1747;1031,19;9697,53;3044,82;3723,9;65535;7676,7;3952,8;0;0;0;
1748;1031,32;9696,31;3046,04;3687,1;65535;7608,8;3921,7;0;0;0;
1749;1031,45;9695,09;3047,26;3826,3;65535;7755,6;3929,3;0;0;0;
1750;1031,58;9693,86;3048,48;3554,6;65535;7480,4;3925,8;0;0;0;
1751;1031,71;9692,64;3049,7;3625,2;65535;7541,9;3916,7;0;0;0;
1752;1031,84;9691,43;3050,92;3923,2;65535;7802;3878,8;0;0;0;
1753;1031,97;9690,21;3052,14;3868,6;65535;7750,7;3882,1;0;0;0;
1754;1032,1;9688,99;3053,36;3600,4;65535;7483,7;3883,3;0;0;0;
1755;1032,23;9687,77;3054,57;3585,2;65535;7466,6;3881,4;0;0;0;
1756;1032,36;9686,55;3055,79;3819;65535;7694,2;3875,2;0;0;0;
1757;1032,49;9685,34;3057,01;3612,9;65535;7478,8;3865,9;0;0;0;
1758;1032,62;9684,12;3058,23;3633;65535;7518,6;3885,6;0;0;0;
1759;1032,75;9682,9;3059,44;3691;65535;7577,7;3886,7;0;0;0;
1760;1032,88;9681,69;3060,66;3720,2;65535;7612,8;3892,6;0;0;0;
1761;1033,01;9680,47;3061,87;3768,4;65535;7675,6;3907,2;0;0;0;
1762;1033,14;9679,26;3063,09;3964,6;65535;7885,5;3920,9;0;0;0;
1763;1033,27;9678,04;3064,3;3768,7;65535;7735,4;3966,7;0;0;0;
1764;1033,4;9676,83;3065,52;3810,8;65535;7764,7;3953,9;0;0;0;
1765;1033,53;9675,61;3066,73;6442,5;65535;10529;4086,5;0;0;0;
1766;1033,66;9674,4;3067,94;3772;65535;7742,9;3970,9;0;0;0;
1767;1033,79;9673,19;3069,15;3663,2;65535;7631,9;3968,7;0;0;0;
1768;1033,91;9671,98;3070,37;3709,9;65535;7723,9;4014;0;0;0;
1769;1034,04;9670,77;3071,58;3653,6;65535;7651,3;3997,7;0;0;0;
1770;1034,17;9669,55;3072,79;3575,6;65535;7566,6;3991;0;0;0;
1771;1034,3;9668,34;3074;3723,5;65535;7732,6;4009,1;0;0;0;
1772;1034,43;9667,13;3075,21;3790,5;65535;7771,7;3981,2;0;0;0;
1773;1034,56;9665,92;3076,42;3645,6;65535;7638,7;3993,1;0;0;0;
1774;1034,69;9664,72;3077,63;3713,4;65535;7706,1;3992,7;0;0;0;
1775;1034,82;9663,51;3078,84;3580,4;65535;7567,2;3986,8;0;0;0;
1776;1034,95;9662,3;3080,05;3797,4;65535;7798,9;4001,5;0;0;0;
1777;1035,08;9661,09;3081,25;3547,9;65535;7497,2;3949,3;0;0;0;
1778;1035,21;9659,88;3082,46;3740,6;65535;7717,3;3976,7;0;0;0;
1779;1035,34;9658,68;3083,67;3888;65535;7825,9;3937,9;0;0;0;
1780;1035,47;9657,47;3084,87;3690,8;65535;7655,5;3964,7;0;0;0;
1781;1035,6;9656,26;3086,08;3710,2;65535;7662,3;3952,1;0;0;0;
1782;1035,73;9655,06;3087,29;3763;65535;7679,5;3916,5;0;0;0;
1783;1035,86;9653,85;3088,49;3566,3;65535;7463,2;3896,9;0;0;0;
1784;1035,99;9652,65;3089,7;3718,3;65535;7615,7;3897,4;0;0;0;
1785;1036,11;9651,44;3090,9;3707,1;65535;7590,3;3883,2;0;0;0;
1786;1036,24;9650,24;3092,1;3771,2;65535;7651,1;3879,9;0;0;0;
1787;1036,37;9649,04;3093,31;3826,5;65535;7720,7;3894,2;0;0;0;
1788;1036,5;9647,83;3094,51;3713,6;65535;7603,9;3890,3;0;0;0;
1789;1036,63;9646,63;3095,71;3638,3;65535;7537,4;3899,1;0;0;0;
1790;1036,76;9645,43;3096,91;3629,2;65535;7505,8;3876,6;0;0;0;
1791;1036,89;9644,23;3098,11;3583,4;65535;7440,2;3856,8;0;0;0;
1792;1037,02;9643,03;3099,32;3746;65535;7606,5;3860,5;0;0;0;
1793;1037,15;9641,83;3100,52;3753,9;65535;7608,8;3854,9;0;0;0;
1794;1037,28;9640,63;3101,72;3724,3;65535;7547,3;3823;0;0;0;
1795;1037,41;9639,43;3102,92;3596,2;65535;7398,9;3802,7;0;0;0;
1796;1037,53;9638,23;3104,11;4979;65535;7847,6;2868,6;0;0;0;
1797;1037,66;9637,03;3105,31;7851,9;65535;8618,1;766,2;0;0;0;
1798;1037,79;9635,83;3106,51;3665,5;65535;7443,1;3777,6;0;0;0;
1799;1037,92;9634,63;3107,71;3683,7;65535;7489,9;3806,2;0;0;0;
1800;1038,05;9633,44;3108,91;3725,7;65535;7469,7;3744;0;0;0;
1801;1038,18;9632,24;3110,1;3711,4;65535;8203,1;4491,7;0;0;0;
1802;1038,31;9631,04;3111,3;3585,6;65535;7322,1;3736,5;0;0;0;
1803;1038,44;9629,85;3112,49;3731,2;65535;7467,4;3736,2;0;0;0;
1804;1038,57;9628,65;3113,69;3626,6;65535;7309,4;3682,8;0;0;0;
1805;1038,7;9627,46;3114,89;3607,8;65535;7305,5;3697,7;0;0;0;
1806;1038,82;9626,26;3116,08;3697,2;65535;7405,8;3708,6;0;0;0;
1807;1038,95;9625,07;3117,27;3785;65535;7493,2;3708,2;0;0;0;
1808;1039,08;9623,88;3118,47;4029,7;65535;7696,4;3666,7;0;0;0;
1809;1039,21;9622,68;3119,66;3812,1;65535;7502,7;3690,6;0;0;0;
1810;1039,34;9621,49;3120,85;3679,6;65535;7326,2;3646,6;0;0;0;
1811;1039,47;9620,3;3122,05;3780,5;65535;7431;3650,5;0;0;0;
1812;1039,6;9619,11;3123,24;4063,2;65535;7702,5;3639,3;0;0;0;
1813;1039,73;9617,92;3124,43;3615,1;65535;7241,9;3626,8;0;0;0;
1814;1039,86;9616,72;3125,62;3519,1;65535;7116,8;3597,7;0;0;0;
1815;1039,98;9615,53;3126,81;3707,4;65535;7291;3583,6;0;0;0;
1816;1040,11;9614,34;3128;3610,3;65535;7212;3601,7;0;0;0;
1817;1040,24;9613,15;3129,19;3912,3;65535;7487,6;3575,3;0;0;0;
1818;1040,37;9611,97;3130,38;3756,9;65535;7335,7;3578,8;0;0;0;
1819;1040,5;9610,78;3131,57;3764,1;65535;7316,5;3552,4;0;0;0;
1820;1040,63;9609,59;3132,75;3571,3;65535;7105,7;3534,4;0;0;0;
1821;1040,76;9608,4;3133,94;3571,7;65535;7121;3549,3;0;0;0;
1822;1040,88;9607,21;3135,13;3587,7;65535;7085,4;3497,7;0;0;0;
1823;1041,01;9606,03;3136,32;3645,7;65535;7162,7;3517;0;0;0;
1824;1041,14;9604,84;3137,5;3607,7;65535;7127,5;3519,8;0;0;0;
1825;1041,27;9603,66;3138,69;3813,3;65535;7319,3;3506;0;0;0;
1826;1041,4;9602,47;3139,87;3682,9;65535;7122,3;3439,4;0;0;0;
1827;1041,53;9601,29;3141,06;3861,1;65535;7340,5;3479,4;0;0;0;
1828;1041,66;9600,1;3142,24;3713,9;65535;7166,8;3452,9;0;0;0;
1829;1041,78;9598,92;3143,43;3706,6;65535;7120,9;3414,3;0;0;0;
1830;1041,91;9597,73;3144,61;3845,8;65535;7246,5;3400,7;0;0;0;
1831;1042,04;9596,55;3145,79;4020;65535;7443,1;3423,1;0;0;0;
1832;1042,17;9595,37;3146,98;3748,2;65535;7136,2;3388;0;0;0;
1833;1042,3;9594,19;3148,16;3639,3;65535;6988,4;3349,1;0;0;0;
1834;1042,43;9593;3149,34;4279,3;65535;7657,1;3377,8;0;0;0;
1835;1042,55;9591,82;3150,52;3629,7;65535;6959,7;3330;0;0;0;
1836;1042,68;9590,64;3151,7;3721,1;65535;7072,2;3351,1;0;0;0;
1837;1042,81;9589,46;3152,88;4109,2;65535;7472,4;3363,2;0;0;0;
1838;1042,94;9588,28;3154,06;3762,2;65535;7055,2;3293;0;0;0;
1839;1043,07;9587,1;3155,24;3737,8;65535;7025,9;3288,1;0;0;0;
1840;1043,2;9585,92;3156,42;3681;65535;6967,6;3286,6;0;0;0;
1841;1043,32;9584,74;3157,6;3620,7;65535;6888,4;3267,7;0;0;0;
1842;1043,45;9583,57;3158,78;3826,7;65535;7076,3;3249,6;0;0;0;
1843;1043,58;9582,39;3159,95;3679,2;65535;6922,8;3243,6;0;0;0;
1844;1043,71;9581,21;3161,13;3667;65535;6888,5;3221,5;0;0;0;
1845;1043,84;9580,03;3162,31;3582;65535;6790,6;3208,6;0;0;0;
1846;1043,97;9578,86;3163,49;3578,7;65535;6814,2;3235,5;0;0;0;
1847;1044,09;9577,68;3164,66;3911,9;65535;7123;3211,1;0;0;0;
1848;1044,22;9576,51;3165,84;3651,1;65535;6844;3192,9;0;0;0;
1849;1044,35;9575,33;3167,01;3659,6;65535;6843;3183,4;0;0;0;
1850;1044,48;9574,16;3168,19;3599,4;65535;6762,2;3162,8;0;0;0;
1851;1044,61;9572,98;3169,36;3685,7;65535;6852,7;3167;0;0;0;
1852;1044,73;9571,81;3170,53;3597,4;65535;6744,9;3147,5;0;0;0;
1853;1044,86;9570,64;3171,71;3816,3;65535;6981,2;3164,9;0;0;0;
1854;1044,99;9569,46;3172,88;3650,6;65535;6771,5;3120,9;0;0;0;
1855;1045,12;9568,29;3174,05;3589,8;65535;6681,3;3091,5;0;0;0;
1856;1045,25;9567,12;3175,22;3557,6;65535;6632,9;3075,3;0;0;0;
1857;1045,37;9565,95;3176,39;3613,6;65535;6680,5;3066,9;0;0;0;
1858;1045,5;9564,78;3177,57;3652,5;65535;6695,8;3043,3;0;0;0;
1859;1045,63;9563,61;3178,74;3756,3;65535;6797,7;3041,4;0;0;0;
1860;1045,76;9562,44;3179,91;3754,5;65535;6791,2;3036,7;0;0;0;
1861;1045,89;9561,27;3181,08;3702,3;65535;6744,9;3042,6;0;0;0;
1862;1046,01;9560,1;3182,24;3640,5;65535;6597,1;2956,6;0;0;0;
1863;1046,14;9558,93;3183,41;3639,6;65535;6620,3;2980,7;0;0;0;
1864;1046,27;9557,76;3184,58;3631,7;65535;6590,2;2958,5;0;0;0;
1865;1046,4;9556,59;3185,75;3718,6;65535;6672,9;2954,3;0;0;0;
1866;1046,53;9555,43;3186,92;3727,8;65535;6642,2;2914,4;0;0;0;
1867;1046,65;9554,26;3188,08;3610,7;65535;6479,8;2869,1;0;0;0;
1868;1046,78;9553,09;3189,25;3663,6;65535;6544,6;2881;0;0;0;
1869;1046,91;9551,93;3190,42;3621,5;65535;6511,3;2889,8;0;0;0;
1870;1047,04;9550,76;3191,58;3658,2;65535;6515,9;2857,7;0;0;0;
1871;1047,16;9549,6;3192,75;3602,4;65535;6473,2;2870,8;0;0;0;
1872;1047,29;9548,43;3193,91;3729,1;65535;6574,7;2845,6;0;0;0;
1873;1047,42;9547,27;3195,08;3796,6;65535;6603,2;2806,6;0;0;0;
1874;1047,55;9546,1;3196,24;3621,2;65535;6473,7;2852,5;0;0;0;
1875;1047,68;9544,94;3197,4;3612,1;65535;6446;2833,9;0;0;0;
1876;1047,8;9543,78;3198,57;3669,9;65535;6469,1;2799,2;0;0;0;
1877;1047,93;9542,62;3199,73;3660,6;65535;6453,6;2793;0;0;0;
1878;1048,06;9541,45;3200,89;4031;65535;6823;2792;0;0;0;
1879;1048,19;9540,29;3202,05;3567,7;65535;6293;2725,3;0;0;0;
1880;1048,31;9539,13;3203,21;3718,9;65535;6452,5;2733,6;0;0;0;
1881;1048,44;9537,97;3204,37;3677,1;65535;6396,4;2719,3;0;0;0;
1882;1048,57;9536,81;3205,53;3755,2;65535;6462,8;2707,6;0;0;0;
1883;1048,7;9535,65;3206,69;3696,4;65535;6383,3;2686,9;0;0;0;
1884;1048,82;9534,49;3207,85;3830,6;65535;6509,4;2678,8;0;0;0;
1885;1048,95;9533,33;3209,01;3779,1;65535;6454,5;2675,4;0;0;0;
1886;1049,08;9532,17;3210,17;3611,8;65535;6270,6;2658,8;0;0;0;
1887;1049,21;9531,02;3211,33;3763,6;65535;6415,5;2651,9;0;0;0;
1888;1049,33;9529,86;3212,48;3886,9;65535;6541,9;2655;0;0;0;
1889;1049,46;9528,7;3213,64;3576,3;65535;6207,9;2631,6;0;0;0;
1890;1049,59;9527,54;3214,8;3733;65535;6330,6;2597,6;0;0;0;
1891;1049,72;9526,39;3215,95;3690,5;65535;6291;2600,5;0;0;0;
1892;1049,84;9525,23;3217,11;3668,8;65535;6272,9;2604,1;0;0;0;
1893;1049,97;9524,08;3218,27;3717,5;65535;6314,7;2597,2;0;0;0;
1894;1050,1;9522,92;3219,42;3725;65535;6317,9;2592,9;0;0;0;
1895;1050,23;9521,77;3220,58;3562,3;65535;6105,9;2543,6;0;0;0;
1896;1050,35;9520,61;3221,73;3660,7;65535;6194,1;2533,4;0;0;0;
1897;1050,48;9519,46;3222,88;4496,7;65535;7044,8;2548,1;0;0;0;
1898;1050,61;9518,31;3224,04;3685,7;65535;6187,9;2502,2;0;0;0;
1899;1050,73;9517,16;3225,19;3634,7;65535;6114;2479,3;0;0;0;
1900;1050,86;9516;3226,34;3637,1;65535;6134,4;2497,3;0;0;0;
1901;1050,99;9514,85;3227,49;3579;65535;6032,9;2453,9;0;0;0;
1902;1051,12;9513,7;3228,64;3734,5;65535;6190,2;2455,7;0;0;0;
1903;1051,24;9512,55;3229,79;3742,2;65535;6196,1;2453,9;0;0;0;
1904;1051,37;9511,4;3230,94;3650,8;65535;6068,1;2417,3;0;0;0;
1905;1051,5;9510,25;3232,09;4023;65535;6479,5;2456,5;0;0;0;
1906;1051,62;9509,1;3233,24;3642,8;65535;6038,8;2396;0;0;0;
1907;1051,75;9507,95;3234,39;3961,6;65535;6358,1;2396,5;0;0;0;
1908;1051,88;9506,8;3235,54;3812,8;65535;6194;2381,2;0;0;0;
1909;1052,01;9505,65;3236,69;3697,8;65535;6082,4;2384,6;0;0;0;
1910;1052,13;9504,51;3237,84;3547,5;65535;5890,5;2343;0;0;0;
1911;1052,26;9503,36;3238,99;3614,5;65535;5919,6;2305,1;0;0;0;
1912;1052,39;9502,21;3240,13;3542,8;65535;5807;2264,2;0;0;0;
1913;1052,51;9501,06;3241,28;3819,6;65535;6053;2233,4;0;0;0;
1914;1052,64;9499,92;3242,43;3639;65535;5849,3;2210,3;0;0;0;
1915;1052,77;9498,77;3243,57;3715;65535;5910,6;2195,6;0;0;0;
1916;1052,89;9497,63;3244,72;3670,3;65535;5829,8;2159,5;0;0;0;
1917;1053,02;9496,48;3245,86;3770,2;65535;5875,4;2105,2;0;0;0;
1918;1053,15;9495,34;3247;3723,2;65535;5794,9;2071,7;0;0;0;
1919;1053,28;9494,19;3248,15;5386,1;65535;7355,8;1969,7;0;0;0;
1920;1053,4;9493,05;3249,29;3625,1;65535;5631;2005,9;0;0;0;
1921;1053,53;9491,91;3250,44;3615,1;65535;5589,4;1974,3;0;0;0;
1922;1053,66;9490,77;3251,58;3851,3;65535;5769,6;1918,3;0;0;0;
1923;1053,78;9489,62;3252,72;3660,9;65535;5536,8;1875,9;0;0;0;
1924;1053,91;9488,48;3253,86;3760,6;65535;5586;1825,4;0;0;0;
1925;1054,04;9487,34;3255;3614,1;65535;5386,5;1772,4;0;0;0;
1926;1054,16;9486,2;3256,14;3662,2;65535;5400,5;1738,3;0;0;0;
1927;1054,29;9485,06;3257,28;3797,7;65535;5474,9;1677,2;0;0;0;
1928;1054,42;9483,92;3258,42;3611,8;65535;5238,6;1626,8;0;0;0;
1929;1054,54;9482,78;3259,56;3885,8;65535;5486,3;1600,5;0;0;0;
1930;1054,67;9481,64;3260,7;3601,4;65535;5148,1;1546,7;0;0;0;
1931;1054,8;9480,5;3261,84;3809,3;65535;5346,1;1536,8;0;0;0;
1932;1054,92;9479,36;3262,98;3691,7;65535;5162;1470,3;0;0;0;
1933;1055,05;9478,23;3264,12;3792;65535;5180,8;1388,8;0;0;0;
1934;1055,18;9477,09;3265,25;3931,6;65535;5320,4;1388,8;0;0;0;
1935;1055,3;9475,95;3266,39;4086,8;65535;5436,8;1350;0;0;0;
1936;1055,43;9474,82;3267,53;3996,8;65535;5308,8;1312;0;0;0;
1937;1055,56;9473,68;3268,66;3732,9;65535;4991,3;1258,4;0;0;0;
1938;1055,68;9472,54;3269,8;3785,5;65535;4997,1;1211,6;0;0;0;
1939;1055,81;9471,41;3270,93;3838,1;65535;5052;1213,9;0;0;0;
1940;1055,94;9470,27;3272,07;3741;65535;4944,7;1203,7;0;0;0;
1941;1056,06;9469,14;3273,2;3765,4;65535;4920,1;1154,7;0;0;0;
1942;1056,19;9468,01;3274,34;3694,1;65535;4828,9;1134,8;0;0;0;
1943;1056,31;9466,87;3275,47;3618,9;65535;4723,4;1104,5;0;0;0;
1944;1056,44;9465,74;3276,6;3737,2;65535;4853,2;1116;0;0;0;
1945;1056,57;9464,61;3277,74;3743,1;65535;4842,6;1099,5;0;0;0;
1946;1056,69;9463,48;3278,87;4000,2;65535;5084,1;1083,9;0;0;0;
1947;1056,82;9462,34;3280;3748,2;65535;4788,3;1040,1;0;0;0;
1948;1056,95;9461,21;3281,13;3949,6;65535;4992,1;1042,5;0;0;0;
1949;1057,07;9460,08;3282,26;3989,9;65535;5032;1042,1;0;0;0;
1950;1057,2;9458,95;3283,39;3611,5;65535;4628,1;1016,6;0;0;0;
1951;1057,33;9457,82;3284,52;3615,4;65535;4632,1;1016,7;0;0;0;
1952;1057,45;9456,69;3285,65;4306,6;65535;5337,1;1030,5;0;0;0;
1953;1057,58;9455,56;3286,78;6033,3;65535;7101,9;1068,6;0;0;0;
1954;1057,7;9454,43;3287,91;3611,5;65535;4600,8;989,3;0;0;0;
1955;1057,83;9453,31;3289,04;3679,7;65535;4681,9;1002,2;0;0;0;
1956;1057,96;9452,18;3290,16;3606,8;65535;4570,2;963,4;0;0;0;
1957;1058,08;9451,05;3291,29;3666,9;65535;4637,5;970,6;0;0;0;
1958;1058,21;9449,92;3292,42;3638,4;65535;4586,5;948,1;0;0;0;
1959;1058,34;9448,8;3293,55;3699,8;65535;4652,9;953,1;0;0;0;
1960;1058,46;9447,67;3294,67;3650,5;65535;4613,5;963;0;0;0;
1961;1058,59;9446,55;3295,8;3670,7;65535;4608,7;938;0;0;0;
1962;1058,71;9445,42;3296,92;3676;65535;4620,7;944,7;0;0;0;
1963;1058,84;9444,3;3298,05;3629,7;65535;4571,1;941,4;0;0;0;
1964;1058,97;9443,17;3299,17;3798,4;65535;4739,6;941,2;0;0;0;
1965;1059,09;9442,05;3300,29;3688,9;65535;4639,9;951;0;0;0;
1966;1059,22;9440,93;3301,42;3743,4;65535;4687,9;944,5;0;0;0;
1967;1059,34;9439,8;3302,54;3701,2;65535;4633,4;932,2;0;0;0;
1968;1059,47;9438,68;3303,66;3927,7;65535;4850,9;923,2;0;0;0;
1969;1059,6;9437,56;3304,79;3736,2;65535;4662;925,8;0;0;0;
1970;1059,72;9436,44;3305,91;3623,8;65535;4536,4;912,6;0;0;0;
1971;1059,85;9435,31;3307,03;3782,4;65535;4731,3;948,9;0;0;0;
1972;1059,97;9434,19;3308,15;3678,6;65535;4574,6;896;0;0;0;
1973;1060,1;9433,07;3309,27;3910;65535;4829,5;919,5;0;0;0;
1974;1060,23;9431,95;3310,39;3702,3;65535;4625,9;923,6;0;0;0;
1975;1060,35;9430,83;3311,51;3636,5;65535;4539,9;903,4;0;0;0;
1976;1060,48;9429,71;3312,63;3554,9;65535;4453,2;898,3;0;0;0;
1977;1060,6;9428,6;3313,75;3717,7;65535;4615,5;897,8;0;0;0;
1978;1060,73;9427,48;3314,87;3746,1;65535;4653,3;907,2;0;0;0;
1979;1060,85;9426,36;3315,98;3560;65535;4456,1;896,1;0;0;0;
1980;1060,98;9425,24;3317,1;3644;65535;4511,6;867,6;0;0;0;
1981;1061,11;9424,13;3318,22;3929,9;65535;4817,3;887,4;0;0;0;
1982;1061,23;9423,01;3319,33;3740,5;65535;4641,7;901,2;0;0;0;
1983;1061,36;9421,89;3320,45;3623,7;65535;4520,4;896,7;0;0;0;
1984;1061,48;9420,78;3321,57;3885,3;65535;4761;875,7;0;0;0;
1985;1061,61;9419,66;3322,68;3603,2;65535;4485,1;881,9;0;0;0;
1986;1061,73;9418,55;3323,8;3648,8;65535;4537,9;889,1;0;0;0;
1987;1061,86;9417,43;3324,91;3639,1;65535;4503,7;864,6;0;0;0;
1988;1061,99;9416,32;3326,03;3703,7;65535;4573;869,3;0;0;0;
1989;1062,11;9415,2;3327,14;3791,1;65535;4667,5;876,4;0;0;0;
1990;1062,24;9414,09;3328,25;3648,8;65535;4491,9;843,1;0;0;0;
1991;1062,36;9412,98;3329,36;3775,3;65535;4620,9;845,6;0;0;0;
1992;1062,49;9411,87;3330,48;3713,4;65535;4561,6;848,2;0;0;0;
1993;1062,61;9410,75;3331,59;4805,8;65535;5969,9;1164,1;0;0;0;
1994;1062,74;9409,64;3332,7;3740,1;65535;4596,1;856;0;0;0;
1995;1062,87;9408,53;3333,81;3699,4;65535;4526,6;827,2;0;0;0;
1996;1062,99;9407,42;3334,92;3623,5;65535;4447,6;824,1;0;0;0;
1997;1063,12;9406,31;3336,03;3646,1;65535;4477,2;831,1;0;0;0;
1998;1063,24;9405,2;3337,14;3632,3;65535;4442,4;810,1;0;0;0;
1999;1063,37;9404,09;3338,25;3571,2;65535;4389,3;818,1;0;0;0;
2000;1063,49;9402,98;3339,36;3602,3;65535;4393,2;790,9;0;0;0;
2001;1063,62;9401,87;3340,47;3711,6;65535;4519,2;807,6;0;0;0;
2002;1063,74;9400,77;3341,58;3812,7;65535;4630,6;817,9;0;0;0;
2003;1063,87;9399,66;3342,68;3907,5;65535;4694,3;786,8;0;0;0;
2004;1063,99;9398,55;3343,79;3634,5;65535;4418,9;784,4;0;0;0;
2005;1064,12;9397,45;3344,9;3642,6;65535;4413,1;770,5;0;0;0;
2006;1064,24;9396,34;3346;3694,7;65535;4471,4;776,7;0;0;0;
2007;1064,37;9395,23;3347,11;3653,6;65535;4409,1;755,5;0;0;0;
2008;1064,49;9394,13;3348,22;3657,5;65535;4451,6;794,1;0;0;0;
2009;1064,62;9393,02;3349,32;3795,6;65535;4560,6;765;0;0;0;
2010;1064,75;9391,92;3350,43;3536,8;65535;4265,9;729,1;0;0;0;
2011;1064,87;9390,81;3351,53;3903,5;65535;4643,9;740,4;0;0;0;
2012;;;;3678,8;65535;4394;715,2;0;0;0;
2013;;;;3724,9;65535;4441,9;717;0;0;0;
2014;;;;3594,6;65535;4314,1;719,5;0;0;0;
2015;;;;3754,6;65535;4453,9;699,3;0;0;0;
2016;;;;3759,4;65535;4441,4;682;0;0;0;
2017;;;;3740,1;65535;4428,4;688,3;0;0;0;
2018;;;;4064,5;65535;4776,4;711,9;0;0;0;
2019;;;;3697,4;65535;4366;668,6;0;0;0;
2020;;;;3628,5;65535;4281,7;653,2;0;0;0;
2021;;;;3653,1;65535;4315,1;662;0;0;0;
2022;;;;3922,8;65535;4575;652,2;0;0;0;
2023;;;;3684;65535;4315,6;631,6;0;0;0;
2024;;;;3984;65535;4620,3;636,3;0;0;0;
2025;;;;3714,9;65535;4311;596,1;0;0;0;
2026;;;;3742,2;65535;4336,9;594,7;0;0;0;
2027;;;;3589,2;65535;4186,1;596,9;0;0;0;
2028;;;;3627,1;65535;4217;589,9;0;0;0;
2029;;;;3642,1;65535;4218,7;576,6;0;0;0;
2030;;;;3814,5;65535;4385,3;570,8;0;0;0;
2031;;;;3667,5;65535;4226,7;559,2;0;0;0;
2032;;;;3740,3;65535;4304,3;564;0;0;0;
2033;;;;3645,2;65535;4186,4;541,2;0;0;0;
2034;;;;3605,7;65535;4146,5;540,8;0;0;0;
2035;;;;3609,7;65535;4132,8;523,1;0;0;0;
2036;;;;3672,8;65535;4191,1;518,3;0;0;0;
2037;;;;3721,6;65535;4250,6;529;0;0;0;
2038;;;;3661,6;65535;4214,1;552,5;0;0;0;
2039;;;;3648,3;65535;4179,1;530,8;0;0;0;
2040;;;;3631,6;65535;4147,1;515,5;0;0;0;
2041;;;;3521,1;65535;4064,9;543,8;0;0;0;
2042;;;;3643,5;65535;4183,4;539,9;0;0;0;
2043;;;;2930,2;65535;2969,4;39,2;0;0;0;
2044;;;;2924,3;65535;2967,6;43,3;0;0;0;
2045;;;;2969,2;65535;3005,8;36,6;0;0;0;
2046;;;;3189,9;65535;3223,6;33,7;0;0;0;
2047;;;;3546,3;65535;3662,8;116,5;0;0;0;
