Pixel;Wavelength;Wavenumber;Raman Shift;Dark;Reference;Raw data #1;Dark Subtracted #1;%TR #1;Absorbance #1;Irradiance (W/cm^2/nm) #1;
0;--;--;--;3536,8;65535;3566,1;29,3;0;0;0;
1;--;--;--;3480;65535;3519,6;39,6;0;0;0;
2;--;--;--;3938,7;65535;3950,3;11,6;0;0;0;
3;--;--;--;3519,2;65535;3552,1;32,9;0;0;0;
4;--;--;--;3850,7;65535;3900,5;49,8;0;0;0;
5;--;--;--;3584,1;65535;3619;34,9;0;0;0;
6;--;--;--;3599,9;65535;3668,7;68,8;0;0;0;
7;--;--;--;3525,7;65535;3666,4;140,7;0;0;0;
8;--;--;--;3586,8;65535;3816,8;230;0;0;0;
9;--;--;--;3591,5;65535;4182,4;590,9;0;0;0;
10;--;--;--;3632,2;65535;4467,2;835;0;0;0;
11;--;--;--;4002,6;65535;4356,7;354,1;0;0;0;
12;--;--;--;3594,1;65535;3653,5;59,4;0;0;0;
13;--;--;--;3560,8;65535;3596,6;35,8;0;0;0;
14;--;--;--;3687,4;65535;3707,3;19,9;0;0;0;
15;--;--;--;3597,1;65535;3629,1;32;0;0;0;
16;--;--;--;3678,8;65535;3704,1;25,3;0;0;0;
17;--;--;--;3543,3;65535;3569,4;26,1;0;0;0;
18;--;--;--;4205,8;65535;4213,4;7,6;0;0;0;
19;--;--;--;3545,1;65535;3572,4;27,3;0;0;0;
20;--;--;--;3597,7;65535;3620,4;22,7;0;0;0;
21;--;--;--;3644,8;65535;3675,5;30,7;0;0;0;
22;--;--;--;3579,3;65535;3624,4;45,1;0;0;0;
23;--;--;--;3602,5;65535;3647,4;44,9;0;0;0;
24;--;--;--;3574,1;65535;3598,9;24,8;0;0;0;
25;--;--;--;3603;65535;3630,7;27,7;0;0;0;
26;--;--;--;3752;65535;3772,7;20,7;0;0;0;
27;--;--;--;3553,5;65535;3568,9;15,4;0;0;0;
28;--;--;--;3608,6;65535;3625,1;16,5;0;0;0;
29;--;--;--;3752,7;65535;3793,1;40,4;0;0;0;
30;--;--;--;3639,4;65535;3653,5;14,1;0;0;0;
31;--;--;--;3593,8;65535;3672,3;78,5;0;0;0;
32;--;--;--;3618,7;65535;3701,6;82,9;0;0;0;
33;--;--;--;3634,6;65535;3751,4;116,8;0;0;0;
34;--;--;--;3541,2;65535;3679;137,8;0;0;0;
35;--;--;--;3616;65535;3751,4;135,4;0;0;0;
36;--;--;--;3550,6;65535;3678;127,4;0;0;0;
37;--;--;--;3525,2;65535;3665,7;140,5;0;0;0;
38;--;--;--;3492;65535;3636,5;144,5;0;0;0;
39;--;--;--;3502,3;65535;3631,9;129,6;0;0;0;
40;--;--;--;3588,3;65535;3714,1;125,8;0;0;0;
41;--;--;--;3669,1;65535;3812,6;143,5;0;0;0;
42;--;--;--;3609,3;65535;3739,1;129,8;0;0;0;
43;--;--;--;3891,7;65535;4067,5;175,8;0;0;0;
44;--;--;--;3618,7;65535;3776,6;157,9;0;0;0;
45;--;--;--;3533,4;65535;3704;170,6;0;0;0;
46;--;--;--;3679,6;65535;3858,4;178,8;0;0;0;
47;--;--;--;3788,5;65535;3956,6;168,1;0;0;0;
48;--;--;--;3673,6;65535;3852,7;179,1;0;0;0;
49;--;--;--;3654,4;65535;3821,9;167,5;0;0;0;
50;--;--;--;3640,2;65535;3830;189,8;0;0;0;
51;--;--;--;3767,8;65535;3938,8;171;0;0;0;
52;--;--;--;3614,9;65535;3776,2;161,3;0;0;0;
53;--;--;--;3629;65535;3786,6;157,6;0;0;0;
54;--;--;--;3513,9;65535;3691,9;178;0;0;0;
55;--;--;--;3691,3;65535;3861,2;169,9;0;0;0;
56;--;--;--;3778,6;65535;3956;177,4;0;0;0;
57;--;--;--;3671,9;65535;3850,6;178,7;0;0;0;
58;--;--;--;3545,6;65535;3722,9;177,3;0;0;0;
59;--;--;--;3736,2;65535;3933,8;197,6;0;0;0;
60;--;--;--;3798,6;65535;4013,5;214,9;0;0;0;
61;--;--;--;3949,2;65535;4127,9;178,7;0;0;0;
62;--;--;--;3608,8;65535;3774,6;165,8;0;0;0;
63;--;--;--;3581,8;65535;3768,7;186,9;0;0;0;
64;--;--;--;3751,3;65535;3935,1;183,8;0;0;0;
65;--;--;--;3538,6;65535;3746,2;207,6;0;0;0;
66;--;--;--;3876,9;65535;4104,1;227,2;0;0;0;
67;--;--;--;3563,7;65535;3789,7;226;0;0;0;
68;--;--;--;3485,3;65535;3727,9;242,6;0;0;0;
69;--;--;--;3657,6;65535;3963,5;305,9;0;0;0;
70;--;--;--;4356,4;65535;4650,1;293,7;0;0;0;
71;--;--;--;3480,1;65535;3859,3;379,2;0;0;0;
72;--;--;--;3493,3;65535;3936,9;443,6;0;0;0;
73;794,03;12593,93;148,42;3659,9;65535;4188,4;528,5;0;0;0;
74;794,18;12591,53;150,81;3499;65535;4078;579;0;0;0;
75;794,34;12589,14;153,2;3499,9;65535;4052,2;552,3;0;0;0;
76;794,49;12586,75;155,59;3619,1;65535;4062,5;443,4;0;0;0;
77;794,64;12584,36;157,98;4830;65535;5182;352;0;0;0;
78;794,79;12581,97;160,37;3771,5;65535;4059,6;288,1;0;0;0;
79;794,94;12579,58;162,76;3674,6;65535;3939;264,4;0;0;0;
80;795,09;12577,2;165,15;3827;65535;4060,2;233,2;0;0;0;
81;795,24;12574,81;167,53;3783,3;65535;4025,3;242;0;0;0;
82;795,39;12572,43;169,92;3611,5;65535;3839,8;228,3;0;0;0;
83;795,54;12570,04;172,3;3573,7;65535;3819,4;245,7;0;0;0;
84;795,69;12567,66;174,68;3737,9;65535;3949,4;211,5;0;0;0;
85;795,84;12565,28;177,06;3955,9;65535;4144,5;188,6;0;0;0;
86;795,99;12562,9;179,44;4199,6;65535;4361,4;161,8;0;0;0;
87;796,15;12560,52;181,82;3613,1;65535;3799,9;186,8;0;0;0;
88;796,3;12558,14;184,2;3683,7;65535;3887;203,3;0;0;0;
89;796,45;12555,76;186,58;3613,8;65535;3796;182,2;0;0;0;
90;796,6;12553,39;188,96;3709,8;65535;3882,2;172,4;0;0;0;
91;796,75;12551,01;191,33;3735,6;65535;3915,9;180,3;0;0;0;
92;796,9;12548,64;193,71;3546,1;65535;3719,2;173,1;0;0;0;
93;797,05;12546,26;196,08;3569,5;65535;3766,4;196,9;0;0;0;
94;797,2;12543,89;198,45;3671,6;65535;3859,1;187,5;0;0;0;
95;797,35;12541,52;200,82;3577,4;65535;3756,9;179,5;0;0;0;
96;797,5;12539,15;203,19;3511,2;65535;3704,3;193,1;0;0;0;
97;797,65;12536,78;205,56;3835,4;65535;4017,7;182,3;0;0;0;
98;797,8;12534,41;207,93;3729,9;65535;3905;175,1;0;0;0;
99;797,95;12532,05;210,3;3602,5;65535;3792,6;190,1;0;0;0;
100;798,1;12529,68;212,66;3604,4;65535;3796,4;192;0;0;0;
101;798,26;12527,32;215,03;3677,1;65535;3864,5;187,4;0;0;0;
102;798,41;12524,95;217,39;3471;65535;3660,7;189,7;0;0;0;
103;798,56;12522,59;219,75;4658,1;65535;4866,5;208,4;0;0;0;
104;798,71;12520,23;222,12;3525,5;65535;3737,3;211,8;0;0;0;
105;798,86;12517,87;224,48;3488,7;65535;3674,4;185,7;0;0;0;
106;799,01;12515,51;226,84;3822;65535;4023,3;201,3;0;0;0;
107;799,16;12513,15;229,2;3586,7;65535;3793,6;206,9;0;0;0;
108;799,31;12510,79;231,55;3540,6;65535;3743,8;203,2;0;0;0;
109;799,46;12508,43;233,91;3613,1;65535;3815;201,9;0;0;0;
110;799,61;12506,08;236,27;3576,1;65535;3784,7;208,6;0;0;0;
111;799,76;12503,72;238,62;3545,6;65535;3736,6;191;0;0;0;
112;799,91;12501,37;240,98;3552,3;65535;3789,5;237,2;0;0;0;
113;800,06;12499,01;243,33;3599;65535;3828,7;229,7;0;0;0;
114;800,21;12496,66;245,68;3663;65535;3879,2;216,2;0;0;0;
115;800,36;12494,31;248,03;3488,7;65535;3729,2;240,5;0;0;0;
116;800,51;12491,96;250,38;3596,7;65535;3859,9;263,2;0;0;0;
117;800,67;12489,61;252,73;3507,8;65535;3776;268,2;0;0;0;
118;800,82;12487,26;255,08;3555,5;65535;3833,9;278,4;0;0;0;
119;800,97;12484,92;257,43;3646,5;65535;3929;282,5;0;0;0;
120;801,12;12482,57;259,77;3614,9;65535;3926;311,1;0;0;0;
121;801,27;12480,23;262,12;3488,1;65535;3831,7;343,6;0;0;0;
122;801,42;12477,88;264,46;3628,6;65535;4062,6;434;0;0;0;
123;801,57;12475,54;266,8;3596,2;65535;4088;491,8;0;0;0;
124;801,72;12473,2;269,14;3660,7;65535;4248,1;587,4;0;0;0;
125;801,87;12470,86;271,48;3631,7;65535;4356,9;725,2;0;0;0;
126;802,02;12468,52;273,82;3484,5;65535;4373,2;888,7;0;0;0;
127;802,17;12466,18;276,16;3654,1;65535;4664,6;1010,5;0;0;0;
128;802,32;12463,84;278,5;3560,4;65535;4625;1064,6;0;0;0;
129;802,47;12461,51;280,84;3634,3;65535;4584,7;950,4;0;0;0;
130;802,62;12459,17;283,17;4285,9;65535;5067,4;781,5;0;0;0;
131;802,77;12456,84;285,51;3639,4;65535;4254,6;615,2;0;0;0;
132;802,92;12454,5;287,84;3883,1;65535;4367,7;484,6;0;0;0;
133;803,07;12452,17;290,17;3589,2;65535;4001,2;412;0;0;0;
134;803,22;12449,84;292,51;4086,4;65535;4422,7;336,3;0;0;0;
135;803,37;12447,51;294,84;3570,3;65535;3918,8;348,5;0;0;0;
136;803,52;12445,18;297,17;3632,4;65535;3920,9;288,5;0;0;0;
137;803,67;12442,85;299,5;3570,3;65535;3863,7;293,4;0;0;0;
138;803,82;12440,52;301,82;3588;65535;3858,1;270,1;0;0;0;
139;803,98;12438,19;304,15;3859,9;65535;4094,7;234,8;0;0;0;
140;804,13;12435,87;306,48;3679,3;65535;3907,9;228,6;0;0;0;
141;804,28;12433,54;308,8;3553,4;65535;3786,6;233,2;0;0;0;
142;804,43;12431,22;311,12;3530,7;65535;3743,7;213;0;0;0;
143;804,58;12428,9;313,45;3513,2;65535;3727;213,8;0;0;0;
144;804,73;12426,58;315,77;3691,8;65535;3900,8;209;0;0;0;
145;804,88;12424,25;318,09;3601,8;65535;3800,1;198,3;0;0;0;
146;805,03;12421,93;320,41;3629,1;65535;3828,3;199,2;0;0;0;
147;805,18;12419,62;322,73;3659,7;65535;3873,2;213,5;0;0;0;
148;805,33;12417,3;325,05;3749,2;65535;3928,4;179,2;0;0;0;
149;805,48;12414,98;327,36;3726,4;65535;3927,2;200,8;0;0;0;
150;805,63;12412,67;329,68;3710,6;65535;3921;210,4;0;0;0;
151;805,78;12410,35;331,99;3797;65535;3987,5;190,5;0;0;0;
152;805,93;12408,04;334,31;3768,8;65535;3971,1;202,3;0;0;0;
153;806,08;12405,72;336,62;3485,4;65535;3704,3;218,9;0;0;0;
154;806,23;12403,41;338,93;3590,5;65535;3779,1;188,6;0;0;0;
155;806,38;12401,1;341,24;3555,7;65535;3752,9;197,2;0;0;0;
156;806,53;12398,79;343,55;3593,8;65535;3797,3;203,5;0;0;0;
157;806,68;12396,48;345,86;3803,5;65535;3984,4;180,9;0;0;0;
158;806,83;12394,18;348,17;3642,8;65535;3824,7;181,9;0;0;0;
159;806,98;12391,87;350,47;3507,5;65535;3706,2;198,7;0;0;0;
160;807,13;12389,56;352,78;3632,9;65535;3822,8;189,9;0;0;0;
161;807,28;12387,26;355,09;3526,4;65535;3707,6;181,2;0;0;0;
162;807,43;12384,95;357,39;3779,5;65535;3981,3;201,8;0;0;0;
163;807,58;12382,65;359,69;3822,5;65535;3998,4;175,9;0;0;0;
164;807,73;12380,35;361,99;3503,9;65535;3719,4;215,5;0;0;0;
165;807,88;12378,05;364,29;3722,6;65535;3916,7;194,1;0;0;0;
166;808,03;12375,75;366,59;3628;65535;3818,9;190,9;0;0;0;
167;808,18;12373,45;368,89;3758,8;65535;3931;172,2;0;0;0;
168;808,33;12371,15;371,19;3565,1;65535;3764,9;199,8;0;0;0;
169;808,48;12368,86;373,49;3716,3;65535;3899,3;183;0;0;0;
170;808,63;12366,56;375,78;3780,9;65535;3946,5;165,6;0;0;0;
171;808,78;12364,26;378,08;3556,5;65535;3727,4;170,9;0;0;0;
172;808,93;12361,97;380,37;3655;65535;3839,9;184,9;0;0;0;
173;809,08;12359,68;382,67;3631,6;65535;3811,1;179,5;0;0;0;
174;809,23;12357,39;384,96;3756,8;65535;3954,3;197,5;0;0;0;
175;809,38;12355,09;387,25;3622,1;65535;3828,2;206,1;0;0;0;
176;809,53;12352,8;389,54;3593,4;65535;3785,2;191,8;0;0;0;
177;809,68;12350,51;391,83;3817,3;65535;4005,6;188,3;0;0;0;
178;809,83;12348,23;394,12;3785,9;65535;3951,5;165,6;0;0;0;
179;809,98;12345,94;396,4;3900,1;65535;4071,6;171,5;0;0;0;
180;810,13;12343,65;398,69;3663,1;65535;3819,3;156,2;0;0;0;
181;810,28;12341,37;400,98;3650,4;65535;3805,3;154,9;0;0;0;
182;810,43;12339,08;403,26;3661,2;65535;3829,2;168;0;0;0;
183;810,58;12336,8;405,54;3739,7;65535;3936,6;196,9;0;0;0;
184;810,73;12334,52;407,83;6301,7;65535;6747,2;445,5;0;0;0;
185;810,88;12332,24;410,11;3653,6;65535;3827,4;173,8;0;0;0;
186;811,03;12329,96;412,39;3522,5;65535;3688,9;166,4;0;0;0;
187;811,18;12327,68;414,67;3551,2;65535;3733,5;182,3;0;0;0;
188;811,33;12325,4;416,94;3696,8;65535;3900,3;203,5;0;0;0;
189;811,48;12323,12;419,22;3568,1;65535;3754,9;186,8;0;0;0;
190;811,63;12320,85;421,5;3669,4;65535;3868,2;198,8;0;0;0;
191;811,78;12318,57;423,77;3801,9;65535;3992,8;190,9;0;0;0;
192;811,93;12316,3;426,05;3728,7;65535;3889,6;160,9;0;0;0;
193;812,08;12314,02;428,32;3848,5;65535;4032,5;184;0;0;0;
194;812,23;12311,75;430,59;3614,2;65535;3786,9;172,7;0;0;0;
195;812,38;12309,48;432,87;3647,7;65535;3825,8;178,1;0;0;0;
196;812,53;12307,21;435,14;3665,2;65535;3848,5;183,3;0;0;0;
197;812,68;12304,94;437,41;3565,6;65535;3767,7;202,1;0;0;0;
198;812,83;12302,67;439,67;3676,9;65535;3860,7;183,8;0;0;0;
199;812,98;12300,4;441,94;3612,6;65535;3815,3;202,7;0;0;0;
200;813,13;12298,13;444,21;3636,5;65535;3828,9;192,4;0;0;0;
201;813,28;12295,87;446,47;3550,8;65535;3733,2;182,4;0;0;0;
202;813,43;12293,6;448,74;3566,7;65535;3755,6;188,9;0;0;0;
203;813,58;12291,34;451;4020,1;65535;4197,7;177,6;0;0;0;
204;813,73;12289,08;453,27;3677,4;65535;3841,2;163,8;0;0;0;
205;813,88;12286,82;455,53;3812,4;65535;3983,2;170,8;0;0;0;
206;814,03;12284,55;457,79;3626,5;65535;3822,7;196,2;0;0;0;
207;814,18;12282,29;460,05;3509,5;65535;3694;184,5;0;0;0;
208;814,33;12280,04;462,31;3522,8;65535;3712,1;189,3;0;0;0;
209;814,48;12277,78;464,57;3560,6;65535;3755,5;194,9;0;0;0;
210;814,63;12275,52;466,82;3578,1;65535;3787,5;209,4;0;0;0;
211;814,78;12273,26;469,08;3523,3;65535;3736,9;213,6;0;0;0;
212;814,93;12271,01;471,33;3743,4;65535;3932,9;189,5;0;0;0;
213;815,08;12268,75;473,59;3575,4;65535;3747;171,6;0;0;0;
214;815,23;12266,5;475,84;3686,9;65535;3858,8;171,9;0;0;0;
215;815,38;12264,25;478,09;3578,6;65535;3752,2;173,6;0;0;0;
216;815,53;12262;480,35;3705;65535;3896,4;191,4;0;0;0;
217;815,68;12259,75;482,6;3748,9;65535;3922,7;173,8;0;0;0;
218;815,83;12257,5;484,85;3820,6;65535;3998,1;177,5;0;0;0;
219;815,98;12255,25;487,09;3701;65535;3886,2;185,2;0;0;0;
220;816,13;12253;489,34;3586,2;65535;3780,7;194,5;0;0;0;
221;816,28;12250,76;491,59;3603,6;65535;3831,2;227,6;0;0;0;
222;816,43;12248,51;493,83;3577,6;65535;3787,8;210,2;0;0;0;
223;816,58;12246,27;496,08;3653,9;65535;3840;186,1;0;0;0;
224;816,73;12244,02;498,32;3636,2;65535;3835,7;199,5;0;0;0;
225;816,87;12241,78;500,56;3533,7;65535;3724,8;191,1;0;0;0;
226;817,02;12239,54;502,81;3733,6;65535;3914,1;180,5;0;0;0;
227;817,17;12237,3;505,05;3658;65535;3835,4;177,4;0;0;0;
228;817,32;12235,06;507,29;3727,1;65535;3914;186,9;0;0;0;
229;817,47;12232,82;509,53;3697,6;65535;3883,1;185,5;0;0;0;
230;817,62;12230,58;511,76;3625,2;65535;3836,6;211,4;0;0;0;
231;817,77;12228,34;514;3671,5;65535;3863,1;191,6;0;0;0;
232;817,92;12226,11;516,24;3716,4;65535;3900,5;184,1;0;0;0;
233;818,07;12223,87;518,47;3830,7;65535;4029,9;199,2;0;0;0;
234;818,22;12221,64;520,71;3539,7;65535;3738,3;198,6;0;0;0;
235;818,37;12219,4;522,94;4163,8;65535;4370,9;207,1;0;0;0;
236;818,52;12217,17;525,17;3537,9;65535;3728,4;190,5;0;0;0;
237;818,67;12214,94;527,4;3667,6;65535;3843,8;176,2;0;0;0;
238;818,82;12212,71;529,63;3543,9;65535;3719,4;175,5;0;0;0;
239;818,97;12210,48;531,86;3861,9;65535;4028,2;166,3;0;0;0;
240;819,12;12208,25;534,09;3720;65535;3915,3;195,3;0;0;0;
241;819,27;12206,02;536,32;3667,3;65535;3845,7;178,4;0;0;0;
242;819,42;12203,8;538,55;3740,3;65535;3927,1;186,8;0;0;0;
243;819,57;12201,57;540,77;3776,6;65535;3972,9;196,3;0;0;0;
244;819,72;12199,35;543;3713,8;65535;3901,4;187,6;0;0;0;
245;819,87;12197,12;545,22;3882,2;65535;4074,7;192,5;0;0;0;
246;820,01;12194,9;547,44;3769,1;65535;3954,2;185,1;0;0;0;
247;820,16;12192,68;549,66;3609,9;65535;3798,6;188,7;0;0;0;
248;820,31;12190,46;551,89;3566,9;65535;3723;156,1;0;0;0;
249;820,46;12188,24;554,11;3594,3;65535;3764,1;169,8;0;0;0;
250;820,61;12186,02;556,32;3698,8;65535;3876,5;177,7;0;0;0;
251;820,76;12183,8;558,54;3632,6;65535;3785,2;152,6;0;0;0;
252;820,91;12181,58;560,76;3787,1;65535;3927,7;140,6;0;0;0;
253;821,06;12179,37;562,98;3661,5;65535;3844,9;183,4;0;0;0;
254;821,21;12177,15;565,19;3626,9;65535;3811,3;184,4;0;0;0;
255;821,36;12174,94;567,41;3638,1;65535;3836,5;198,4;0;0;0;
256;821,51;12172,72;569,62;3667,9;65535;3852,3;184,4;0;0;0;
257;821,66;12170,51;571,83;3545,4;65535;3738,3;192,9;0;0;0;
258;821,81;12168,3;574,04;3512,6;65535;3709,5;196,9;0;0;0;
259;821,96;12166,09;576,25;3634,6;65535;3842,3;207,7;0;0;0;
260;822,11;12163,88;578,46;3842,8;65535;4011;168,2;0;0;0;
261;822,26;12161,67;580,67;3694;65535;3882,3;188,3;0;0;0;
262;822,4;12159,46;582,88;4120,9;65535;4289,7;168,8;0;0;0;
263;822,55;12157,26;585,09;4012,1;65535;4184,6;172,5;0;0;0;
264;822,7;12155,05;587,29;3766,7;65535;3942,3;175,6;0;0;0;
265;822,85;12152,85;589,5;3829,2;65535;4008,8;179,6;0;0;0;
266;823;12150,64;591,7;3493,2;65535;3656,1;162,9;0;0;0;
267;823,15;12148,44;593,9;3522,4;65535;3729,3;206,9;0;0;0;
268;823,3;12146,24;596,11;3534,5;65535;3741,6;207,1;0;0;0;
269;823,45;12144,04;598,31;3668;65535;3881;213;0;0;0;
270;823,6;12141,83;600,51;3531,4;65535;3714,6;183,2;0;0;0;
271;823,75;12139,64;602,71;3608;65535;3796,3;188,3;0;0;0;
272;823,9;12137,44;604,91;3613,9;65535;3789,3;175,4;0;0;0;
273;824,05;12135,24;607,1;3644;65535;3836,4;192,4;0;0;0;
274;824,2;12133,04;609,3;3664,9;65535;3855,8;190,9;0;0;0;
275;824,34;12130,85;611,5;3688,5;65535;3882,6;194,1;0;0;0;
276;824,49;12128,65;613,69;3502,7;65535;3693,5;190,8;0;0;0;
277;824,64;12126,46;615,88;3726,7;65535;3915,3;188,6;0;0;0;
278;824,79;12124,27;618,08;3526,5;65535;3737,6;211,1;0;0;0;
279;824,94;12122,07;620,27;3610,8;65535;3805,3;194,5;0;0;0;
280;825,09;12119,88;622,46;3673,4;65535;3871,9;198,5;0;0;0;
281;825,24;12117,69;624,65;3645,9;65535;3846;200,1;0;0;0;
282;825,39;12115,5;626,84;3671,1;65535;3876,2;205,1;0;0;0;
283;825,54;12113,32;629,03;3636,7;65535;3842,4;205,7;0;0;0;
284;825,69;12111,13;631,22;3647,2;65535;3846,1;198,9;0;0;0;
285;825,84;12108,94;633,4;3646,8;65535;3814,2;167,4;0;0;0;
286;825,99;12106,76;635,59;3664,9;65535;3858,9;194;0;0;0;
287;826,13;12104,57;637,77;3553,2;65535;3744,1;190,9;0;0;0;
288;826,28;12102,39;639,96;3516,6;65535;3697,1;180,5;0;0;0;
289;826,43;12100,2;642,14;3502,1;65535;3693,8;191,7;0;0;0;
290;826,58;12098,02;644,32;3589,8;65535;3790,9;201,1;0;0;0;
291;826,73;12095,84;646,5;3583,7;65535;3800,2;216,5;0;0;0;
292;826,88;12093,66;648,68;3688,7;65535;3892,7;204;0;0;0;
293;827,03;12091,48;650,86;3528,5;65535;3731;202,5;0;0;0;
294;827,18;12089,3;653,04;3674,2;65535;3845,4;171,2;0;0;0;
295;827,33;12087,13;655,22;3717,3;65535;3911,7;194,4;0;0;0;
296;827,48;12084,95;657,39;3706,6;65535;3905,8;199,2;0;0;0;
297;827,62;12082,78;659,57;3494,9;65535;3688,8;193,9;0;0;0;
298;827,77;12080,6;661,74;3582,4;65535;3767,6;185,2;0;0;0;
299;827,92;12078,43;663,92;4652,5;65535;4858,7;206,2;0;0;0;
300;828,07;12076,26;666,09;3631,4;65535;3818,6;187,2;0;0;0;
301;828,22;12074,08;668,26;3589,2;65535;3803,7;214,5;0;0;0;
302;828,37;12071,91;670,43;3843,7;65535;4035,7;192;0;0;0;
303;828,52;12069,74;672,6;3518,7;65535;3722,6;203,9;0;0;0;
304;828,67;12067,57;674,77;3541,2;65535;3736,8;195,6;0;0;0;
305;828,82;12065,41;676,94;3776,6;65535;3987,7;211,1;0;0;0;
306;828,96;12063,24;679,1;3681,6;65535;3884,5;202,9;0;0;0;
307;829,11;12061,07;681,27;3567,1;65535;3758,3;191,2;0;0;0;
308;829,26;12058,91;683,44;3634,9;65535;3820,9;186;0;0;0;
309;829,41;12056,74;685,6;3568,2;65535;3764,3;196,1;0;0;0;
310;829,56;12054,58;687,76;3669,5;65535;3851,2;181,7;0;0;0;
311;829,71;12052,42;689,93;3693,3;65535;3895,1;201,8;0;0;0;
312;829,86;12050,26;692,09;4068,7;65535;4265,2;196,5;0;0;0;
313;830,01;12048,09;694,25;3679,2;65535;3879,7;200,5;0;0;0;
314;830,16;12045,93;696,41;3690,4;65535;3889,3;198,9;0;0;0;
315;830,3;12043,78;698,57;3573;65535;3802,4;229,4;0;0;0;
316;830,45;12041,62;700,73;3687,2;65535;3898,3;211,1;0;0;0;
317;830,6;12039,46;702,88;3549,3;65535;3823,5;274,2;0;0;0;
318;830,75;12037,3;705,04;3565,1;65535;3872,4;307,3;0;0;0;
319;830,9;12035,15;707,19;3679,9;65535;4067,2;387,3;0;0;0;
320;831,05;12032,99;709,35;3688,5;65535;4147,4;458,9;0;0;0;
321;831,2;12030,84;711,5;3608,6;65535;4027,8;419,2;0;0;0;
322;831,35;12028,69;713,65;3670;65535;3954,5;284,5;0;0;0;
323;831,49;12026,54;715,81;3909,5;65535;4138;228,5;0;0;0;
324;831,64;12024,39;717,96;3702,9;65535;3924,2;221,3;0;0;0;
325;831,79;12022,24;720,11;3726,3;65535;3928,7;202,4;0;0;0;
326;831,94;12020,09;722,26;3833,3;65535;4043,9;210,6;0;0;0;
327;832,09;12017,94;724,4;3556,6;65535;3758,7;202,1;0;0;0;
328;832,24;12015,79;726,55;3672,3;65535;3859,3;187;0;0;0;
329;832,39;12013,65;728,7;3647,9;65535;3833;185,1;0;0;0;
330;832,54;12011,5;730,84;3533,7;65535;3732;198,3;0;0;0;
331;832,68;12009,36;732,99;3645,9;65535;3831,5;185,6;0;0;0;
332;832,83;12007,21;735,13;3678,3;65535;3844,9;166,6;0;0;0;
333;832,98;12005,07;737,27;3952,4;65535;4136,6;184,2;0;0;0;
334;833,13;12002,93;739,42;3710;65535;3900,9;190,9;0;0;0;
335;833,28;12000,79;741,56;3596,2;65535;3772,5;176,3;0;0;0;
336;833,43;11998,65;743,7;3898,2;65535;4078;179,8;0;0;0;
337;833,58;11996,51;745,84;3675,2;65535;3851,2;176;0;0;0;
338;833,72;11994,37;747,97;3700,9;65535;3884,9;184;0;0;0;
339;833,87;11992,23;750,11;4140;65535;4337,5;197,5;0;0;0;
340;834,02;11990,1;752,25;4425,5;65535;4634,7;209,2;0;0;0;
341;834,17;11987,96;754,38;3491;65535;3673,6;182,6;0;0;0;
342;834,32;11985,83;756,52;3711,1;65535;3887,1;176;0;0;0;
343;834,47;11983,69;758,65;3629,3;65535;3834,2;204,9;0;0;0;
344;834,62;11981,56;760,78;3671,4;65535;3862,2;190,8;0;0;0;
345;834,76;11979,43;762,92;3675;65535;3847,3;172,3;0;0;0;
346;834,91;11977,3;765,05;3897,8;65535;4096,5;198,7;0;0;0;
347;835,06;11975,17;767,18;3753,4;65535;3922,9;169,5;0;0;0;
348;835,21;11973,04;769,31;3574,1;65535;3752,7;178,6;0;0;0;
349;835,36;11970,91;771,43;3506,9;65535;3715,2;208,3;0;0;0;
350;835,51;11968,78;773,56;3638,4;65535;3834,5;196,1;0;0;0;
351;835,66;11966,66;775,69;3684,5;65535;3876,1;191,6;0;0;0;
352;835,8;11964,53;777,81;3653,6;65535;3845,9;192,3;0;0;0;
353;835,95;11962,4;779,94;3541,3;65535;3740,2;198,9;0;0;0;
354;836,1;11960,28;782,06;3642,7;65535;3839,9;197,2;0;0;0;
355;836,25;11958,16;784,19;3600,5;65535;3815;214,5;0;0;0;
356;836,4;11956,04;786,31;3558,2;65535;3747,1;188,9;0;0;0;
357;836,55;11953,91;788,43;3669,1;65535;3873,7;204,6;0;0;0;
358;836,69;11951,79;790,55;3695,8;65535;3900,2;204,4;0;0;0;
359;836,84;11949,68;792,67;3617,4;65535;3804,3;186,9;0;0;0;
360;836,99;11947,56;794,79;3629,4;65535;3831,1;201,7;0;0;0;
361;837,14;11945,44;796,9;3579;65535;3775,2;196,2;0;0;0;
362;837,29;11943,32;799,02;3662,5;65535;3856,3;193,8;0;0;0;
363;837,44;11941,21;801,14;3610,3;65535;3813,4;203,1;0;0;0;
364;837,58;11939,09;803,25;3786,3;65535;3993,9;207,6;0;0;0;
365;837,73;11936,98;805,37;3617,7;65535;3822,7;205;0;0;0;
366;837,88;11934,86;807,48;3603,2;65535;3798,1;194,9;0;0;0;
367;838,03;11932,75;809,59;3639,1;65535;3836,6;197,5;0;0;0;
368;838,18;11930,64;811,7;3741,3;65535;3931,8;190,5;0;0;0;
369;838,33;11928,53;813,81;3669,8;65535;3865,2;195,4;0;0;0;
370;838,47;11926,42;815,92;3570,9;65535;3728,5;157,6;0;0;0;
371;838,62;11924,31;818,03;3531,5;65535;3745,1;213,6;0;0;0;
372;838,77;11922,2;820,14;3652,7;65535;3853,8;201,1;0;0;0;
373;838,92;11920,1;822,25;3770,6;65535;3952;181,4;0;0;0;
374;839,07;11917,99;824,35;3781,9;65535;3948,9;167;0;0;0;
375;839,22;11915,88;826,46;3630,1;65535;3806,1;176;0;0;0;
376;839,36;11913,78;828,56;3650,9;65535;3838,4;187,5;0;0;0;
377;839,51;11911,68;830,67;3551,5;65535;3766;214,5;0;0;0;
378;839,66;11909,57;832,77;3654,2;65535;3840,7;186,5;0;0;0;
379;839,81;11907,47;834,87;3668,4;65535;3848,2;179,8;0;0;0;
380;839,96;11905,37;836,97;3609,4;65535;3785,3;175,9;0;0;0;
381;840,11;11903,27;839,07;3720,9;65535;3900,6;179,7;0;0;0;
382;840,25;11901,17;841,17;3494,6;65535;3686;191,4;0;0;0;
383;840,4;11899,07;843,27;3580,9;65535;3771,6;190,7;0;0;0;
384;840,55;11896,98;845,37;3640,4;65535;3818,8;178,4;0;0;0;
385;840,7;11894,88;847,46;3553,2;65535;3741,2;188;0;0;0;
386;840,85;11892,79;849,56;3708,9;65535;3909,8;200,9;0;0;0;
387;840,99;11890,69;851,65;3854,4;65535;4055,1;200,7;0;0;0;
388;841,14;11888,6;853,75;3547,4;65535;3726,3;178,9;0;0;0;
389;841,29;11886,5;855,84;3676;65535;3875,6;199,6;0;0;0;
390;841,44;11884,41;857,93;3568,8;65535;3755,3;186,5;0;0;0;
391;841,59;11882,32;860,02;4210,7;65535;4380;169,3;0;0;0;
392;841,73;11880,23;862,11;3547,9;65535;3744,1;196,2;0;0;0;
393;841,88;11878,14;864,2;3709,5;65535;3884,4;174,9;0;0;0;
394;842,03;11876,05;866,29;3555,3;65535;3741,4;186,1;0;0;0;
395;842,18;11873,96;868,38;3613,3;65535;3789,6;176,3;0;0;0;
396;842,33;11871,88;870,47;4644,9;65535;4846,3;201,4;0;0;0;
397;842,47;11869,79;872,55;4266;65535;4460,3;194,3;0;0;0;
398;842,62;11867,71;874,64;3632,2;65535;3836,6;204,4;0;0;0;
399;842,77;11865,62;876,72;3621,8;65535;3818,3;196,5;0;0;0;
400;842,92;11863,54;878,81;3541,2;65535;3743,1;201,9;0;0;0;
401;843,07;11861,46;880,89;3702;65535;3895,7;193,7;0;0;0;
402;843,21;11859,37;882,97;3671,7;65535;3869,3;197,6;0;0;0;
403;843,36;11857,29;885,05;3670,5;65535;3856,6;186,1;0;0;0;
404;843,51;11855,21;887,13;3681,3;65535;3875,2;193,9;0;0;0;
405;843,66;11853,13;889,21;3823;65535;4007,8;184,8;0;0;0;
406;843,81;11851,06;891,29;3518,2;65535;3720,7;202,5;0;0;0;
407;843,95;11848,98;893,36;3608,3;65535;3800,2;191,9;0;0;0;
408;844,1;11846,9;895,44;3560,1;65535;3749;188,9;0;0;0;
409;844,25;11844,83;897,52;3591,8;65535;3809,5;217,7;0;0;0;
410;844,4;11842,75;899,59;3540,6;65535;3748,5;207,9;0;0;0;
411;844,55;11840,68;901,67;3633,3;65535;3831,4;198,1;0;0;0;
412;844,69;11838,61;903,74;3659,2;65535;3844,7;185,5;0;0;0;
413;844,84;11836,53;905,81;3579,4;65535;3774,1;194,7;0;0;0;
414;844,99;11834,46;907,88;3639,6;65535;3826,3;186,7;0;0;0;
415;845,14;11832,39;909,95;3545,1;65535;3742,6;197,5;0;0;0;
416;845,29;11830,32;912,02;3515,1;65535;3697;181,9;0;0;0;
417;845,43;11828,25;914,09;3557,7;65535;3749,8;192,1;0;0;0;
418;845,58;11826,19;916,16;3568,6;65535;3742,7;174,1;0;0;0;
419;845,73;11824,12;918,23;3751,6;65535;3960,8;209,2;0;0;0;
420;845,88;11822,05;920,29;3544,9;65535;3757,4;212,5;0;0;0;
421;846,02;11819,99;922,36;3603,1;65535;3803,8;200,7;0;0;0;
422;846,17;11817,92;924,42;3547,5;65535;3743;195,5;0;0;0;
423;846,32;11815,86;926,48;3477,2;65535;3661,9;184,7;0;0;0;
424;846,47;11813,8;928,55;3679,5;65535;3874,7;195,2;0;0;0;
425;846,62;11811,73;930,61;3797,8;65535;4000,1;202,3;0;0;0;
426;846,76;11809,67;932,67;3516;65535;3697;181;0;0;0;
427;846,91;11807,61;934,73;3650;65535;3838,6;188,6;0;0;0;
428;847,06;11805,55;936,79;3561,3;65535;3732,3;171;0;0;0;
429;847,21;11803,5;938,85;3600,5;65535;3793,3;192,8;0;0;0;
430;847,35;11801,44;940,9;3698,5;65535;3886,1;187,6;0;0;0;
431;847,5;11799,38;942,96;3658,6;65535;3847,2;188,6;0;0;0;
432;847,65;11797,33;945,02;3749,3;65535;3924,6;175,3;0;0;0;
433;847,8;11795,27;947,07;3479,4;65535;3671,9;192,5;0;0;0;
434;847,95;11793,22;949,13;3606,2;65535;3788,2;182;0;0;0;
435;848,09;11791,16;951,18;3557,7;65535;3758,8;201,1;0;0;0;
436;848,24;11789,11;953,23;3616,7;65535;3803,3;186,6;0;0;0;
437;848,39;11787,06;955,28;3524,4;65535;3700,2;175,8;0;0;0;
438;848,54;11785,01;957,33;3733,5;65535;3889,3;155,8;0;0;0;
439;848,68;11782,96;959,38;3551,7;65535;3717,6;165,9;0;0;0;
440;848,83;11780,91;961,43;3626,2;65535;3807,1;180,9;0;0;0;
441;848,98;11778,86;963,48;3762,5;65535;3962,3;199,8;0;0;0;
442;849,13;11776,81;965,53;3811,9;65535;3998;186,1;0;0;0;
443;849,27;11774,77;967,58;3768,7;65535;3944,7;176;0;0;0;
444;849,42;11772,72;969,62;3652,9;65535;3837,1;184,2;0;0;0;
445;849,57;11770,68;971,67;3702;65535;3894,7;192,7;0;0;0;
446;849,72;11768,63;973,71;3696,4;65535;3878,9;182,5;0;0;0;
447;849,86;11766,59;975,75;4144,5;65535;4320,2;175,7;0;0;0;
448;850,01;11764,55;977,79;4031,8;65535;4238,3;206,5;0;0;0;
449;850,16;11762,51;979,84;3837,2;65535;4016,5;179,3;0;0;0;
450;850,31;11760,47;981,88;3800,4;65535;3983;182,6;0;0;0;
451;850,45;11758,43;983,92;3759,5;65535;3946,1;186,6;0;0;0;
452;850,6;11756,39;985,95;3578,5;65535;3755,5;177;0;0;0;
453;850,75;11754,35;987,99;3924,8;65535;4122;197,2;0;0;0;
454;850,9;11752,31;990,03;3608,4;65535;3798,6;190,2;0;0;0;
455;851,04;11750,28;992,07;3605,8;65535;3799,4;193,6;0;0;0;
456;851,19;11748,24;994,1;3671,8;65535;3860,2;188,4;0;0;0;
457;851,34;11746,21;996,14;3696,7;65535;3896;199,3;0;0;0;
458;851,49;11744,17;998,17;3643,3;65535;3843,8;200,5;0;0;0;
459;851,63;11742,14;1000,2;3596,1;65535;3796,7;200,6;0;0;0;
460;851,78;11740,11;1002,23;3627,9;65535;3817,7;189,8;0;0;0;
461;851,93;11738,08;1004,27;3524,6;65535;3718,9;194,3;0;0;0;
462;852,08;11736,05;1006,3;3625,8;65535;3821,1;195,3;0;0;0;
463;852,22;11734,02;1008,33;3519,3;65535;3707;187,7;0;0;0;
464;852,37;11731,99;1010,35;3689;65535;3889,3;200,3;0;0;0;
465;852,52;11729,96;1012,38;3662,4;65535;3849,8;187,4;0;0;0;
466;852,67;11727,93;1014,41;3662;65535;3879,1;217,1;0;0;0;
467;852,81;11725,91;1016,44;3689,9;65535;3905,4;215,5;0;0;0;
468;852,96;11723,88;1018,46;3759,3;65535;3969,3;210;0;0;0;
469;853,11;11721,86;1020,49;3646,1;65535;3830,1;184;0;0;0;
470;853,25;11719,83;1022,51;3652,2;65535;3858,1;205,9;0;0;0;
471;853,4;11717,81;1024,53;3679,1;65535;3881,7;202,6;0;0;0;
472;853,55;11715,79;1026,55;3656,5;65535;3855,4;198,9;0;0;0;
473;853,7;11713,77;1028,58;3627,7;65535;3827,7;200;0;0;0;
474;853,84;11711,75;1030,6;3623,3;65535;3824,6;201,3;0;0;0;
475;853,99;11709,73;1032,61;3621,5;65535;3819;197,5;0;0;0;
476;854,14;11707,71;1034,63;3669,9;65535;3872,2;202,3;0;0;0;
477;854,29;11705,69;1036,65;3543;65535;3754,4;211,4;0;0;0;
478;854,43;11703,68;1038,67;3582;65535;3788,6;206,6;0;0;0;
479;854,58;11701,66;1040,68;3599,8;65535;3799,2;199,4;0;0;0;
480;854,73;11699,64;1042,7;3660,3;65535;3868,4;208,1;0;0;0;
481;854,87;11697,63;1044,71;3534,7;65535;3742,5;207,8;0;0;0;
482;855,02;11695,62;1046,73;3853,8;65535;4055,2;201,4;0;0;0;
483;855,17;11693,6;1048,74;3557,2;65535;3769,5;212,3;0;0;0;
484;855,32;11691,59;1050,75;3615,5;65535;3803,1;187,6;0;0;0;
485;855,46;11689,58;1052,76;3638,9;65535;3859;220,1;0;0;0;
486;855,61;11687,57;1054,77;3666,1;65535;3874,2;208,1;0;0;0;
487;855,76;11685,56;1056,78;3582,2;65535;3786,4;204,2;0;0;0;
488;855,9;11683,55;1058,79;3794,5;65535;3978,8;184,3;0;0;0;
489;856,05;11681,54;1060,8;3638,8;65535;3861,1;222,3;0;0;0;
490;856,2;11679,54;1062,81;3593,7;65535;3834,7;241;0;0;0;
491;856,35;11677,53;1064,81;5258,4;65535;5574,8;316,4;0;0;0;
492;856,49;11675,53;1066,82;3608,8;65535;3842,6;233,8;0;0;0;
493;856,64;11673,52;1068,82;3589,3;65535;3808,5;219,2;0;0;0;
494;856,79;11671,52;1070,83;3558,4;65535;3816,1;257,7;0;0;0;
495;856,93;11669,51;1072,83;3658,8;65535;3961,2;302,4;0;0;0;
496;857,08;11667,51;1074,83;3602,3;65535;3955,8;353,5;0;0;0;
497;857,23;11665,51;1076,83;3665,2;65535;4141,1;475,9;0;0;0;
498;857,37;11663,51;1078,83;3616,6;65535;4441;824,4;0;0;0;
499;857,52;11661,51;1080,83;3636,2;65535;5003,8;1367,6;0;0;0;
500;857,67;11659,51;1082,83;3661,6;65535;5705;2043,4;0;0;0;
501;857,82;11657,51;1084,83;3626,3;65535;5906,5;2280,2;0;0;0;
502;857,96;11655,52;1086,83;3653,5;65535;5172,3;1518,8;0;0;0;
503;858,11;11653,52;1088,82;3545;65535;4315,1;770,1;0;0;0;
504;858,26;11651,53;1090,82;3605;65535;4010,9;405,9;0;0;0;
505;858,4;11649,53;1092,81;3600,2;65535;3937,5;337,3;0;0;0;
506;858,55;11647,54;1094,81;3667,8;65535;3970,9;303,1;0;0;0;
507;858,7;11645,54;1096,8;3642,2;65535;3935,2;293;0;0;0;
508;858,84;11643,55;1098,79;3664,9;65535;3929,5;264,6;0;0;0;
509;858,99;11641,56;1100,78;3660,6;65535;3893,7;233,1;0;0;0;
510;859,14;11639,57;1102,77;3751,2;65535;3976,1;224,9;0;0;0;
511;859,29;11637,58;1104,76;3669;65535;3867,1;198,1;0;0;0;
512;859,43;11635,59;1106,75;3545,1;65535;3761,1;216;0;0;0;
513;859,58;11633,6;1108,74;3588,1;65535;3800,4;212,3;0;0;0;
514;859,73;11631,62;1110,73;3695,2;65535;3903,3;208,1;0;0;0;
515;859,87;11629,63;1112,71;3679,2;65535;3892;212,8;0;0;0;
516;860,02;11627,65;1114,7;3688,2;65535;3902;213,8;0;0;0;
517;860,17;11625,66;1116,68;3604,8;65535;3815,8;211;0;0;0;
518;860,31;11623,68;1118,67;3626,5;65535;3836,4;209,9;0;0;0;
519;860,46;11621,69;1120,65;3682,8;65535;3914,1;231,3;0;0;0;
520;860,61;11619,71;1122,63;3834,3;65535;4029,9;195,6;0;0;0;
521;860,75;11617,73;1124,61;3538,8;65535;3725;186,2;0;0;0;
522;860,9;11615,75;1126,59;3598;65535;3784;186;0;0;0;
523;861,05;11613,77;1128,57;3758,2;65535;3947,4;189,2;0;0;0;
524;861,19;11611,79;1130,55;3569,2;65535;3794,4;225,2;0;0;0;
525;861,34;11609,81;1132,53;3597;65535;3797;200;0;0;0;
526;861,49;11607,83;1134,51;3616,3;65535;3834,7;218,4;0;0;0;
527;861,63;11605,86;1136,49;3582,5;65535;3795,4;212,9;0;0;0;
528;861,78;11603,88;1138,46;3543,8;65535;3773,3;229,5;0;0;0;
529;861,93;11601,91;1140,44;3694,9;65535;3930,1;235,2;0;0;0;
530;862,07;11599,93;1142,41;3559;65535;3759,1;200,1;0;0;0;
531;862,22;11597,96;1144,38;3996,2;65535;4209,9;213,7;0;0;0;
532;862,37;11595,99;1146,36;3512,8;65535;3729;216,2;0;0;0;
533;862,51;11594,02;1148,33;3668,5;65535;3894,7;226,2;0;0;0;
534;862,66;11592,04;1150,3;3735,7;65535;3946;210,3;0;0;0;
535;862,81;11590,07;1152,27;3551,1;65535;3794,5;243,4;0;0;0;
536;862,95;11588,11;1154,24;3689,4;65535;3916,2;226,8;0;0;0;
537;863,1;11586,14;1156,21;3728,5;65535;3967,1;238,6;0;0;0;
538;863,25;11584,17;1158,17;3583,6;65535;3839,4;255,8;0;0;0;
539;863,39;11582,2;1160,14;3597;65535;3851,4;254,4;0;0;0;
540;863,54;11580,24;1162,11;3487,8;65535;3725,3;237,5;0;0;0;
541;863,69;11578,27;1164,07;3547,5;65535;3796,3;248,8;0;0;0;
542;863,83;11576,31;1166,04;3899,3;65535;4158,6;259,3;0;0;0;
543;863,98;11574,34;1168;3713,2;65535;3963,8;250,6;0;0;0;
544;864,13;11572,38;1169,96;3633,6;65535;3870,5;236,9;0;0;0;
545;864,27;11570,42;1171,92;3646,2;65535;3898,4;252,2;0;0;0;
546;864,42;11568,46;1173,89;3664,5;65535;3912,7;248,2;0;0;0;
547;864,57;11566,5;1175,85;3572,1;65535;3827,5;255,4;0;0;0;
548;864,71;11564,54;1177,81;3667,9;65535;3915;247,1;0;0;0;
549;864,86;11562,58;1179,76;3541;65535;3822,8;281,8;0;0;0;
550;865,01;11560,62;1181,72;4520,2;65535;5041,3;521,1;0;0;0;
551;865,15;11558,66;1183,68;5825,4;65535;6633,4;808;0;0;0;
552;865,3;11556,71;1185,64;3574,1;65535;3849,3;275,2;0;0;0;
553;865,44;11554,75;1187,59;3723,2;65535;4013,8;290,6;0;0;0;
554;865,59;11552,8;1189,55;3728,4;65535;4009,3;280,9;0;0;0;
555;865,74;11550,84;1191,5;3714,6;65535;3994,7;280,1;0;0;0;
556;865,88;11548,89;1193,45;3743,4;65535;4020,2;276,8;0;0;0;
557;866,03;11546,94;1195,41;3684;65535;3966,2;282,2;0;0;0;
558;866,18;11544,99;1197,36;3994,5;65535;4272,2;277,7;0;0;0;
559;866,32;11543,04;1199,31;3639,4;65535;3916,8;277,4;0;0;0;
560;866,47;11541,09;1201,26;3697,7;65535;3990,9;293,2;0;0;0;
561;866,62;11539,14;1203,21;3551,2;65535;3842,2;291;0;0;0;
562;866,76;11537,19;1205,16;4077,6;65535;4357,8;280,2;0;0;0;
563;866,91;11535,24;1207,1;4021,3;65535;4288,4;267,1;0;0;0;
564;867,05;11533,29;1209,05;3617,6;65535;3881,4;263,8;0;0;0;
565;867,2;11531,35;1211;3680,5;65535;3929,8;249,3;0;0;0;
566;867,35;11529,4;1212,94;3854,9;65535;4129,5;274,6;0;0;0;
567;867,49;11527,46;1214,88;3541,7;65535;3786,6;244,9;0;0;0;
568;867,64;11525,51;1216,83;3606,3;65535;3851,1;244,8;0;0;0;
569;867,79;11523,57;1218,77;4078;65535;4317,6;239,6;0;0;0;
570;867,93;11521,63;1220,71;3610,6;65535;3873;262,4;0;0;0;
571;868,08;11519,69;1222,65;3680,7;65535;3956,4;275,7;0;0;0;
572;868,23;11517,75;1224,59;3646,3;65535;3921,9;275,6;0;0;0;
573;868,37;11515,81;1226,53;3679,1;65535;3929,3;250,2;0;0;0;
574;868,52;11513,87;1228,47;3681,5;65535;3936;254,5;0;0;0;
575;868,66;11511,93;1230,41;3820;65535;4088;268;0;0;0;
576;868,81;11510;1232,35;3889;65535;4188,1;299,1;0;0;0;
577;868,96;11508,06;1234,28;3598,7;65535;3871,1;272,4;0;0;0;
578;869,1;11506,12;1236,22;3591,4;65535;3847;255,6;0;0;0;
579;869,25;11504,19;1238,15;3741,8;65535;4000,4;258,6;0;0;0;
580;869,39;11502,25;1240,09;3632;65535;3889,7;257,7;0;0;0;
581;869,54;11500,32;1242,02;3683,8;65535;3958,8;275;0;0;0;
582;869,69;11498,39;1243,95;5853;65535;6143,1;290,1;0;0;0;
583;869,83;11496,46;1245,89;3574,6;65535;3858,6;284;0;0;0;
584;869,98;11494,53;1247,82;3604,9;65535;3916;311,1;0;0;0;
585;870,13;11492,6;1249,75;3961,3;65535;4268,7;307,4;0;0;0;
586;870,27;11490,67;1251,68;3595;65535;3908,7;313,7;0;0;0;
587;870,42;11488,74;1253,6;3528,4;65535;3832,9;304,5;0;0;0;
588;870,56;11486,81;1255,53;3624;65535;3936,6;312,6;0;0;0;
589;870,71;11484,88;1257,46;3636,8;65535;3948,3;311,5;0;0;0;
590;870,86;11482,96;1259,39;3540,2;65535;3835,4;295,2;0;0;0;
591;871;11481,03;1261,31;3849,3;65535;4137,8;288,5;0;0;0;
592;871,15;11479,11;1263,24;5617,3;65535;5925,9;308,6;0;0;0;
593;871,29;11477,18;1265,16;3650,8;65535;3939,9;289,1;0;0;0;
594;871,44;11475,26;1267,08;3671,9;65535;3981,7;309,8;0;0;0;
595;871,59;11473,34;1269;3652,8;65535;3957,9;305,1;0;0;0;
596;871,73;11471,42;1270,93;3547,8;65535;3843,9;296,1;0;0;0;
597;871,88;11469,5;1272,85;3712,3;65535;4016,7;304,4;0;0;0;
598;872,02;11467,58;1274,77;3674,2;65535;3984,3;310,1;0;0;0;
599;872,17;11465,66;1276,68;3606,6;65535;3901,3;294,7;0;0;0;
600;872,32;11463,74;1278,6;3724,2;65535;4020,6;296,4;0;0;0;
601;872,46;11461,82;1280,52;3874,6;65535;4168;293,4;0;0;0;
602;872,61;11459,91;1282,44;4239,5;65535;4536,8;297,3;0;0;0;
603;872,75;11457,99;1284,35;3638,9;65535;3951,6;312,7;0;0;0;
604;872,9;11456,08;1286,27;3605,4;65535;3900,2;294,8;0;0;0;
605;873,05;11454,16;1288,18;3678,6;65535;3982,1;303,5;0;0;0;
606;873,19;11452,25;1290,1;3606,8;65535;3906,3;299,5;0;0;0;
607;873,34;11450,33;1292,01;3726;65535;4045,7;319,7;0;0;0;
608;873,48;11448,42;1293,92;3631,9;65535;3950;318,1;0;0;0;
609;873,63;11446,51;1295,83;3722,9;65535;4019,5;296,6;0;0;0;
610;873,77;11444,6;1297,74;3650,3;65535;3945;294,7;0;0;0;
611;873,92;11442,69;1299,65;3699,3;65535;3986,1;286,8;0;0;0;
612;874,07;11440,78;1301,56;3622,8;65535;3928,1;305,3;0;0;0;
613;874,21;11438,87;1303,47;3680,6;65535;3987,4;306,8;0;0;0;
614;874,36;11436,97;1305,38;3660,1;65535;3956,6;296,5;0;0;0;
615;874,5;11435,06;1307,28;3775,2;65535;4046,3;271,1;0;0;0;
616;874,65;11433,16;1309,19;3513,6;65535;3803;289,4;0;0;0;
617;874,79;11431,25;1311,09;3591;65535;3878;287;0;0;0;
618;874,94;11429,35;1313;3576,9;65535;3860,8;283,9;0;0;0;
619;875,09;11427,44;1314,9;3726,3;65535;4012,2;285,9;0;0;0;
620;875,23;11425,54;1316,8;3961,9;65535;4248,6;286,7;0;0;0;
621;875,38;11423,64;1318,71;3820;65535;4096,2;276,2;0;0;0;
622;875,52;11421,74;1320,61;3821;65535;4102,6;281,6;0;0;0;
623;875,67;11419,84;1322,51;3651,8;65535;3937,8;286;0;0;0;
624;875,81;11417,94;1324,41;3537,3;65535;3809,1;271,8;0;0;0;
625;875,96;11416,04;1326,3;3664,7;65535;3921,1;256,4;0;0;0;
626;876,11;11414,14;1328,2;3597,2;65535;3873,7;276,5;0;0;0;
627;876,25;11412,24;1330,1;3584,6;65535;3838,6;254;0;0;0;
628;876,4;11410,35;1332;3689,2;65535;3970;280,8;0;0;0;
629;876,54;11408,45;1333,89;3700;65535;3949,1;249,1;0;0;0;
630;876,69;11406,56;1335,79;3713,1;65535;3959,2;246,1;0;0;0;
631;876,83;11404,66;1337,68;3895,7;65535;4153,8;258,1;0;0;0;
632;876,98;11402,77;1339,57;3650,2;65535;3904;253,8;0;0;0;
633;877,13;11400,88;1341,47;3652,1;65535;3872,2;220,1;0;0;0;
634;877,27;11398,98;1343,36;3681,6;65535;3936;254,4;0;0;0;
635;877,42;11397,09;1345,25;4663,5;65535;4532,4;-131,1;0;0;0;
636;877,56;11395,2;1347,14;3494,1;65535;3722,2;228,1;0;0;0;
637;877,71;11393,31;1349,03;3905;65535;4149;244;0;0;0;
638;877,85;11391,43;1350,92;3614,2;65535;3852,2;238;0;0;0;
639;878;11389,54;1352,81;3628,8;65535;3833,6;204,8;0;0;0;
640;878,14;11387,65;1354,69;3705,3;65535;3927,1;221,8;0;0;0;
641;878,29;11385,76;1356,58;3675,3;65535;3906,3;231;0;0;0;
642;878,44;11383,88;1358,47;3734,6;65535;3946;211,4;0;0;0;
643;878,58;11381,99;1360,35;3671,9;65535;3913,8;241,9;0;0;0;
644;878,73;11380,11;1362,23;4014,9;65535;4270,8;255,9;0;0;0;
645;878,87;11378,23;1364,12;3657,5;65535;3888,6;231,1;0;0;0;
646;879,02;11376,34;1366;3604,4;65535;3842,6;238,2;0;0;0;
647;879,16;11374,46;1367,88;3612,3;65535;3855,1;242,8;0;0;0;
648;879,31;11372,58;1369,76;3528,5;65535;3755,4;226,9;0;0;0;
649;879,45;11370,7;1371,64;3674,9;65535;3874;199,1;0;0;0;
650;879,6;11368,82;1373,52;3672,4;65535;3863,7;191,3;0;0;0;
651;879,74;11366,94;1375,4;3692;65535;3930,2;238,2;0;0;0;
652;879,89;11365,06;1377,28;3622,5;65535;3834,2;211,7;0;0;0;
653;880,03;11363,19;1379,16;4254,2;65535;4469;214,8;0;0;0;
654;880,18;11361,31;1381,03;4230,1;65535;4440,7;210,6;0;0;0;
655;880,33;11359,43;1382,91;3857,1;65535;4093,9;236,8;0;0;0;
656;880,47;11357,56;1384,78;3592,3;65535;3853,2;260,9;0;0;0;
657;880,62;11355,69;1386,66;3657;65535;3908,8;251,8;0;0;0;
658;880,76;11353,81;1388,53;3694,3;65535;3913,3;219;0;0;0;
659;880,91;11351,94;1390,4;3719;65535;3955,6;236,6;0;0;0;
660;881,05;11350,07;1392,28;3884,6;65535;4118;233,4;0;0;0;
661;881,2;11348,2;1394,15;3598;65535;3817;219;0;0;0;
662;881,34;11346,33;1396,02;3780,7;65535;3994,2;213,5;0;0;0;
663;881,49;11344,46;1397,89;3821,6;65535;4051,5;229,9;0;0;0;
664;881,63;11342,59;1399,76;3633,7;65535;3848,9;215,2;0;0;0;
665;881,78;11340,72;1401,62;3763,4;65535;3998,7;235,3;0;0;0;
666;881,92;11338,85;1403,49;3677;65535;3923,7;246,7;0;0;0;
667;882,07;11336,99;1405,36;3660,8;65535;3901,8;241;0;0;0;
668;882,21;11335,12;1407,22;3578,5;65535;3815;236,5;0;0;0;
669;882,36;11333,26;1409,09;3575,2;65535;3825,3;250,1;0;0;0;
670;882,5;11331,39;1410,95;3505,4;65535;3753;247,6;0;0;0;
671;882,65;11329,53;1412,82;3767,4;65535;4013,5;246,1;0;0;0;
672;882,79;11327,67;1414,68;3610;65535;3832,1;222,1;0;0;0;
673;882,94;11325,8;1416,54;3621,9;65535;3841,6;219,7;0;0;0;
674;883,08;11323,94;1418,4;3616,7;65535;3854,4;237,7;0;0;0;
675;883,23;11322,08;1420,26;3599;65535;3843,8;244,8;0;0;0;
676;883,37;11320,22;1422,12;3877;65535;4108,5;231,5;0;0;0;
677;883,52;11318,36;1423,98;3786,4;65535;4019,3;232,9;0;0;0;
678;883,67;11316,5;1425,84;3555,1;65535;3791,1;236;0;0;0;
679;883,81;11314,65;1427,7;3733,3;65535;3995,2;261,9;0;0;0;
680;883,96;11312,79;1429,55;3594,5;65535;3850,3;255,8;0;0;0;
681;884,1;11310,93;1431,41;3634,9;65535;3884,8;249,9;0;0;0;
682;884,25;11309,08;1433,26;3633,4;65535;3896,7;263,3;0;0;0;
683;884,39;11307,22;1435,12;3661,7;65535;3894;232,3;0;0;0;
684;884,54;11305,37;1436,97;3704;65535;3968,2;264,2;0;0;0;
685;884,68;11303,52;1438,83;3726,7;65535;3954,4;227,7;0;0;0;
686;884,83;11301,67;1440,68;3656,8;65535;3865;208,2;0;0;0;
687;884,97;11299,81;1442,53;3644,2;65535;3854,2;210;0;0;0;
688;885,12;11297,96;1444,38;3998,6;65535;4214,7;216,1;0;0;0;
689;885,26;11296,11;1446,23;3690,7;65535;3895,1;204,4;0;0;0;
690;885,41;11294,26;1448,08;3548,8;65535;3776,6;227,8;0;0;0;
691;885,55;11292,42;1449,93;3631;65535;3843,7;212,7;0;0;0;
692;885,69;11290,57;1451,77;3702,4;65535;3901,4;199;0;0;0;
693;885,84;11288,72;1453,62;3582,2;65535;3782,5;200,3;0;0;0;
694;885,98;11286,88;1455,47;3643,1;65535;3873,6;230,5;0;0;0;
695;886,13;11285,03;1457,31;3564,4;65535;3783,4;219;0;0;0;
696;886,27;11283,19;1459,16;5029,2;65535;5243,1;213,9;0;0;0;
697;886,42;11281,34;1461;3560,3;65535;3759,9;199,6;0;0;0;
698;886,56;11279,5;1462,85;3585,1;65535;3802,1;217;0;0;0;
699;886,71;11277,66;1464,69;3545;65535;3767,1;222,1;0;0;0;
700;886,85;11275,81;1466,53;3667,7;65535;3876,8;209,1;0;0;0;
701;887;11273,97;1468,37;3670,8;65535;3872,5;201,7;0;0;0;
702;887,14;11272,13;1470,21;3539,5;65535;3773,3;233,8;0;0;0;
703;887,29;11270,29;1472,05;3542,3;65535;3783,3;241;0;0;0;
704;887,43;11268,45;1473,89;3665,6;65535;3890,7;225,1;0;0;0;
705;887,58;11266,62;1475,73;3803,3;65535;4030,1;226,8;0;0;0;
706;887,72;11264,78;1477,56;3721,5;65535;3941,8;220,3;0;0;0;
707;887,87;11262,94;1479,4;3719,6;65535;3939,5;219,9;0;0;0;
708;888,01;11261,11;1481,24;3648,8;65535;3868;219,2;0;0;0;
709;888,16;11259,27;1483,07;3651,6;65535;3880,6;229;0;0;0;
710;888,3;11257,44;1484,91;3551,6;65535;3767,7;216,1;0;0;0;
711;888,45;11255,6;1486,74;3612,3;65535;3858,1;245,8;0;0;0;
712;888,59;11253,77;1488,57;3817,8;65535;4052,5;234,7;0;0;0;
713;888,74;11251,94;1490,4;4339;65535;4566,6;227,6;0;0;0;
714;888,88;11250,11;1492,23;3642,9;65535;3870,4;227,5;0;0;0;
715;889,02;11248,28;1494,07;3656,3;65535;3875,2;218,9;0;0;0;
716;889,17;11246,45;1495,9;3714,6;65535;3928,3;213,7;0;0;0;
717;889,31;11244,62;1497,72;3566,6;65535;3799,8;233,2;0;0;0;
718;889,46;11242,79;1499,55;3564,4;65535;3791,3;226,9;0;0;0;
719;889,6;11240,96;1501,38;3704,8;65535;3925,9;221,1;0;0;0;
720;889,75;11239,14;1503,21;3703,8;65535;3905,9;202,1;0;0;0;
721;889,89;11237,31;1505,03;3648,4;65535;3869,9;221,5;0;0;0;
722;890,04;11235,48;1506,86;3657,2;65535;3896,5;239,3;0;0;0;
723;890,18;11233,66;1508,68;3653,7;65535;3877,6;223,9;0;0;0;
724;890,33;11231,84;1510,51;3625,9;65535;3851,3;225,4;0;0;0;
725;890,47;11230,01;1512,33;3671,1;65535;3909,9;238,8;0;0;0;
726;890,62;11228,19;1514,15;3856,3;65535;4086,8;230,5;0;0;0;
727;890,76;11226,37;1515,97;3825,2;65535;4056,2;231;0;0;0;
728;890,9;11224,55;1517,8;3542,4;65535;3789,7;247,3;0;0;0;
729;891,05;11222,73;1519,62;3575,9;65535;3807,3;231,4;0;0;0;
730;891,19;11220,91;1521,43;3618,4;65535;3853,2;234,8;0;0;0;
731;891,34;11219,09;1523,25;3733,9;65535;3973,2;239,3;0;0;0;
732;891,48;11217,27;1525,07;3731,4;65535;3961,7;230,3;0;0;0;
733;891,63;11215,45;1526,89;3669,6;65535;3892,8;223,2;0;0;0;
734;891,77;11213,64;1528,71;3767,3;65535;3975,7;208,4;0;0;0;
735;891,92;11211,82;1530,52;3717,8;65535;3940,5;222,7;0;0;0;
736;892,06;11210,01;1532,34;3604,9;65535;3839,9;235;0;0;0;
737;892,2;11208,19;1534,15;3596,7;65535;3842,4;245,7;0;0;0;
738;892,35;11206,38;1535,96;3607,3;65535;3822,4;215,1;0;0;0;
739;892,49;11204,57;1537,78;3578,6;65535;3808;229,4;0;0;0;
740;892,64;11202,75;1539,59;3604,7;65535;3839,2;234,5;0;0;0;
741;892,78;11200,94;1541,4;3628,8;65535;3865,3;236,5;0;0;0;
742;892,93;11199,13;1543,21;3526,8;65535;3756,6;229,8;0;0;0;
743;893,07;11197,32;1545,02;3783,4;65535;3996;212,6;0;0;0;
744;893,21;11195,51;1546,83;3625,3;65535;3846,7;221,4;0;0;0;
745;893,36;11193,7;1548,64;3736,9;65535;3960,7;223,8;0;0;0;
746;893,5;11191,9;1550,45;3718,4;65535;3964,7;246,3;0;0;0;
747;893,65;11190,09;1552,25;3584,6;65535;3805;220,4;0;0;0;
748;893,79;11188,28;1554,06;3693,9;65535;3916,3;222,4;0;0;0;
749;893,94;11186,48;1555,87;3654,4;65535;3883,8;229,4;0;0;0;
750;894,08;11184,67;1557,67;3746,2;65535;3975,8;229,6;0;0;0;
751;894,22;11182,87;1559,47;3560;65535;3785,2;225,2;0;0;0;
752;894,37;11181,07;1561,28;3567,4;65535;3789,8;222,4;0;0;0;
753;894,51;11179,26;1563,08;3571,5;65535;3800,3;228,8;0;0;0;
754;894,66;11177,46;1564,88;3678,7;65535;3907,7;229;0;0;0;
755;894,8;11175,66;1566,68;3639,1;65535;3866,4;227,3;0;0;0;
756;894,95;11173,86;1568,48;3872,3;65535;4090,2;217,9;0;0;0;
757;895,09;11172,06;1570,28;3572,7;65535;3767,4;194,7;0;0;0;
758;895,23;11170,26;1572,08;4523,9;65535;4712,9;189;0;0;0;
759;895,38;11168,46;1573,88;3884;65535;4106,3;222,3;0;0;0;
760;895,52;11166,67;1575,68;3737,7;65535;3954,6;216,9;0;0;0;
761;895,67;11164,87;1577,48;3783,1;65535;3997,6;214,5;0;0;0;
762;895,81;11163,07;1579,27;3653,2;65535;3855,8;202,6;0;0;0;
763;895,95;11161,28;1581,07;3561,6;65535;3770,3;208,7;0;0;0;
764;896,1;11159,48;1582,86;3682,5;65535;3889,9;207,4;0;0;0;
765;896,24;11157,69;1584,66;3586,1;65535;3811,9;225,8;0;0;0;
766;896,39;11155,89;1586,45;3549,4;65535;3745,4;196;0;0;0;
767;896,53;11154,1;1588,24;3652,6;65535;3848,2;195,6;0;0;0;
768;896,68;11152,31;1590,03;3736,2;65535;3946,7;210,5;0;0;0;
769;896,82;11150,52;1591,82;3910,2;65535;4104,9;194,7;0;0;0;
770;896,96;11148,73;1593,61;3595,1;65535;3805,1;210;0;0;0;
771;897,11;11146,94;1595,4;3561,5;65535;3763,4;201,9;0;0;0;
772;897,25;11145,15;1597,19;3579,8;65535;3756,8;177;0;0;0;
773;897,4;11143,36;1598,98;3559,4;65535;3760;200,6;0;0;0;
774;897,54;11141,58;1600,77;3702,5;65535;3925,5;223;0;0;0;
775;897,68;11139,79;1602,56;3672,9;65535;3884,9;212;0;0;0;
776;897,83;11138;1604,34;3646,2;65535;3836;189,8;0;0;0;
777;897,97;11136,22;1606,13;3831,2;65535;4016,1;184,9;0;0;0;
778;898,11;11134,43;1607,91;3757,3;65535;3959,4;202,1;0;0;0;
779;898,26;11132,65;1609,69;4000,6;65535;4206,5;205,9;0;0;0;
780;898,4;11130,87;1611,48;6209,6;65535;5068,3;-1141,3;0;0;0;
781;898,55;11129,08;1613,26;4952,9;65535;4484,2;-468,7;0;0;0;
782;898,69;11127,3;1615,04;3706,8;65535;3881,6;174,8;0;0;0;
783;898,83;11125,52;1616,82;3703,6;65535;3883,2;179,6;0;0;0;
784;898,98;11123,74;1618,6;3604;65535;3804,8;200,8;0;0;0;
785;899,12;11121,96;1620,38;3661;65535;3862,6;201,6;0;0;0;
786;899,27;11120,18;1622,16;3565,2;65535;3776,8;211,6;0;0;0;
787;899,41;11118,4;1623,94;3653,5;65535;3879,3;225,8;0;0;0;
788;899,55;11116,63;1625,72;3567,1;65535;3753,1;186;0;0;0;
789;899,7;11114,85;1627,49;3621,1;65535;3815,3;194,2;0;0;0;
790;899,84;11113,07;1629,27;3571,5;65535;3765,4;193,9;0;0;0;
791;899,98;11111,3;1631,05;3598,6;65535;3777,6;179;0;0;0;
792;900,13;11109,52;1632,82;3746,3;65535;3943,6;197,3;0;0;0;
793;900,27;11107,75;1634,59;3737,4;65535;3948,3;210,9;0;0;0;
794;900,42;11105,98;1636,37;3850,2;65535;4035,7;185,5;0;0;0;
795;900,56;11104,2;1638,14;3591,6;65535;3781;189,4;0;0;0;
796;900,7;11102,43;1639,91;3662,6;65535;3847,6;185;0;0;0;
797;900,85;11100,66;1641,68;3691,4;65535;3882;190,6;0;0;0;
798;900,99;11098,89;1643,45;3652,4;65535;3845,8;193,4;0;0;0;
799;901,13;11097,12;1645,22;3801,8;65535;3984,7;182,9;0;0;0;
800;901,28;11095,35;1646,99;3674,4;65535;3866,3;191,9;0;0;0;
801;901,42;11093,59;1648,76;3652,6;65535;3824,6;172;0;0;0;
802;901,57;11091,82;1650,53;3728,1;65535;3927,5;199,4;0;0;0;
803;901,71;11090,05;1652,29;3609;65535;3799,8;190,8;0;0;0;
804;901,85;11088,28;1654,06;3738;65535;3926,4;188,4;0;0;0;
805;902;11086,52;1655,82;3608,9;65535;3789,5;180,6;0;0;0;
806;902,14;11084,76;1657,59;3670,8;65535;3862,9;192,1;0;0;0;
807;902,28;11082,99;1659,35;3531,8;65535;3733,6;201,8;0;0;0;
808;902,43;11081,23;1661,12;4258,3;65535;4453,5;195,2;0;0;0;
809;902,57;11079,47;1662,88;3491,2;65535;3690,8;199,6;0;0;0;
810;902,71;11077,7;1664,64;3614,6;65535;3802,5;187,9;0;0;0;
811;902,86;11075,94;1666,4;3876,5;65535;4067,1;190,6;0;0;0;
812;903;11074,18;1668,16;3575,7;65535;3770,9;195,2;0;0;0;
813;903,14;11072,42;1669,92;4385;65535;4894;509;0;0;0;
814;903,29;11070,66;1671,68;3561;65535;3749,2;188,2;0;0;0;
815;903,43;11068,91;1673,44;3806,9;65535;3999,9;193;0;0;0;
816;903,58;11067,15;1675,2;3565,6;65535;3767,1;201,5;0;0;0;
817;903,72;11065,39;1676,95;3657,5;65535;3861,7;204,2;0;0;0;
818;903,86;11063,64;1678,71;3719,9;65535;3932,6;212,7;0;0;0;
819;904,01;11061,88;1680,46;3606,7;65535;3793,6;186,9;0;0;0;
820;904,15;11060,13;1682,22;3534,5;65535;3746,5;212;0;0;0;
821;904,29;11058,37;1683,97;3577,2;65535;3783,8;206,6;0;0;0;
822;904,44;11056,62;1685,73;3644;65535;3840,1;196,1;0;0;0;
823;904,58;11054,87;1687,48;6704,2;65535;6679,6;-24,6;0;0;0;
824;904,72;11053,11;1689,23;3638,9;65535;3818,2;179,3;0;0;0;
825;904,87;11051,36;1690,98;3758,7;65535;3929,1;170,4;0;0;0;
826;905,01;11049,61;1692,73;3610,8;65535;3774;163,2;0;0;0;
827;905,15;11047,86;1694,48;3666,8;65535;3859,8;193;0;0;0;
828;905,3;11046,11;1696,23;3658,7;65535;3840,5;181,8;0;0;0;
829;905,44;11044,36;1697,98;3728;65535;3914,8;186,8;0;0;0;
830;905,58;11042,62;1699,73;3543,4;65535;3720,1;176,7;0;0;0;
831;905,73;11040,87;1701,47;3548,2;65535;3753,2;205;0;0;0;
832;905,87;11039,12;1703,22;3733,9;65535;3931;197,1;0;0;0;
833;906,01;11037,38;1704,97;3592,8;65535;3772;179,2;0;0;0;
834;906,16;11035,63;1706,71;3620,2;65535;3788,8;168,6;0;0;0;
835;906,3;11033,89;1708,45;3601,4;65535;3786,3;184,9;0;0;0;
836;906,44;11032,15;1710,2;3719,9;65535;3884,2;164,3;0;0;0;
837;906,59;11030,4;1711,94;3593,3;65535;3746,2;152,9;0;0;0;
838;906,73;11028,66;1713,68;3693,8;65535;3845,3;151,5;0;0;0;
839;906,87;11026,92;1715,42;4394,5;65535;4557,6;163,1;0;0;0;
840;907,01;11025,18;1717,16;3609,3;65535;3778;168,7;0;0;0;
841;907,16;11023,44;1718,9;3696,5;65535;3879,9;183,4;0;0;0;
842;907,3;11021,7;1720,64;3616,2;65535;3795,2;179;0;0;0;
843;907,44;11019,96;1722,38;3533,5;65535;3718,5;185;0;0;0;
844;907,59;11018,22;1724,12;3560,2;65535;3747,2;187;0;0;0;
845;907,73;11016,49;1725,86;3852,3;65535;4019,2;166,9;0;0;0;
846;907,87;11014,75;1727,59;3535,6;65535;3721;185,4;0;0;0;
847;908,02;11013,01;1729,33;3776,3;65535;3935;158,7;0;0;0;
848;908,16;11011,28;1731,07;3694;65535;3849;155;0;0;0;
849;908,3;11009,54;1732,8;3764,8;65535;3902,2;137,4;0;0;0;
850;908,45;11007,81;1734,53;3753,2;65535;3916,1;162,9;0;0;0;
851;908,59;11006,08;1736,27;3636,5;65535;3787,3;150,8;0;0;0;
852;908,73;11004,34;1738;3633,1;65535;3805,1;172;0;0;0;
853;908,87;11002,61;1739,73;3621,4;65535;3782,1;160,7;0;0;0;
854;909,02;11000,88;1741,46;3657,6;65535;3838,8;181,2;0;0;0;
855;909,16;10999,15;1743,19;3727,7;65535;3893,8;166,1;0;0;0;
856;909,3;10997,42;1744,92;3609,8;65535;3795;185,2;0;0;0;
857;909,45;10995,69;1746,65;3642,5;65535;3830,8;188,3;0;0;0;
858;909,59;10993,97;1748,38;4104,9;65535;4288,2;183,3;0;0;0;
859;909,73;10992,24;1750,11;3641,9;65535;3826,3;184,4;0;0;0;
860;909,88;10990,51;1751,83;3517,7;65535;3701,7;184;0;0;0;
861;910,02;10988,79;1753,56;3711,8;65535;3866,8;155;0;0;0;
862;910,16;10987,06;1755,28;3666,1;65535;3811,7;145,6;0;0;0;
863;910,3;10985,33;1757,01;3696,2;65535;3839,5;143,3;0;0;0;
864;910,45;10983,61;1758,73;3630,6;65535;3795,6;165;0;0;0;
865;910,59;10981,89;1760,46;3992,2;65535;4164,1;171,9;0;0;0;
866;910,73;10980,16;1762,18;3649,2;65535;3819,7;170,5;0;0;0;
867;910,88;10978,44;1763,9;3661,1;65535;3814;152,9;0;0;0;
868;911,02;10976,72;1765,62;4265,4;65535;4438,5;173,1;0;0;0;
869;911,16;10975;1767,34;3582,4;65535;3742;159,6;0;0;0;
870;911,3;10973,28;1769,06;3597,3;65535;3741,4;144,1;0;0;0;
871;911,45;10971,56;1770,78;3602,8;65535;3749,4;146,6;0;0;0;
872;911,59;10969,84;1772,5;3763,8;65535;3909,8;146;0;0;0;
873;911,73;10968,13;1774,22;3681,1;65535;3823,7;142,6;0;0;0;
874;911,88;10966,41;1775,93;3761,2;65535;3916,4;155,2;0;0;0;
875;912,02;10964,69;1777,65;3801,2;65535;3953;151,8;0;0;0;
876;912,16;10962,98;1779,37;3536,1;65535;3682,5;146,4;0;0;0;
877;912,3;10961,26;1781,08;3506,6;65535;3652,9;146,3;0;0;0;
878;912,45;10959,55;1782,8;3982,9;65535;4131,2;148,3;0;0;0;
879;912,59;10957,83;1784,51;3777,9;65535;3910,1;132,2;0;0;0;
880;912,73;10956,12;1786,22;3634,5;65535;3774,5;140;0;0;0;
881;912,87;10954,41;1787,94;3722,4;65535;3858,7;136,3;0;0;0;
882;913,02;10952,7;1789,65;3580,6;65535;3731,3;150,7;0;0;0;
883;913,16;10950,98;1791,36;3608,7;65535;3759,4;150,7;0;0;0;
884;913,3;10949,27;1793,07;3678;65535;3796,2;118,2;0;0;0;
885;913,45;10947,57;1794,78;4590,8;65535;4492,8;-98;0;0;0;
886;913,59;10945,86;1796,49;3673,7;65535;3814,9;141,2;0;0;0;
887;913,73;10944,15;1798,2;3573,2;65535;3721,8;148,6;0;0;0;
888;913,87;10942,44;1799,9;6842,7;65535;7048,7;206;0;0;0;
889;914,02;10940,73;1801,61;3622,6;65535;3773,3;150,7;0;0;0;
890;914,16;10939,03;1803,32;3530,1;65535;3659,6;129,5;0;0;0;
891;914,3;10937,32;1805,02;3654,8;65535;3804,8;150;0;0;0;
892;914,44;10935,62;1806,73;3627,1;65535;3768;140,9;0;0;0;
893;914,59;10933,91;1808,43;3643,1;65535;3785,1;142;0;0;0;
894;914,73;10932,21;1810,13;3542,5;65535;3670;127,5;0;0;0;
895;914,87;10930,51;1811,84;3685,3;65535;3812,2;126,9;0;0;0;
896;915,01;10928,8;1813,54;3541,9;65535;3675,3;133,4;0;0;0;
897;915,16;10927,1;1815,24;3695,2;65535;3835,1;139,9;0;0;0;
898;915,3;10925,4;1816,94;3721,6;65535;3835,2;113,6;0;0;0;
899;915,44;10923,7;1818,64;3633,8;65535;3765,1;131,3;0;0;0;
900;915,58;10922;1820,34;3672,8;65535;3794,7;121,9;0;0;0;
901;915,73;10920,3;1822,04;3742,6;65535;3879;136,4;0;0;0;
902;915,87;10918,61;1823,74;3604,3;65535;3748,2;143,9;0;0;0;
903;916,01;10916,91;1825,44;3593;65535;3730,4;137,4;0;0;0;
904;916,15;10915,21;1827,13;3586,6;65535;3718,7;132,1;0;0;0;
905;916,3;10913,52;1828,83;4002,5;65535;4129,1;126,6;0;0;0;
906;916,44;10911,82;1830,52;3686,9;65535;3819,8;132,9;0;0;0;
907;916,58;10910,13;1832,22;3699,7;65535;3824,1;124,4;0;0;0;
908;916,72;10908,43;1833,91;3713,7;65535;3839;125,3;0;0;0;
909;916,86;10906,74;1835,61;3784,3;65535;3908,1;123,8;0;0;0;
910;917,01;10905,05;1837,3;3586,4;65535;3714,7;128,3;0;0;0;
911;917,15;10903,35;1838,99;3644,3;65535;3792,2;147,9;0;0;0;
912;917,29;10901,66;1840,68;4053,1;65535;4187,7;134,6;0;0;0;
913;917,43;10899,97;1842,37;3569,7;65535;3710,9;141,2;0;0;0;
914;917,58;10898,28;1844,06;3645,9;65535;3776,7;130,8;0;0;0;
915;917,72;10896,59;1845,75;3619,3;65535;3763,5;144,2;0;0;0;
916;917,86;10894,9;1847,44;3722,5;65535;3838,2;115,7;0;0;0;
917;918;10893,22;1849,13;3732,2;65535;3851,6;119,4;0;0;0;
918;918,14;10891,53;1850,82;3509,5;65535;3625,7;116,2;0;0;0;
919;918,29;10889,84;1852,5;3852;65535;3952,2;100,2;0;0;0;
920;918,43;10888,16;1854,19;3792,2;65535;3927,6;135,4;0;0;0;
921;918,57;10886,47;1855,87;3733,2;65535;3859,8;126,6;0;0;0;
922;918,71;10884,79;1857,56;3564,5;65535;3668;103,5;0;0;0;
923;918,86;10883,1;1859,24;3807,7;65535;4046,4;238,7;0;0;0;
924;919;10881,42;1860,92;3705,7;65535;3822,9;117,2;0;0;0;
925;919,14;10879,74;1862,61;3557,1;65535;3691;133,9;0;0;0;
926;919,28;10878,05;1864,29;3908,6;65535;4041,8;133,2;0;0;0;
927;919,42;10876,37;1865,97;3681,1;65535;3803,4;122,3;0;0;0;
928;919,57;10874,69;1867,65;3644,9;65535;3764;119,1;0;0;0;
929;919,71;10873,01;1869,33;3789,5;65535;3912,8;123,3;0;0;0;
930;919,85;10871,33;1871,01;3583,3;65535;3709,3;126;0;0;0;
931;919,99;10869,65;1872,69;3625,2;65535;3743,4;118,2;0;0;0;
932;920,13;10867,98;1874,37;3635,1;65535;3738,8;103,7;0;0;0;
933;920,28;10866,3;1876,04;3577,3;65535;3702,3;125;0;0;0;
934;920,42;10864,62;1877,72;3623,5;65535;3728,3;104,8;0;0;0;
935;920,56;10862,95;1879,4;3573,2;65535;3694,3;121,1;0;0;0;
936;920,7;10861,27;1881,07;3729,2;65535;3856,5;127,3;0;0;0;
937;920,84;10859,6;1882,75;3742,2;65535;3865,4;123,2;0;0;0;
938;920,99;10857,92;1884,42;3681;65535;3788,5;107,5;0;0;0;
939;921,13;10856,25;1886,09;3786,8;65535;3897,8;111;0;0;0;
940;921,27;10854,58;1887,77;3635,8;65535;3760,4;124,6;0;0;0;
941;921,41;10852,91;1889,44;3518,3;65535;3621,1;102,8;0;0;0;
942;921,55;10851,23;1891,11;3716,7;65535;3819,3;102,6;0;0;0;
943;921,7;10849,56;1892,78;3685,5;65535;3786,9;101,4;0;0;0;
944;921,84;10847,89;1894,45;3812;65535;3909,3;97,3;0;0;0;
945;921,98;10846,22;1896,12;3628,7;65535;3774,1;145,4;0;0;0;
946;922,12;10844,56;1897,79;3506,5;65535;3616,6;110,1;0;0;0;
947;922,26;10842,89;1899,45;3622,2;65535;3728,2;106;0;0;0;
948;922,41;10841,22;1901,12;3692,7;65535;3799,9;107,2;0;0;0;
949;922,55;10839,55;1902,79;3829,5;65535;3963,5;134;0;0;0;
950;922,69;10837,89;1904,45;3772,4;65535;3884,3;111,9;0;0;0;
951;922,83;10836,22;1906,12;4076,6;65535;4215,7;139,1;0;0;0;
952;922,97;10834,56;1907,78;3601,9;65535;3698,6;96,7;0;0;0;
953;923,11;10832,89;1909,45;4547,6;65535;4652,4;104,8;0;0;0;
954;923,26;10831,23;1911,11;5183,3;65535;5331,6;148,3;0;0;0;
955;923,4;10829,57;1912,77;5971,9;65535;5500,4;-471,5;0;0;0;
956;923,54;10827,91;1914,44;3620,1;65535;3721,9;101,8;0;0;0;
957;923,68;10826,25;1916,1;3565,9;65535;3686,3;120,4;0;0;0;
958;923,82;10824,59;1917,76;3575,1;65535;3679,7;104,6;0;0;0;
959;923,96;10822,93;1919,42;3569;65535;3674,5;105,5;0;0;0;
960;924,11;10821,27;1921,08;3682,8;65535;3773;90,2;0;0;0;
961;924,25;10819,61;1922,74;3687;65535;3791,7;104,7;0;0;0;
962;924,39;10817,95;1924,39;3625,7;65535;3727,7;102;0;0;0;
963;924,53;10816,29;1926,05;3729;65535;3831,2;102,2;0;0;0;
964;924,67;10814,64;1927,71;3698,1;65535;3814,3;116,2;0;0;0;
965;924,81;10812,98;1929,36;3557,2;65535;3658,4;101,2;0;0;0;
966;924,96;10811,32;1931,02;3790,1;65535;3908;117,9;0;0;0;
967;925,1;10809,67;1932,67;3620,2;65535;3707,1;86,9;0;0;0;
968;925,24;10808,01;1934,33;3609,7;65535;3713,2;103,5;0;0;0;
969;925,38;10806,36;1935,98;3665,5;65535;3770,9;105,4;0;0;0;
970;925,52;10804,71;1937,63;3656;65535;3775,1;119,1;0;0;0;
971;925,66;10803,06;1939,29;3977,8;65535;4089,3;111,5;0;0;0;
972;925,81;10801,41;1940,94;3664,9;65535;3765,9;101;0;0;0;
973;925,95;10799,75;1942,59;3572,2;65535;3695,4;123,2;0;0;0;
974;926,09;10798,1;1944,24;3704,7;65535;3820,6;115,9;0;0;0;
975;926,23;10796,45;1945,89;3560,2;65535;3658,4;98,2;0;0;0;
976;926,37;10794,81;1947,54;3641,3;65535;3775,1;133,8;0;0;0;
977;926,51;10793,16;1949,19;3527;65535;3646;119;0;0;0;
978;926,65;10791,51;1950,83;3776;65535;3894,9;118,9;0;0;0;
979;926,8;10789,86;1952,48;3803,8;65535;3908,3;104,5;0;0;0;
980;926,94;10788,22;1954,13;3724,2;65535;3819,9;95,7;0;0;0;
981;927,08;10786,57;1955,77;3761;65535;3850,9;89,9;0;0;0;
982;927,22;10784,93;1957,42;3542,3;65535;3638,8;96,5;0;0;0;
983;927,36;10783,28;1959,06;3686,1;65535;3792;105,9;0;0;0;
984;927,5;10781,64;1960,7;3614,7;65535;3694;79,3;0;0;0;
985;927,64;10780;1962,35;3577,7;65535;3698,3;120,6;0;0;0;
986;927,79;10778,35;1963,99;3546,2;65535;3655;108,8;0;0;0;
987;927,93;10776,71;1965,63;3597,9;65535;3693,6;95,7;0;0;0;
988;928,07;10775,07;1967,27;3568,2;65535;3670,5;102,3;0;0;0;
989;928,21;10773,43;1968,91;3706,4;65535;3812,5;106,1;0;0;0;
990;928,35;10771,79;1970,55;3894,3;65535;3985,5;91,2;0;0;0;
991;928,49;10770,15;1972,19;3749,5;65535;3847;97,5;0;0;0;
992;928,63;10768,51;1973,83;3598,2;65535;3718,6;120,4;0;0;0;
993;928,77;10766,88;1975,47;3583,4;65535;3670,7;87,3;0;0;0;
994;928,92;10765,24;1977,1;3572,2;65535;3675,2;103;0;0;0;
995;929,06;10763,6;1978,74;4214,7;65535;4320,1;105,4;0;0;0;
996;929,2;10761,97;1980,38;3614,8;65535;3709,7;94,9;0;0;0;
997;929,34;10760,33;1982,01;3736,1;65535;3844,6;108,5;0;0;0;
998;929,48;10758,7;1983,65;3638,5;65535;3742,1;103,6;0;0;0;
999;929,62;10757,06;1985,28;3527,2;65535;3628,1;100,9;0;0;0;
1000;929,76;10755,43;1986,91;3645,8;65535;3742,6;96,8;0;0;0;
1001;929,9;10753,8;1988,55;3714,7;65535;3823;108,3;0;0;0;
1002;930,05;10752,17;1990,18;3619,5;65535;3707,7;88,2;0;0;0;
1003;930,19;10750,53;1991,81;3751,5;65535;3836,1;84,6;0;0;0;
1004;930,33;10748,9;1993,44;3655,3;65535;3757,5;102,2;0;0;0;
1005;930,47;10747,27;1995,07;3547,8;65535;3661,4;113,6;0;0;0;
1006;930,61;10745,64;1996,7;4177,4;65535;4256,8;79,4;0;0;0;
1007;930,75;10744,02;1998,33;3627,3;65535;3726,6;99,3;0;0;0;
1008;930,89;10742,39;1999,96;3600,7;65535;3701;100,3;0;0;0;
1009;931,03;10740,76;2001,58;3737,5;65535;3829,4;91,9;0;0;0;
1010;931,17;10739,13;2003,21;3599,1;65535;3700,2;101,1;0;0;0;
1011;931,31;10737,51;2004,84;4533,7;65535;4660,6;126,9;0;0;0;
1012;931,46;10735,88;2006,46;3593,5;65535;3670,2;76,7;0;0;0;
1013;931,6;10734,26;2008,09;3563,2;65535;3651,4;88,2;0;0;0;
1014;931,74;10732,63;2009,71;3535,9;65535;3633,3;97,4;0;0;0;
1015;931,88;10731,01;2011,33;3530,5;65535;3610,2;79,7;0;0;0;
1016;932,02;10729,39;2012,96;3579,4;65535;3682,4;103;0;0;0;
1017;932,16;10727,76;2014,58;3597,7;65535;3686,5;88,8;0;0;0;
1018;932,3;10726,14;2016,2;3640,1;65535;3711,8;71,7;0;0;0;
1019;932,44;10724,52;2017,82;3515,8;65535;3618,9;103,1;0;0;0;
1020;932,58;10722,9;2019,44;3695,2;65535;3788,3;93,1;0;0;0;
1021;932,72;10721,28;2021,06;3616,7;65535;3700;83,3;0;0;0;
1022;932,87;10719,66;2022,68;3685,9;65535;3759,5;73,6;0;0;0;
1023;933,01;10718,04;2024,3;3570,7;65535;3654,8;84,1;0;0;0;
1024;933,15;10716,43;2025,92;3528,2;65535;3610,5;82,3;0;0;0;
1025;933,29;10714,81;2027,53;3585,3;65535;3677,5;92,2;0;0;0;
1026;933,43;10713,19;2029,15;3648;65535;3749,4;101,4;0;0;0;
1027;933,57;10711,58;2030,77;3656,8;65535;3723;66,2;0;0;0;
1028;933,71;10709,96;2032,38;3584,8;65535;3653,7;68,9;0;0;0;
1029;933,85;10708,35;2034;3699,8;65535;3802,8;103;0;0;0;
1030;933,99;10706,73;2035,61;3541,1;65535;3647,9;106,8;0;0;0;
1031;934,13;10705,12;2037,22;3619,8;65535;3714,4;94,6;0;0;0;
1032;934,27;10703,51;2038,84;3689,1;65535;3780,3;91,2;0;0;0;
1033;934,41;10701,89;2040,45;3629,1;65535;3738,4;109,3;0;0;0;
1034;934,55;10700,28;2042,06;3538;65535;3623,8;85,8;0;0;0;
1035;934,7;10698,67;2043,67;3736,1;65535;3844,2;108,1;0;0;0;
1036;934,84;10697,06;2045,28;3623,5;65535;3709,7;86,2;0;0;0;
1037;934,98;10695,45;2046,89;3654;65535;3726,5;72,5;0;0;0;
1038;935,12;10693,84;2048,5;4977,6;65535;5070,4;92,8;0;0;0;
1039;935,26;10692,24;2050,11;3639,2;65535;3737,5;98,3;0;0;0;
1040;935,4;10690,63;2051,72;3631,3;65535;3724,1;92,8;0;0;0;
1041;935,54;10689,02;2053,32;3783,9;65535;3860,8;76,9;0;0;0;
1042;935,68;10687,42;2054,93;3657,3;65535;3759,3;102;0;0;0;
1043;935,82;10685,81;2056,53;3916,8;65535;4000,5;83,7;0;0;0;
1044;935,96;10684,2;2058,14;3598;65535;3684,2;86,2;0;0;0;
1045;936,1;10682,6;2059,74;3668,9;65535;3766;97,1;0;0;0;
1046;936,24;10681;2061,35;3795;65535;3870,9;75,9;0;0;0;
1047;936,38;10679,39;2062,95;3666,6;65535;3752,1;85,5;0;0;0;
1048;936,52;10677,79;2064,55;3885,6;65535;3986;100,4;0;0;0;
1049;936,66;10676,19;2066,15;3722,4;65535;3806,3;83,9;0;0;0;
1050;936,8;10674,59;2067,76;3631,1;65535;3708,4;77,3;0;0;0;
1051;936,94;10672,99;2069,36;4531,2;65535;4600,1;68,9;0;0;0;
1052;937,09;10671,39;2070,96;3677,4;65535;3754,8;77,4;0;0;0;
1053;937,23;10669,79;2072,56;3691,8;65535;3794;102,2;0;0;0;
1054;937,37;10668,19;2074,15;3643,6;65535;3738,5;94,9;0;0;0;
1055;937,51;10666,59;2075,75;3619,4;65535;3714,9;95,5;0;0;0;
1056;937,65;10664,99;2077,35;3552,6;65535;3630,9;78,3;0;0;0;
1057;937,79;10663,4;2078,95;3538,5;65535;3623,8;85,3;0;0;0;
1058;937,93;10661,8;2080,54;3511,5;65535;3590,5;79;0;0;0;
1059;938,07;10660,2;2082,14;3626,2;65535;3695,6;69,4;0;0;0;
1060;938,21;10658,61;2083,73;4100,5;65535;4196;95,5;0;0;0;
1061;938,35;10657,02;2085,33;3641,8;65535;3718,4;76,6;0;0;0;
1062;938,49;10655,42;2086,92;3562,5;65535;3634,5;72;0;0;0;
1063;938,63;10653,83;2088,51;3550,9;65535;3642,2;91,3;0;0;0;
1064;938,77;10652,24;2090,11;3778,2;65535;3857,3;79,1;0;0;0;
1065;938,91;10650,64;2091,7;3660,4;65535;3758;97,6;0;0;0;
1066;939,05;10649,05;2093,29;3679,4;65535;3786,6;107,2;0;0;0;
1067;939,19;10647,46;2094,88;3739,8;65535;3862,2;122,4;0;0;0;
1068;939,33;10645,87;2096,47;3537,6;65535;3633,4;95,8;0;0;0;
1069;939,47;10644,28;2098,06;3781,8;65535;3876,6;94,8;0;0;0;
1070;939,61;10642,69;2099,65;3664;65535;3747,6;83,6;0;0;0;
1071;939,75;10641,11;2101,24;3781;65535;3853,5;72,5;0;0;0;
1072;939,89;10639,52;2102,82;3738,3;65535;3838,2;99,9;0;0;0;
1073;940,03;10637,93;2104,41;3714;65535;3805,8;91,8;0;0;0;
1074;940,17;10636,35;2106;3583,1;65535;3657,1;74;0;0;0;
1075;940,31;10634,76;2107,58;3705,6;65535;3786,1;80,5;0;0;0;
1076;940,45;10633,18;2109,17;3635,3;65535;3719,6;84,3;0;0;0;
1077;940,59;10631,59;2110,75;3672,3;65535;3750,9;78,6;0;0;0;
1078;940,73;10630,01;2112,34;3515,5;65535;3615,6;100,1;0;0;0;
1079;940,87;10628,43;2113,92;3793,6;65535;3884,1;90,5;0;0;0;
1080;941,01;10626,84;2115,5;3599,1;65535;3690,3;91,2;0;0;0;
1081;941,15;10625,26;2117,08;3614,4;65535;3706,6;92,2;0;0;0;
1082;941,29;10623,68;2118,66;3705,2;65535;3812,7;107,5;0;0;0;
1083;941,43;10622,1;2120,24;3574,9;65535;3644,3;69,4;0;0;0;
1084;941,57;10620,52;2121,82;3543,2;65535;3610,5;67,3;0;0;0;
1085;941,71;10618,94;2123,4;3677,8;65535;3758,5;80,7;0;0;0;
1086;941,85;10617,36;2124,98;3617,1;65535;3683,8;66,7;0;0;0;
1087;941,99;10615,78;2126,56;3598,9;65535;3670,5;71,6;0;0;0;
1088;942,13;10614,21;2128,14;3586,1;65535;3668,6;82,5;0;0;0;
1089;942,27;10612,63;2129,71;3762,4;65535;3858;95,6;0;0;0;
1090;942,41;10611,05;2131,29;3781,1;65535;3873,2;92,1;0;0;0;
1091;942,55;10609,48;2132,87;3627,1;65535;3721,3;94,2;0;0;0;
1092;942,69;10607,9;2134,44;3874,3;65535;3973,9;99,6;0;0;0;
1093;942,83;10606,33;2136,02;3771,4;65535;3856,1;84,7;0;0;0;
1094;942,97;10604,75;2137,59;3717;65535;3806,1;89,1;0;0;0;
1095;943,11;10603,18;2139,16;3597,6;65535;3696,1;98,5;0;0;0;
1096;943,25;10601,61;2140,73;3539,6;65535;3607,3;67,7;0;0;0;
1097;943,39;10600,04;2142,31;3631,1;65535;3715,9;84,8;0;0;0;
1098;943,53;10598,47;2143,88;3594,3;65535;3676,1;81,8;0;0;0;
1099;943,67;10596,89;2145,45;3582,5;65535;3655,8;73,3;0;0;0;
1100;943,81;10595,32;2147,02;3634,6;65535;3729,9;95,3;0;0;0;
1101;943,95;10593,76;2148,59;3627,4;65535;3711,1;83,7;0;0;0;
1102;944,09;10592,19;2150,16;3573,1;65535;3646,3;73,2;0;0;0;
1103;944,23;10590,62;2151,72;3618,4;65535;3698,8;80,4;0;0;0;
1104;944,37;10589,05;2153,29;3724;65535;3803,5;79,5;0;0;0;
1105;944,51;10587,48;2154,86;3837,9;65535;3902,8;64,9;0;0;0;
1106;944,65;10585,92;2156,43;3712,5;65535;3798,4;85,9;0;0;0;
1107;944,79;10584,35;2157,99;3576,7;65535;3651,3;74,6;0;0;0;
1108;944,93;10582,79;2159,56;3549,4;65535;3614,1;64,7;0;0;0;
1109;945,07;10581,22;2161,12;3668,1;65535;3745,7;77,6;0;0;0;
1110;945,21;10579,66;2162,68;3555,5;65535;3641,7;86,2;0;0;0;
1111;945,35;10578,1;2164,25;3641,2;65535;3722,5;81,3;0;0;0;
1112;945,49;10576,53;2165,81;3726,6;65535;3825,7;99,1;0;0;0;
1113;945,63;10574,97;2167,37;3984,8;65535;4060,2;75,4;0;0;0;
1114;945,77;10573,41;2168,93;3800,7;65535;3878,4;77,7;0;0;0;
1115;945,91;10571,85;2170,49;3581,9;65535;3668,4;86,5;0;0;0;
1116;946,05;10570,29;2172,05;3675,8;65535;3753,7;77,9;0;0;0;
1117;946,19;10568,73;2173,61;3741,2;65535;3818,5;77,3;0;0;0;
1118;946,33;10567,17;2175,17;3645,2;65535;3701,7;56,5;0;0;0;
1119;946,47;10565,61;2176,73;3646,2;65535;3741,4;95,2;0;0;0;
1120;946,61;10564,05;2178,29;3715,3;65535;3784;68,7;0;0;0;
1121;946,75;10562,5;2179,85;3672,7;65535;3744,8;72,1;0;0;0;
1122;946,89;10560,94;2181,4;3668,5;65535;3754,2;85,7;0;0;0;
1123;947,02;10559,38;2182,96;3615,1;65535;3691,3;76,2;0;0;0;
1124;947,16;10557,83;2184,51;3699,4;65535;3784;84,6;0;0;0;
1125;947,3;10556,27;2186,07;3620,7;65535;3716,3;95,6;0;0;0;
1126;947,44;10554,72;2187,62;3566,5;65535;3648,1;81,6;0;0;0;
1127;947,58;10553,17;2189,18;3537,9;65535;3604,6;66,7;0;0;0;
1128;947,72;10551,61;2190,73;3613,5;65535;3680,2;66,7;0;0;0;
1129;947,86;10550,06;2192,28;3897,3;65535;3970;72,7;0;0;0;
1130;948;10548,51;2193,83;3618,9;65535;3713,7;94,8;0;0;0;
1131;948,14;10546,96;2195,38;3596,6;65535;3674,1;77,5;0;0;0;
1132;948,28;10545,41;2196,93;3634,8;65535;3723,3;88,5;0;0;0;
1133;948,42;10543,86;2198,48;3660,7;65535;3741,3;80,6;0;0;0;
1134;948,56;10542,31;2200,03;3615,6;65535;3683,5;67,9;0;0;0;
1135;948,7;10540,76;2201,58;3677,2;65535;3803,8;126,6;0;0;0;
1136;948,84;10539,21;2203,13;3596,2;65535;3666,4;70,2;0;0;0;
1137;948,98;10537,67;2204,68;3676,3;65535;3760,5;84,2;0;0;0;
1138;949,12;10536,12;2206,22;4040,3;65535;4132,8;92,5;0;0;0;
1139;949,26;10534,57;2207,77;3531,7;65535;3618,6;86,9;0;0;0;
1140;949,39;10533,03;2209,32;3821,5;65535;3873,2;51,7;0;0;0;
1141;949,53;10531,48;2210,86;3673,8;65535;3725;51,2;0;0;0;
1142;949,67;10529,94;2212,4;3770,9;65535;3838,7;67,8;0;0;0;
1143;949,81;10528,4;2213,95;3655,7;65535;3731,6;75,9;0;0;0;
1144;949,95;10526,85;2215,49;3774,4;65535;3848,3;73,9;0;0;0;
1145;950,09;10525,31;2217,03;3626,1;65535;3716,2;90,1;0;0;0;
1146;950,23;10523,77;2218,58;3577,5;65535;3641,8;64,3;0;0;0;
1147;950,37;10522,23;2220,12;3541,8;65535;3610,7;68,9;0;0;0;
1148;950,51;10520,69;2221,66;3679,9;65535;3772,6;92,7;0;0;0;
1149;950,65;10519,15;2223,2;3682;65535;3750;68;0;0;0;
1150;950,79;10517,61;2224,74;3685,1;65535;3744,7;59,6;0;0;0;
1151;950,93;10516,07;2226,28;3648;65535;3726,6;78,6;0;0;0;
1152;951,06;10514,53;2227,81;3531;65535;3617,2;86,2;0;0;0;
1153;951,2;10512,99;2229,35;3661,6;65535;3734,2;72,6;0;0;0;
1154;951,34;10511,45;2230,89;3649,5;65535;3720,2;70,7;0;0;0;
1155;951,48;10509,92;2232,43;3682;65535;3732,4;50,4;0;0;0;
1156;951,62;10508,38;2233,96;3622,1;65535;3697,3;75,2;0;0;0;
1157;951,76;10506,85;2235,5;3565,5;65535;3644,3;78,8;0;0;0;
1158;951,9;10505,31;2237,03;3818,8;65535;3869;50,2;0;0;0;
1159;952,04;10503,78;2238,57;3692,5;65535;3765,2;72,7;0;0;0;
1160;952,18;10502,24;2240,1;3614;65535;3676,9;62,9;0;0;0;
1161;952,32;10500,71;2241,63;3770,7;65535;3852,8;82,1;0;0;0;
1162;952,46;10499,18;2243,16;3745,1;65535;3809,4;64,3;0;0;0;
1163;952,59;10497,65;2244,7;3564,9;65535;3649,6;84,7;0;0;0;
1164;952,73;10496,12;2246,23;3701,5;65535;3772,6;71,1;0;0;0;
1165;952,87;10494,59;2247,76;3800,4;65535;3858,4;58;0;0;0;
1166;953,01;10493,06;2249,29;3847,9;65535;3908,3;60,4;0;0;0;
1167;953,15;10491,53;2250,82;3506,9;65535;3589,8;82,9;0;0;0;
1168;953,29;10490;2252,34;3861,5;65535;3932,7;71,2;0;0;0;
1169;953,43;10488,47;2253,87;3596,3;65535;3682,3;86;0;0;0;
1170;953,57;10486,94;2255,4;3638,9;65535;3707,3;68,4;0;0;0;
1171;953,71;10485,42;2256,93;3836,4;65535;3925,7;89,3;0;0;0;
1172;953,84;10483,89;2258,45;3692,7;65535;3775,2;82,5;0;0;0;
1173;953,98;10482,36;2259,98;3700,7;65535;3769,8;69,1;0;0;0;
1174;954,12;10480,84;2261,5;3547,6;65535;3620,5;72,9;0;0;0;
1175;954,26;10479,32;2263,03;3548,6;65535;3644;95,4;0;0;0;
1176;954,4;10477,79;2264,55;3619,6;65535;3697,7;78,1;0;0;0;
1177;954,54;10476,27;2266,08;3531,9;65535;3603;71,1;0;0;0;
1178;954,68;10474,75;2267,6;3628,4;65535;3701,9;73,5;0;0;0;
1179;954,82;10473,22;2269,12;4069,7;65535;4120,4;50,7;0;0;0;
1180;954,95;10471,7;2270,64;3629,4;65535;3700,3;70,9;0;0;0;
1181;955,09;10470,18;2272,16;3855,7;65535;3924,9;69,2;0;0;0;
1182;955,23;10468,66;2273,68;3705;65535;3776;71;0;0;0;
1183;955,37;10467,14;2275,2;3663;65535;3747,8;84,8;0;0;0;
1184;955,51;10465,62;2276,72;3720,6;65535;3789;68,4;0;0;0;
1185;955,65;10464,1;2278,24;4064,8;65535;4145;80,2;0;0;0;
1186;955,79;10462,59;2279,76;3700,6;65535;3784,9;84,3;0;0;0;
1187;955,93;10461,07;2281,28;3590,4;65535;3665,7;75,3;0;0;0;
1188;956,06;10459,55;2282,79;3631,3;65535;3707,4;76,1;0;0;0;
1189;956,2;10458,04;2284,31;4064,8;65535;4139;74,2;0;0;0;
1190;956,34;10456,52;2285,82;3988,4;65535;4073,2;84,8;0;0;0;
1191;956,48;10455,01;2287,34;3730,5;65535;3801,5;71;0;0;0;
1192;956,62;10453,49;2288,85;3904;65535;3977,2;73,2;0;0;0;
1193;956,76;10451,98;2290,37;3581,1;65535;3670,1;89;0;0;0;
1194;956,9;10450,46;2291,88;3574,9;65535;3642,5;67,6;0;0;0;
1195;957,03;10448,95;2293,39;3505,8;65535;3572;66,2;0;0;0;
1196;957,17;10447,44;2294,9;3633,9;65535;3718,9;85;0;0;0;
1197;957,31;10445,93;2296,42;3897,6;65535;3974,9;77,3;0;0;0;
1198;957,45;10444,42;2297,93;3702,8;65535;3791,5;88,7;0;0;0;
1199;957,59;10442,91;2299,44;3762,6;65535;3820,5;57,9;0;0;0;
1200;957,73;10441,4;2300,95;3666,7;65535;3748,6;81,9;0;0;0;
1201;957,86;10439,89;2302,46;3668,8;65535;3712,1;43,3;0;0;0;
1202;958;10438,38;2303,96;3772,7;65535;3829,8;57,1;0;0;0;
1203;958,14;10436,87;2305,47;3538,3;65535;3585,6;47,3;0;0;0;
1204;958,28;10435,36;2306,98;4372,2;65535;4427,4;55,2;0;0;0;
1205;958,42;10433,86;2308,49;3759,6;65535;3810,4;50,8;0;0;0;
1206;958,56;10432,35;2309,99;3684,6;65535;3763,6;79;0;0;0;
1207;958,69;10430,85;2311,5;3750,7;65535;3820,2;69,5;0;0;0;
1208;958,83;10429,34;2313;3631,9;65535;3694;62,1;0;0;0;
1209;958,97;10427,84;2314,51;3615,1;65535;3706,1;91;0;0;0;
1210;959,11;10426,33;2316,01;3658,5;65535;3733;74,5;0;0;0;
1211;959,25;10424,83;2317,51;3576,9;65535;3649,1;72,2;0;0;0;
1212;959,39;10423,33;2319,02;3754,8;65535;3819,9;65,1;0;0;0;
1213;959,52;10421,83;2320,52;3537,8;65535;3610,4;72,6;0;0;0;
1214;959,66;10420,32;2322,02;4114;65535;4169,5;55,5;0;0;0;
1215;959,8;10418,82;2323,52;4061,1;65535;4145,2;84,1;0;0;0;
1216;959,94;10417,32;2325,02;3826,1;65535;3903,8;77,7;0;0;0;
1217;960,08;10415,82;2326,52;3544,5;65535;3611,9;67,4;0;0;0;
1218;960,22;10414,33;2328,02;4044,1;65535;4122,9;78,8;0;0;0;
1219;960,35;10412,83;2329,52;3637,5;65535;3726,9;89,4;0;0;0;
1220;960,49;10411,33;2331,01;3635,3;65535;3698,7;63,4;0;0;0;
1221;960,63;10409,83;2332,51;3577,1;65535;3645,3;68,2;0;0;0;
1222;960,77;10408,33;2334,01;3644,3;65535;3720,7;76,4;0;0;0;
1223;960,91;10406,84;2335,5;3685,3;65535;3762,5;77,2;0;0;0;
1224;961,04;10405,34;2337;3730,4;65535;3805,2;74,8;0;0;0;
1225;961,18;10403,85;2338,5;3623;65535;3688,1;65,1;0;0;0;
1226;961,32;10402,35;2339,99;3524,1;65535;3603;78,9;0;0;0;
1227;961,46;10400,86;2341,48;3571,3;65535;3634,6;63,3;0;0;0;
1228;961,6;10399,37;2342,98;3697,8;65535;3777,2;79,4;0;0;0;
1229;961,74;10397,87;2344,47;3718,8;65535;3773,9;55,1;0;0;0;
1230;961,87;10396,38;2345,96;3786,2;65535;3854,6;68,4;0;0;0;
1231;962,01;10394,89;2347,45;3729,3;65535;3790,7;61,4;0;0;0;
1232;962,15;10393,4;2348,94;3661,8;65535;3743,1;81,3;0;0;0;
1233;962,29;10391,91;2350,43;3597,7;65535;3654,1;56,4;0;0;0;
1234;962,42;10390,42;2351,92;3786,1;65535;3853,9;67,8;0;0;0;
1235;962,56;10388,93;2353,41;3661,3;65535;3725,2;63,9;0;0;0;
1236;962,7;10387,44;2354,9;3762,6;65535;3825,7;63,1;0;0;0;
1237;962,84;10385,95;2356,39;3722,9;65535;3789,5;66,6;0;0;0;
1238;962,98;10384,47;2357,88;3567,7;65535;3647,1;79,4;0;0;0;
1239;963,11;10382,98;2359,36;3847;65535;3919,5;72,5;0;0;0;
1240;963,25;10381,49;2360,85;3607,2;65535;3672,9;65,7;0;0;0;
1241;963,39;10380,01;2362,33;3591,3;65535;3649,9;58,6;0;0;0;
1242;963,53;10378,52;2363,82;3733,4;65535;3806,9;73,5;0;0;0;
1243;963,67;10377,04;2365,3;3725,4;65535;3801;75,6;0;0;0;
1244;963,8;10375,56;2366,79;3645,3;65535;3708,1;62,8;0;0;0;
1245;963,94;10374,07;2368,27;3759,5;65535;3813,2;53,7;0;0;0;
1246;964,08;10372,59;2369,75;3786,6;65535;3845,5;58,9;0;0;0;
1247;964,22;10371,11;2371,24;3608,2;65535;3682,3;74,1;0;0;0;
1248;964,35;10369,63;2372,72;3607,6;65535;3680,4;72,8;0;0;0;
1249;964,49;10368,14;2374,2;3678,8;65535;3740;61,2;0;0;0;
1250;964,63;10366,66;2375,68;3611,2;65535;3683,7;72,5;0;0;0;
1251;964,77;10365,18;2377,16;3551,6;65535;3626,3;74,7;0;0;0;
1252;964,91;10363,71;2378,64;3637,4;65535;3716,5;79,1;0;0;0;
1253;965,04;10362,23;2380,12;3731,9;65535;3806,9;75;0;0;0;
1254;965,18;10360,75;2381,59;3659,9;65535;3710,5;50,6;0;0;0;
1255;965,32;10359,27;2383,07;3687,4;65535;3746,1;58,7;0;0;0;
1256;965,46;10357,79;2384,55;3660,4;65535;3743,4;83;0;0;0;
1257;965,59;10356,32;2386,03;3653;65535;3724,6;71,6;0;0;0;
1258;965,73;10354,84;2387,5;3613,9;65535;3688,9;75;0;0;0;
1259;965,87;10353,37;2388,98;3638,9;65535;3710,4;71,5;0;0;0;
1260;966,01;10351,89;2390,45;4718,1;65535;4786,1;68;0;0;0;
1261;966,14;10350,42;2391,93;3714,2;65535;3769,2;55;0;0;0;
1262;966,28;10348,94;2393,4;3737,9;65535;3818,7;80,8;0;0;0;
1263;966,42;10347,47;2394,87;3662,9;65535;3711,9;49;0;0;0;
1264;966,56;10346;2396,34;3567,1;65535;3632,1;65;0;0;0;
1265;966,69;10344,53;2397,82;3626,5;65535;3689,2;62,7;0;0;0;
1266;966,83;10343,06;2399,29;3680,5;65535;3771,2;90,7;0;0;0;
1267;966,97;10341,59;2400,76;3577,6;65535;3656,3;78,7;0;0;0;
1268;967,11;10340,12;2402,23;3733,9;65535;3815,4;81,5;0;0;0;
1269;967,24;10338,65;2403,7;3593;65535;3657,9;64,9;0;0;0;
1270;967,38;10337,18;2405,17;3787,6;65535;3854,1;66,5;0;0;0;
1271;967,52;10335,71;2406,63;3596,1;65535;3683,1;87;0;0;0;
1272;967,66;10334,24;2408,1;3766;65535;3817,4;51,4;0;0;0;
1273;967,79;10332,77;2409,57;3598,5;65535;3658;59,5;0;0;0;
1274;967,93;10331,31;2411,04;4700;65535;4761;61;0;0;0;
1275;968,07;10329,84;2412,5;3748,6;65535;3811,8;63,2;0;0;0;
1276;968,21;10328,38;2413,97;3641,2;65535;3690,1;48,9;0;0;0;
1277;968,34;10326,91;2415,43;3652,1;65535;3702,9;50,8;0;0;0;
1278;968,48;10325,45;2416,9;3887;65535;3949,1;62,1;0;0;0;
1279;968,62;10323,98;2418,36;3783;65535;3844,6;61,6;0;0;0;
1280;968,76;10322,52;2419,82;3626,2;65535;3674,9;48,7;0;0;0;
1281;968,89;10321,06;2421,29;3636,6;65535;3735,2;98,6;0;0;0;
1282;969,03;10319,59;2422,75;3676,8;65535;3757,3;80,5;0;0;0;
1283;969,17;10318,13;2424,21;3829,2;65535;3901,6;72,4;0;0;0;
1284;969,3;10316,67;2425,67;4101,5;65535;4143,9;42,4;0;0;0;
1285;969,44;10315,21;2427,13;3712,9;65535;3777,8;64,9;0;0;0;
1286;969,58;10313,75;2428,59;3689,9;65535;3744,1;54,2;0;0;0;
1287;969,72;10312,29;2430,05;3721,3;65535;3792,4;71,1;0;0;0;
1288;969,85;10310,83;2431,51;3694,8;65535;3760,5;65,7;0;0;0;
1289;969,99;10309,38;2432,97;3612;65535;3692,5;80,5;0;0;0;
1290;970,13;10307,92;2434,42;3552,7;65535;3637,4;84,7;0;0;0;
1291;970,27;10306,46;2435,88;3521,9;65535;3580,2;58,3;0;0;0;
1292;970,4;10305,01;2437,34;3691,5;65535;3746,7;55,2;0;0;0;
1293;970,54;10303,55;2438,79;3642,9;65535;3714,4;71,5;0;0;0;
1294;970,68;10302,09;2440,25;3617,8;65535;3693,5;75,7;0;0;0;
1295;970,81;10300,64;2441,7;3733;65535;3786,9;53,9;0;0;0;
1296;970,95;10299,19;2443,16;3640,1;65535;3703,4;63,3;0;0;0;
1297;971,09;10297,73;2444,61;3833;65535;3854,6;21,6;0;0;0;
1298;971,22;10296,28;2446,06;3699,3;65535;3745,5;46,2;0;0;0;
1299;971,36;10294,83;2447,52;3657,6;65535;3711,7;54,1;0;0;0;
1300;971,5;10293,37;2448,97;3577,3;65535;3643,5;66,2;0;0;0;
1301;971,64;10291,92;2450,42;3616,8;65535;3675,1;58,3;0;0;0;
1302;971,77;10290,47;2451,87;3906,7;65535;3969,2;62,5;0;0;0;
1303;971,91;10289,02;2453,32;3586,8;65535;3656,9;70,1;0;0;0;
1304;972,05;10287,57;2454,77;3517,9;65535;3587,2;69,3;0;0;0;
1305;972,18;10286,12;2456,22;3625,7;65535;3684,6;58,9;0;0;0;
1306;972,32;10284,68;2457,67;3785,1;65535;3852;66,9;0;0;0;
1307;972,46;10283,23;2459,12;3666,3;65535;3712,4;46,1;0;0;0;
1308;972,59;10281,78;2460,56;3584,4;65535;3641,4;57;0;0;0;
1309;972,73;10280,33;2462,01;3592,3;65535;3648,3;56;0;0;0;
1310;972,87;10278,89;2463,46;3717,4;65535;3779,9;62,5;0;0;0;
1311;973;10277,44;2464,9;3724,7;65535;3786,6;61,9;0;0;0;
1312;973,14;10276;2466,35;3671,9;65535;3735,8;63,9;0;0;0;
1313;973,28;10274,55;2467,79;3614,6;65535;3673,6;59;0;0;0;
1314;973,42;10273,11;2469,24;3603,8;65535;3673,7;69,9;0;0;0;
1315;973,55;10271,66;2470,68;3601;65535;3657,5;56,5;0;0;0;
1316;973,69;10270,22;2472,12;3788,6;65535;3852,9;64,3;0;0;0;
1317;973,83;10268,78;2473,56;3573,6;65535;3632,3;58,7;0;0;0;
1318;973,96;10267,34;2475,01;3524,8;65535;3600,6;75,8;0;0;0;
1319;974,1;10265,9;2476,45;3826,6;65535;3872,6;46;0;0;0;
1320;974,24;10264,46;2477,89;3613,6;65535;3665,5;51,9;0;0;0;
1321;974,37;10263,02;2479,33;3738,2;65535;3766,5;28,3;0;0;0;
1322;974,51;10261,58;2480,77;3660,4;65535;3721,7;61,3;0;0;0;
1323;974,65;10260,14;2482,21;3774,2;65535;3814,4;40,2;0;0;0;
1324;974,78;10258,7;2483,64;3633,8;65535;3709,1;75,3;0;0;0;
1325;974,92;10257,26;2485,08;3660,7;65535;3717,1;56,4;0;0;0;
1326;975,06;10255,82;2486,52;3832,2;65535;3892,3;60,1;0;0;0;
1327;975,19;10254,39;2487,96;3874,9;65535;3948,7;73,8;0;0;0;
1328;975,33;10252,95;2489,39;3580,8;65535;3637,5;56,7;0;0;0;
1329;975,47;10251,52;2490,83;3730;65535;3790,9;60,9;0;0;0;
1330;975,6;10250,08;2492,26;3578,2;65535;3644,5;66,3;0;0;0;
1331;975,74;10248,65;2493,7;3577,7;65535;3635,4;57,7;0;0;0;
1332;975,88;10247,21;2495,13;3528,2;65535;3604,1;75,9;0;0;0;
1333;976,01;10245,78;2496,56;3757,8;65535;3805,9;48,1;0;0;0;
1334;976,15;10244,35;2498;3657,4;65535;3716,6;59,2;0;0;0;
1335;976,28;10242,91;2499,43;3682,3;65535;3732,4;50,1;0;0;0;
1336;976,42;10241,48;2500,86;3584,3;65535;3640,6;56,3;0;0;0;
1337;976,56;10240,05;2502,29;3651,7;65535;3741,4;89,7;0;0;0;
1338;976,69;10238,62;2503,72;3704,4;65535;3757,5;53,1;0;0;0;
1339;976,83;10237,19;2505,15;3710;65535;3777,5;67,5;0;0;0;
1340;976,97;10235,76;2506,58;4193,8;65535;4243,8;50;0;0;0;
1341;977,1;10234,33;2508,01;3665,7;65535;3730,9;65,2;0;0;0;
1342;977,24;10232,9;2509,44;3738,1;65535;3789,1;51;0;0;0;
1343;977,38;10231,48;2510,87;3690,8;65535;3754;63,2;0;0;0;
1344;977,51;10230,05;2512,29;3704,6;65535;3754,7;50,1;0;0;0;
1345;977,65;10228,62;2513,72;3685,8;65535;3745,2;59,4;0;0;0;
1346;977,79;10227,2;2515,15;3667,9;65535;3719,8;51,9;0;0;0;
1347;977,92;10225,77;2516,57;3667,1;65535;3733,4;66,3;0;0;0;
1348;978,06;10224,35;2518;3572,8;65535;3627,2;54,4;0;0;0;
1349;978,19;10222,92;2519,42;3646,8;65535;3712,5;65,7;0;0;0;
1350;978,33;10221,5;2520,85;3675,8;65535;3729,5;53,7;0;0;0;
1351;978,47;10220,07;2522,27;3684,3;65535;3745,2;60,9;0;0;0;
1352;978,6;10218,65;2523,69;3596,3;65535;3655,8;59,5;0;0;0;
1353;978,74;10217,23;2525,11;3810,6;65535;3865,1;54,5;0;0;0;
1354;978,88;10215,81;2526,54;4261,3;65535;4307,4;46,1;0;0;0;
1355;979,01;10214,39;2527,96;3609,7;65535;3686,4;76,7;0;0;0;
1356;979,15;10212,97;2529,38;3745,3;65535;3790,5;45,2;0;0;0;
1357;979,28;10211,55;2530,8;3556,1;65535;3617,1;61;0;0;0;
1358;979,42;10210,13;2532,22;3785,4;65535;3844,5;59,1;0;0;0;
1359;979,56;10208,71;2533,64;3763;65535;3809,4;46,4;0;0;0;
1360;979,69;10207,29;2535,05;3742,6;65535;3803,6;61;0;0;0;
1361;979,83;10205,87;2536,47;3604,6;65535;3669,7;65,1;0;0;0;
1362;979,96;10204,45;2537,89;3644,9;65535;3710,7;65,8;0;0;0;
1363;980,1;10203,04;2539,31;3923,3;65535;3970,2;46,9;0;0;0;
1364;980,24;10201,62;2540,72;3595,7;65535;3664,3;68,6;0;0;0;
1365;980,37;10200,21;2542,14;3622,7;65535;3666,4;43,7;0;0;0;
1366;980,51;10198,79;2543,55;3649,7;65535;3689,7;40;0;0;0;
1367;980,64;10197,38;2544,97;3743,8;65535;3792,8;49;0;0;0;
1368;980,78;10195,96;2546,38;3777,9;65535;3832;54,1;0;0;0;
1369;980,92;10194,55;2547,8;3596;65535;3637,6;41,6;0;0;0;
1370;981,05;10193,14;2549,21;3618,9;65535;3682,8;63,9;0;0;0;
1371;981,19;10191,72;2550,62;3628,2;65535;3691,7;63,5;0;0;0;
1372;981,32;10190,31;2552,03;3682,9;65535;3725,1;42,2;0;0;0;
1373;981,46;10188,9;2553,44;3698,8;65535;3748,6;49,8;0;0;0;
1374;981,6;10187,49;2554,85;3603;65535;3674,7;71,7;0;0;0;
1375;981,73;10186,08;2556,26;4328,6;65535;4436,7;108,1;0;0;0;
1376;981,87;10184,67;2557,67;3786,3;65535;3837,7;51,4;0;0;0;
1377;982;10183,26;2559,08;3805,8;65535;3860,1;54,3;0;0;0;
1378;982,14;10181,85;2560,49;3709,8;65535;3729,6;19,8;0;0;0;
1379;982,28;10180,44;2561,9;3545;65535;3573,9;28,9;0;0;0;
1380;982,41;10179,04;2563,31;3687,5;65535;3747,5;60;0;0;0;
1381;982,55;10177,63;2564,71;3623,7;65535;3663,7;40;0;0;0;
1382;982,68;10176,22;2566,12;3583,4;65535;3613,8;30,4;0;0;0;
1383;982,82;10174,82;2567,53;3650,2;65535;3699,9;49,7;0;0;0;
1384;982,95;10173,41;2568,93;3549,9;65535;3629,6;79,7;0;0;0;
1385;983,09;10172,01;2570,34;3609,8;65535;3668,5;58,7;0;0;0;
1386;983,23;10170,6;2571,74;3570,1;65535;3633,7;63,6;0;0;0;
1387;983,36;10169,2;2573,14;3817,9;65535;3856,4;38,5;0;0;0;
1388;983,5;10167,8;2574,55;3605,8;65535;3664,9;59,1;0;0;0;
1389;983,63;10166,39;2575,95;3710,3;65535;3765,1;54,8;0;0;0;
1390;983,77;10164,99;2577,35;3650,9;65535;3695,2;44,3;0;0;0;
1391;983,9;10163,59;2578,75;3710,1;65535;3733;22,9;0;0;0;
1392;984,04;10162,19;2580,15;3602,1;65535;3633,7;31,6;0;0;0;
1393;984,18;10160,79;2581,55;3710,7;65535;3747;36,3;0;0;0;
1394;984,31;10159,39;2582,95;3699,2;65535;3746,2;47;0;0;0;
1395;984,45;10157,99;2584,35;3655,9;65535;3711,2;55,3;0;0;0;
1396;984,58;10156,59;2585,75;3735,8;65535;3776,1;40,3;0;0;0;
1397;984,72;10155,19;2587,15;3764,9;65535;3811,3;46,4;0;0;0;
1398;984,85;10153,8;2588,55;3603,9;65535;3665,8;61,9;0;0;0;
1399;984,99;10152,4;2589,94;3619,4;65535;3661;41,6;0;0;0;
1400;985,12;10151;2591,34;3690,8;65535;3739,3;48,5;0;0;0;
1401;985,26;10149,61;2592,74;3550,4;65535;3611,2;60,8;0;0;0;
1402;985,4;10148,21;2594,13;3589,9;65535;3630,9;41;0;0;0;
1403;985,53;10146,82;2595,53;3799,6;65535;3844,8;45,2;0;0;0;
1404;985,67;10145,42;2596,92;3612;65535;3659,2;47,2;0;0;0;
1405;985,8;10144,03;2598,32;3745,2;65535;3784,3;39,1;0;0;0;
1406;985,94;10142,63;2599,71;3553,8;65535;3618,4;64,6;0;0;0;
1407;986,07;10141,24;2601,1;3565,4;65535;3633,8;68,4;0;0;0;
1408;986,21;10139,85;2602,49;3702,9;65535;3784,1;81,2;0;0;0;
1409;986,34;10138,46;2603,89;3733,5;65535;3792,5;59;0;0;0;
1410;986,48;10137,07;2605,28;3694,9;65535;3722,4;27,5;0;0;0;
1411;986,61;10135,68;2606,67;3680,3;65535;3752;71,7;0;0;0;
1412;986,75;10134,29;2608,06;3773;65535;3831,3;58,3;0;0;0;
1413;986,88;10132,9;2609,45;3638,8;65535;3696,7;57,9;0;0;0;
1414;987,02;10131,51;2610,84;3698,7;65535;3747,8;49,1;0;0;0;
1415;987,16;10130,12;2612,22;3591,9;65535;3640,5;48,6;0;0;0;
1416;987,29;10128,73;2613,61;3635,6;65535;3688,3;52,7;0;0;0;
1417;987,43;10127,34;2615;3558,4;65535;3625;66,6;0;0;0;
1418;987,56;10125,96;2616,39;3736,6;65535;3801,9;65,3;0;0;0;
1419;987,7;10124,57;2617,77;4012,7;65535;4062,9;50,2;0;0;0;
1420;987,83;10123,18;2619,16;3648,8;65535;3714;65,2;0;0;0;
1421;987,97;10121,8;2620,54;3550,1;65535;3602,7;52,6;0;0;0;
1422;988,1;10120,41;2621,93;3628,1;65535;3694,2;66,1;0;0;0;
1423;988,24;10119,03;2623,31;3640,7;65535;3707,1;66,4;0;0;0;
1424;988,37;10117,65;2624,7;3821,1;65535;3875,9;54,8;0;0;0;
1425;988,51;10116,26;2626,08;3604,6;65535;3638,2;33,6;0;0;0;
1426;988,64;10114,88;2627,46;3653,1;65535;3713,3;60,2;0;0;0;
1427;988,78;10113,5;2628,84;3986,1;65535;4045,6;59,5;0;0;0;
1428;988,91;10112,12;2630,23;3623,9;65535;3672,3;48,4;0;0;0;
1429;989,05;10110,74;2631,61;3555;65535;3617,4;62,4;0;0;0;
1430;989,18;10109,36;2632,99;4162;65535;4235,9;73,9;0;0;0;
1431;989,32;10107,98;2634,37;3839,1;65535;3885;45,9;0;0;0;
1432;989,45;10106,6;2635,75;3782,6;65535;3858,1;75,5;0;0;0;
1433;989,59;10105,22;2637,13;3617;65535;3686,2;69,2;0;0;0;
1434;989,72;10103,84;2638,5;3597,9;65535;3641,1;43,2;0;0;0;
1435;989,86;10102,46;2639,88;3604,7;65535;3646,1;41,4;0;0;0;
1436;989,99;10101,08;2641,26;3687,1;65535;3741,3;54,2;0;0;0;
1437;990,13;10099,71;2642,64;3694,3;65535;3736,3;42;0;0;0;
1438;990,26;10098,33;2644,01;3783,2;65535;3823;39,8;0;0;0;
1439;990,4;10096,96;2645,39;3644,3;65535;3704,5;60,2;0;0;0;
1440;990,53;10095,58;2646,76;3615,9;65535;3668,6;52,7;0;0;0;
1441;990,67;10094,21;2648,14;3696,1;65535;3749,8;53,7;0;0;0;
1442;990,8;10092,83;2649,51;3719,3;65535;3763,2;43,9;0;0;0;
1443;990,94;10091,46;2650,88;4771,9;65535;5586,9;815;0;0;0;
1444;991,07;10090,09;2652,26;3645;65535;3698,1;53,1;0;0;0;
1445;991,21;10088,71;2653,63;3883,9;65535;3947,7;63,8;0;0;0;
1446;991,34;10087,34;2655;3745;65535;3801,8;56,8;0;0;0;
1447;991,48;10085,97;2656,37;3587,4;65535;3646,3;58,9;0;0;0;
1448;991,61;10084,6;2657,74;3583,2;65535;3646,5;63,3;0;0;0;
1449;991,75;10083,23;2659,11;3678,7;65535;3739,4;60,7;0;0;0;
1450;991,88;10081,86;2660,48;3599,6;65535;3648,2;48,6;0;0;0;
1451;992,02;10080,49;2661,85;3545,2;65535;3592,5;47,3;0;0;0;
1452;992,15;10079,12;2663,22;3583,2;65535;3627,4;44,2;0;0;0;
1453;992,28;10077,75;2664,59;3547,2;65535;3586;38,8;0;0;0;
1454;992,42;10076,39;2665,96;3685,8;65535;3748,3;62,5;0;0;0;
1455;992,55;10075,02;2667,33;3675,5;65535;3738,2;62,7;0;0;0;
1456;992,69;10073,65;2668,69;3664,2;65535;3720,2;56;0;0;0;
1457;992,82;10072,29;2670,06;3585,7;65535;3638,9;53,2;0;0;0;
1458;992,96;10070,92;2671,42;3758,7;65535;3827,1;68,4;0;0;0;
1459;993,09;10069,55;2672,79;3637,2;65535;3677,1;39,9;0;0;0;
1460;993,23;10068,19;2674,15;3709,1;65535;3761,6;52,5;0;0;0;
1461;993,36;10066,83;2675,52;3593,9;65535;3666,4;72,5;0;0;0;
1462;993,5;10065,46;2676,88;3598,7;65535;3631,6;32,9;0;0;0;
1463;993,63;10064,1;2678,24;4088,8;65535;4145,6;56,8;0;0;0;
1464;993,77;10062,74;2679,61;3586,7;65535;3643;56,3;0;0;0;
1465;993,9;10061,38;2680,97;3881;65535;3943,4;62,4;0;0;0;
1466;994,03;10060,01;2682,33;4239;65535;4296,5;57,5;0;0;0;
1467;994,17;10058,65;2683,69;3789,7;65535;3861,1;71,4;0;0;0;
1468;994,3;10057,29;2685,05;3692;65535;3735,1;43,1;0;0;0;
1469;994,44;10055,93;2686,41;3710,5;65535;3768,4;57,9;0;0;0;
1470;994,57;10054,57;2687,77;3670,4;65535;3723,2;52,8;0;0;0;
1471;994,71;10053,22;2689,13;3680,1;65535;3736,4;56,3;0;0;0;
1472;994,84;10051,86;2690,49;3701,1;65535;3735;33,9;0;0;0;
1473;994,98;10050,5;2691,84;3689,1;65535;3750,9;61,8;0;0;0;
1474;995,11;10049,14;2693,2;3811,8;65535;3857,7;45,9;0;0;0;
1475;995,24;10047,79;2694,56;3617,6;65535;3676;58,4;0;0;0;
1476;995,38;10046,43;2695,91;3676,9;65535;3731,9;55;0;0;0;
1477;995,51;10045,07;2697,27;3936,2;65535;3995,2;59;0;0;0;
1478;995,65;10043,72;2698,62;3677,8;65535;3736,9;59,1;0;0;0;
1479;995,78;10042,36;2699,98;3720,3;65535;3769,3;49;0;0;0;
1480;995,92;10041,01;2701,33;3850,8;65535;3915,1;64,3;0;0;0;
1481;996,05;10039,66;2702,69;3963,8;65535;4013,1;49,3;0;0;0;
1482;996,18;10038,3;2704,04;3691,8;65535;3744,2;52,4;0;0;0;
1483;996,32;10036,95;2705,39;3626,8;65535;3674,3;47,5;0;0;0;
1484;996,45;10035,6;2706,74;3640,4;65535;3697,1;56,7;0;0;0;
1485;996,59;10034,25;2708,1;3577;65535;3623,7;46,7;0;0;0;
1486;996,72;10032,9;2709,45;3659;65535;3708,6;49,6;0;0;0;
1487;996,86;10031,55;2710,8;3530,2;65535;3588,4;58,2;0;0;0;
1488;996,99;10030,2;2712,15;3557,6;65535;3644;86,4;0;0;0;
1489;997,12;10028,85;2713,5;3541,6;65535;3595,1;53,5;0;0;0;
1490;997,26;10027,5;2714,84;3699,5;65535;3759;59,5;0;0;0;
1491;997,39;10026,15;2716,19;3714,1;65535;3737,8;23,7;0;0;0;
1492;997,53;10024,8;2717,54;3756,5;65535;3823,9;67,4;0;0;0;
1493;997,66;10023,46;2718,89;4034,6;65535;4080,9;46,3;0;0;0;
1494;997,79;10022,11;2720,23;3604,6;65535;3666;61,4;0;0;0;
1495;997,93;10020,76;2721,58;3686,1;65535;3743,7;57,6;0;0;0;
1496;998,06;10019,42;2722,93;3666;65535;3703;37;0;0;0;
1497;998,2;10018,07;2724,27;3691,9;65535;3724,2;32,3;0;0;0;
1498;998,33;10016,73;2725,62;3561,5;65535;3618,2;56,7;0;0;0;
1499;998,46;10015,38;2726,96;3679,3;65535;3726,3;47;0;0;0;
1500;998,6;10014,04;2728,3;3602,5;65535;3649,3;46,8;0;0;0;
1501;998,73;10012,7;2729,65;3642,8;65535;3709,2;66,4;0;0;0;
1502;998,87;10011,35;2730,99;3816,8;65535;3872,1;55,3;0;0;0;
1503;999;10010,01;2732,33;3624,8;65535;3689,6;64,8;0;0;0;
1504;999,13;10008,67;2733,67;3572,4;65535;3638,8;66,4;0;0;0;
1505;999,27;10007,33;2735,01;3939,6;65535;3989,2;49,6;0;0;0;
1506;999,4;10005,99;2736,35;3774,3;65535;3828,9;54,6;0;0;0;
1507;999,54;10004,65;2737,69;3642,3;65535;3693,4;51,1;0;0;0;
1508;999,67;10003,31;2739,03;3581,9;65535;3638,5;56,6;0;0;0;
1509;999,8;10001,97;2740,37;3746,9;65535;3801,1;54,2;0;0;0;
1510;999,94;10000,63;2741,71;3858,3;65535;3891;32,7;0;0;0;
1511;1000,07;9999,29;2743,05;3590,1;65535;3646,9;56,8;0;0;0;
1512;1000,2;9997,96;2744,39;3666,5;65535;3718,6;52,1;0;0;0;
1513;1000,34;9996,62;2745,72;3543,8;65535;3618,5;74,7;0;0;0;
1514;1000,47;9995,28;2747,06;3567,8;65535;3623,7;55,9;0;0;0;
1515;1000,61;9993,95;2748,4;3653,6;65535;3709;55,4;0;0;0;
1516;1000,74;9992,61;2749,73;3761;65535;3795,8;34,8;0;0;0;
1517;1000,87;9991,28;2751,07;3603,9;65535;3652,2;48,3;0;0;0;
1518;1001,01;9989,94;2752,4;3671;65535;3728;57;0;0;0;
1519;1001,14;9988,61;2753,73;3648,9;65535;3712,6;63,7;0;0;0;
1520;1001,27;9987,28;2755,07;3719,3;65535;3754,6;35,3;0;0;0;
1521;1001,41;9985,94;2756,4;3667;65535;3711,5;44,5;0;0;0;
1522;1001,54;9984,61;2757,73;3594,9;65535;3665,9;71;0;0;0;
1523;1001,67;9983,28;2759,06;3567;65535;3603,7;36,7;0;0;0;
1524;1001,81;9981,95;2760,39;3603,2;65535;3659;55,8;0;0;0;
1525;1001,94;9980,62;2761,73;3922,8;65535;3964,6;41,8;0;0;0;
1526;1002,08;9979,29;2763,06;3846,2;65535;3924,8;78,6;0;0;0;
1527;1002,21;9977,96;2764,39;3682,1;65535;3714,3;32,2;0;0;0;
1528;1002,34;9976,63;2765,71;3684,7;65535;3755,6;70,9;0;0;0;
1529;1002,48;9975,3;2767,04;3641,5;65535;3713,1;71,6;0;0;0;
1530;1002,61;9973,97;2768,37;3619,5;65535;3685,2;65,7;0;0;0;
1531;1002,74;9972,64;2769,7;3735;65535;3772,5;37,5;0;0;0;
1532;1002,88;9971,32;2771,03;3698,6;65535;3746,8;48,2;0;0;0;
1533;1003,01;9969,99;2772,35;3553,8;65535;3604,2;50,4;0;0;0;
1534;1003,14;9968,67;2773,68;3646,2;65535;3688,5;42,3;0;0;0;
1535;1003,28;9967,34;2775;3629,6;65535;3695,7;66,1;0;0;0;
1536;1003,41;9966,01;2776,33;3645,6;65535;3705,3;59,7;0;0;0;
1537;1003,54;9964,69;2777,65;3691,2;65535;3749,1;57,9;0;0;0;
1538;1003,68;9963,37;2778,98;3636,6;65535;3685,9;49,3;0;0;0;
1539;1003,81;9962,04;2780,3;3593,8;65535;3633,9;40,1;0;0;0;
1540;1003,94;9960,72;2781,62;3741;65535;3789,6;48,6;0;0;0;
1541;1004,08;9959,4;2782,95;3679,6;65535;3741,7;62,1;0;0;0;
1542;1004,21;9958,07;2784,27;3642,7;65535;3695,1;52,4;0;0;0;
1543;1004,34;9956,75;2785,59;3562,7;65535;3609,7;47;0;0;0;
1544;1004,48;9955,43;2786,91;3641,6;65535;3709,9;68,3;0;0;0;
1545;1004,61;9954,11;2788,23;3691,7;65535;3737,5;45,8;0;0;0;
1546;1004,74;9952,79;2789,55;3683,1;65535;3749,6;66,5;0;0;0;
1547;1004,88;9951,47;2790,87;3632,6;65535;3666,4;33,8;0;0;0;
1548;1005,01;9950,15;2792,19;3559,6;65535;3611,2;51,6;0;0;0;
1549;1005,14;9948,84;2793,51;3654,1;65535;3678,9;24,8;0;0;0;
1550;1005,28;9947,52;2794,83;3585,1;65535;3644,6;59,5;0;0;0;
1551;1005,41;9946,2;2796,14;3642,9;65535;3702,2;59,3;0;0;0;
1552;1005,54;9944,88;2797,46;3625,7;65535;3677,5;51,8;0;0;0;
1553;1005,68;9943,57;2798,78;3681,8;65535;3713,4;31,6;0;0;0;
1554;1005,81;9942,25;2800,09;3735,8;65535;3784,5;48,7;0;0;0;
1555;1005,94;9940,94;2801,41;3697,2;65535;3739,3;42,1;0;0;0;
1556;1006,07;9939,62;2802,72;3560,7;65535;3629,1;68,4;0;0;0;
1557;1006,21;9938,31;2804,04;3953,2;65535;4011,5;58,3;0;0;0;
1558;1006,34;9936,99;2805,35;3684,1;65535;3725;40,9;0;0;0;
1559;1006,47;9935,68;2806,66;3701;65535;3747,4;46,4;0;0;0;
1560;1006,61;9934,37;2807,98;3769,3;65535;3825;55,7;0;0;0;
1561;1006,74;9933,05;2809,29;4208,9;65535;4260,5;51,6;0;0;0;
1562;1006,87;9931,74;2810,6;3808,2;65535;3865,3;57,1;0;0;0;
1563;1007,01;9930,43;2811,91;3709,6;65535;3753,2;43,6;0;0;0;
1564;1007,14;9929,12;2813,22;3584,5;65535;3643,8;59,3;0;0;0;
1565;1007,27;9927,81;2814,53;3781,2;65535;3835,2;54;0;0;0;
1566;1007,4;9926,5;2815,84;3644,6;65535;3686,3;41,7;0;0;0;
1567;1007,54;9925,19;2817,15;3626,1;65535;3675,5;49,4;0;0;0;
1568;1007,67;9923,88;2818,46;3963,1;65535;4021,8;58,7;0;0;0;
1569;1007,8;9922,57;2819,77;3656,2;65535;3708,7;52,5;0;0;0;
1570;1007,94;9921,26;2821,08;3834,5;65535;3867;32,5;0;0;0;
1571;1008,07;9919,96;2822,39;3710;65535;3746,6;36,6;0;0;0;
1572;1008,2;9918,65;2823,69;3680,1;65535;3730,4;50,3;0;0;0;
1573;1008,33;9917,34;2825;3584,2;65535;3652,9;68,7;0;0;0;
1574;1008,47;9916,04;2826,3;3689,3;65535;3743,6;54,3;0;0;0;
1575;1008,6;9914,73;2827,61;3634,8;65535;3694,9;60,1;0;0;0;
1576;1008,73;9913,43;2828,91;3689,5;65535;3742,9;53,4;0;0;0;
1577;1008,87;9912,12;2830,22;3738,7;65535;3770,5;31,8;0;0;0;
1578;1009;9910,82;2831,52;3701,5;65535;3751,7;50,2;0;0;0;
1579;1009,13;9909,52;2832,83;3755,9;65535;3794,8;38,9;0;0;0;
1580;1009,26;9908,21;2834,13;3739,5;65535;3769,9;30,4;0;0;0;
1581;1009,4;9906,91;2835,43;3682,9;65535;3737,7;54,8;0;0;0;
1582;1009,53;9905,61;2836,73;3588,6;65535;3625,1;36,5;0;0;0;
1583;1009,66;9904,31;2838,03;3543;65535;3569,5;26,5;0;0;0;
1584;1009,79;9903,01;2839,34;3784;65535;3809,7;25,7;0;0;0;
1585;1009,93;9901,71;2840,64;3568,4;65535;3622,1;53,7;0;0;0;
1586;1010,06;9900,41;2841,94;3729,3;65535;3772,4;43,1;0;0;0;
1587;1010,19;9899,11;2843,23;4098;65535;4153,9;55,9;0;0;0;
1588;1010,32;9897,81;2844,53;3578,6;65535;3633,5;54,9;0;0;0;
1589;1010,46;9896,51;2845,83;3663,5;65535;3708,5;45;0;0;0;
1590;1010,59;9895,21;2847,13;3721,3;65535;3753,8;32,5;0;0;0;
1591;1010,72;9893,92;2848,43;3745,4;65535;3792,8;47,4;0;0;0;
1592;1010,85;9892,62;2849,72;3671,3;65535;3717,3;46;0;0;0;
1593;1010,99;9891,32;2851,02;3682,1;65535;3726,6;44,5;0;0;0;
1594;1011,12;9890,03;2852,32;3676,5;65535;3731,5;55;0;0;0;
1595;1011,25;9888,73;2853,61;3809,1;65535;3845;35,9;0;0;0;
1596;1011,38;9887,44;2854,91;3757,9;65535;3809,3;51,4;0;0;0;
1597;1011,52;9886,14;2856,2;3900;65535;3955,4;55,4;0;0;0;
1598;1011,65;9884,85;2857,49;3694,2;65535;3738;43,8;0;0;0;
1599;1011,78;9883,56;2858,79;3586,9;65535;3638,7;51,8;0;0;0;
1600;1011,91;9882,26;2860,08;3682;65535;3741,6;59,6;0;0;0;
1601;1012,05;9880,97;2861,37;3636,6;65535;3697,7;61,1;0;0;0;
1602;1012,18;9879,68;2862,66;3539,6;65535;3578,4;38,8;0;0;0;
1603;1012,31;9878,39;2863,96;3658,5;65535;3696,6;38,1;0;0;0;
1604;1012,44;9877,1;2865,25;3567,2;65535;3621,1;53,9;0;0;0;
1605;1012,58;9875,81;2866,54;3659,6;65535;3704,2;44,6;0;0;0;
1606;1012,71;9874,52;2867,83;3879,3;65535;3960,7;81,4;0;0;0;
1607;1012,84;9873,23;2869,12;3743;65535;3797,9;54,9;0;0;0;
1608;1012,97;9871,94;2870,4;3694,4;65535;3725,3;30,9;0;0;0;
1609;1013,1;9870,65;2871,69;3649,2;65535;3717;67,8;0;0;0;
1610;1013,24;9869,36;2872,98;3699,1;65535;3770,8;71,7;0;0;0;
1611;1013,37;9868,08;2874,27;3556,7;65535;3611,3;54,6;0;0;0;
1612;1013,5;9866,79;2875,55;3626,7;65535;3662,8;36,1;0;0;0;
1613;1013,63;9865,5;2876,84;3678,8;65535;3701,8;23;0;0;0;
1614;1013,77;9864,22;2878,13;3853,6;65535;3881,7;28,1;0;0;0;
1615;1013,9;9862,93;2879,41;3585;65535;3627,5;42,5;0;0;0;
1616;1014,03;9861,65;2880,7;3726,6;65535;3779,9;53,3;0;0;0;
1617;1014,16;9860,36;2881,98;3758,4;65535;3795;36,6;0;0;0;
1618;1014,29;9859,08;2883,27;3531,9;65535;3568,9;37;0;0;0;
1619;1014,43;9857,79;2884,55;3637,7;65535;3691,8;54,1;0;0;0;
1620;1014,56;9856,51;2885,83;3653,8;65535;3724,8;71;0;0;0;
1621;1014,69;9855,23;2887,11;3529,9;65535;3579,9;50;0;0;0;
1622;1014,82;9853,95;2888,4;3687,9;65535;3755;67,1;0;0;0;
1623;1014,95;9852,67;2889,68;3953;65535;3997,1;44,1;0;0;0;
1624;1015,09;9851,39;2890,96;3598,2;65535;3649,2;51;0;0;0;
1625;1015,22;9850,1;2892,24;3525,1;65535;3567,6;42,5;0;0;0;
1626;1015,35;9848,82;2893,52;3931,3;65535;3959,4;28,1;0;0;0;
1627;1015,48;9847,55;2894,8;3653,8;65535;3685;31,2;0;0;0;
1628;1015,61;9846,27;2896,08;3654,8;65535;3678,4;23,6;0;0;0;
1629;1015,75;9844,99;2897,36;3574,6;65535;3623;48,4;0;0;0;
1630;1015,88;9843,71;2898,63;3653,6;65535;3715,5;61,9;0;0;0;
1631;1016,01;9842,43;2899,91;3705,4;65535;3745,2;39,8;0;0;0;
1632;1016,14;9841,16;2901,19;3579,4;65535;3632,8;53,4;0;0;0;
1633;1016,27;9839,88;2902,46;3966,4;65535;4011,1;44,7;0;0;0;
1634;1016,4;9838,6;2903,74;3679,7;65535;3722,1;42,4;0;0;0;
1635;1016,54;9837,33;2905,02;3582,9;65535;3628,5;45,6;0;0;0;
1636;1016,67;9836,05;2906,29;3555;65535;3591,2;36,2;0;0;0;
1637;1016,8;9834,78;2907,57;4160,1;65535;4193,6;33,5;0;0;0;
1638;1016,93;9833,5;2908,84;3632,4;65535;3674,6;42,2;0;0;0;
1639;1017,06;9832,23;2910,11;3767,8;65535;3811,8;44;0;0;0;
1640;1017,19;9830,96;2911,39;3625,6;65535;3654,3;28,7;0;0;0;
1641;1017,33;9829,68;2912,66;3604,6;65535;3658,1;53,5;0;0;0;
1642;1017,46;9828,41;2913,93;3752,4;65535;3805,5;53,1;0;0;0;
1643;1017,59;9827,14;2915,2;3815,2;65535;3863,6;48,4;0;0;0;
1644;1017,72;9825,87;2916,47;3668,8;65535;3721,6;52,8;0;0;0;
1645;1017,85;9824,6;2917,74;3763,6;65535;3786,8;23,2;0;0;0;
1646;1017,98;9823,33;2919,01;3674,1;65535;3713;38,9;0;0;0;
1647;1018,12;9822,06;2920,28;3680,1;65535;3702;21,9;0;0;0;
1648;1018,25;9820,79;2921,55;3954,8;65535;3991,4;36,6;0;0;0;
1649;1018,38;9819,52;2922,82;4159,5;65535;4196,1;36,6;0;0;0;
1650;1018,51;9818,25;2924,09;3711,8;65535;3745,3;33,5;0;0;0;
1651;1018,64;9816,99;2925,36;3775,2;65535;3793,7;18,5;0;0;0;
1652;1018,77;9815,72;2926,62;3533,2;65535;3565,9;32,7;0;0;0;
1653;1018,91;9814,45;2927,89;3676,4;65535;3718,2;41,8;0;0;0;
1654;1019,04;9813,19;2929,16;3541,3;65535;3615,5;74,2;0;0;0;
1655;1019,17;9811,92;2930,42;3727,7;65535;3766,3;38,6;0;0;0;
1656;1019,3;9810,66;2931,69;3768,4;65535;3814,5;46,1;0;0;0;
1657;1019,43;9809,39;2932,95;3607,9;65535;3644,3;36,4;0;0;0;
1658;1019,56;9808,13;2934,22;3702,4;65535;3736,7;34,3;0;0;0;
1659;1019,69;9806,86;2935,48;3639,2;65535;3694;54,8;0;0;0;
1660;1019,83;9805,6;2936,74;3575,1;65535;3626,8;51,7;0;0;0;
1661;1019,96;9804,34;2938,01;3659,1;65535;3678,2;19,1;0;0;0;
1662;1020,09;9803,07;2939,27;3948,1;65535;3986,1;38;0;0;0;
1663;1020,22;9801,81;2940,53;3533,9;65535;3572,6;38,7;0;0;0;
1664;1020,35;9800,55;2941,79;3655,1;65535;3700,8;45,7;0;0;0;
1665;1020,48;9799,29;2943,05;3618,6;65535;3653,5;34,9;0;0;0;
1666;1020,61;9798,03;2944,31;3584,2;65535;3616,1;31,9;0;0;0;
1667;1020,74;9796,77;2945,57;3588,2;65535;3622,6;34,4;0;0;0;
1668;1020,88;9795,51;2946,83;3751,8;65535;3819,1;67,3;0;0;0;
1669;1021,01;9794,25;2948,09;3832,6;65535;4067,9;235,3;0;0;0;
1670;1021,14;9792,99;2949,35;3729;65535;3764,4;35,4;0;0;0;
1671;1021,27;9791,73;2950,61;3618,5;65535;3642,3;23,8;0;0;0;
1672;1021,4;9790,48;2951,87;3665,9;65535;3715,8;49,9;0;0;0;
1673;1021,53;9789,22;2953,12;3738;65535;3769,4;31,4;0;0;0;
1674;1021,66;9787,96;2954,38;3646,5;65535;3686,3;39,8;0;0;0;
1675;1021,79;9786,71;2955,64;3780,1;65535;3821,6;41,5;0;0;0;
1676;1021,93;9785,45;2956,89;3752;65535;3808,8;56,8;0;0;0;
1677;1022,06;9784,2;2958,15;3671,9;65535;3723,6;51,7;0;0;0;
1678;1022,19;9782,94;2959,4;3956,1;65535;4002,2;46,1;0;0;0;
1679;1022,32;9781,69;2960,66;3727,2;65535;3775,3;48,1;0;0;0;
1680;1022,45;9780,43;2961,91;3768,7;65535;3814,5;45,8;0;0;0;
1681;1022,58;9779,18;2963,16;3633,5;65535;3659,5;26;0;0;0;
1682;1022,71;9777,93;2964,41;3696,6;65535;3741;44,4;0;0;0;
1683;1022,84;9776,68;2965,67;3781,3;65535;3807,6;26,3;0;0;0;
1684;1022,97;9775,42;2966,92;3745,4;65535;3772,6;27,2;0;0;0;
1685;1023,1;9774,17;2968,17;3694,7;65535;3743,9;49,2;0;0;0;
1686;1023,24;9772,92;2969,42;3598,9;65535;3636,7;37,8;0;0;0;
1687;1023,37;9771,67;2970,67;3533,6;65535;3592,2;58,6;0;0;0;
1688;1023,5;9770,42;2971,92;3583,6;65535;3636,5;52,9;0;0;0;
1689;1023,63;9769,17;2973,17;5373;65535;5408,4;35,4;0;0;0;
1690;1023,76;9767,92;2974,42;3518;65535;3568,1;50,1;0;0;0;
1691;1023,89;9766,68;2975,67;3585,6;65535;3636,1;50,5;0;0;0;
1692;1024,02;9765,43;2976,92;3640,2;65535;3679,8;39,6;0;0;0;
1693;1024,15;9764,18;2978,16;3592,2;65535;3634,1;41,9;0;0;0;
1694;1024,28;9762,93;2979,41;3585,2;65535;3620,8;35,6;0;0;0;
1695;1024,41;9761,69;2980,66;3579,4;65535;3609,1;29,7;0;0;0;
1696;1024,54;9760,44;2981,9;3662,3;65535;3681,6;19,3;0;0;0;
1697;1024,67;9759,2;2983,15;3962,5;65535;3992,8;30,3;0;0;0;
1698;1024,81;9757,95;2984,39;3526,6;65535;3565,7;39,1;0;0;0;
1699;1024,94;9756,71;2985,64;3657,1;65535;3683,8;26,7;0;0;0;
1700;1025,07;9755,46;2986,88;3609;65535;3655,4;46,4;0;0;0;
1701;1025,2;9754,22;2988,12;3726,7;65535;3778;51,3;0;0;0;
1702;1025,33;9752,98;2989,37;3743,3;65535;3853;109,7;0;0;0;
1703;1025,46;9751,73;2990,61;3811,7;65535;3856,7;45;0;0;0;
1704;1025,59;9750,49;2991,85;3617,2;65535;3672,7;55,5;0;0;0;
1705;1025,72;9749,25;2993,09;3747,4;65535;3776,9;29,5;0;0;0;
1706;1025,85;9748,01;2994,34;4285;65535;4327,7;42,7;0;0;0;
1707;1025,98;9746,77;2995,58;3727,4;65535;3764,2;36,8;0;0;0;
1708;1026,11;9745,53;2996,82;3586,4;65535;3630,8;44,4;0;0;0;
1709;1026,24;9744,29;2998,06;3717,1;65535;3752,1;35;0;0;0;
1710;1026,37;9743,05;2999,3;3561,3;65535;3582,4;21,1;0;0;0;
1711;1026,5;9741,81;3000,53;3708,7;65535;3755,5;46,8;0;0;0;
1712;1026,63;9740,57;3001,77;3669,7;65535;3712;42,3;0;0;0;
1713;1026,76;9739,33;3003,01;3684,9;65535;3734,4;49,5;0;0;0;
1714;1026,89;9738,1;3004,25;3575,2;65535;3625,3;50,1;0;0;0;
1715;1027,03;9736,86;3005,48;3921,7;65535;3955,9;34,2;0;0;0;
1716;1027,16;9735,62;3006,72;3560,6;65535;3593,6;33;0;0;0;
1717;1027,29;9734,39;3007,96;3648,1;65535;3672,4;24,3;0;0;0;
1718;1027,42;9733,15;3009,19;3637;65535;3672,8;35,8;0;0;0;
1719;1027,55;9731,92;3010,43;3674,4;65535;3717,3;42,9;0;0;0;
1720;1027,68;9730,68;3011,66;3655,9;65535;3689,8;33,9;0;0;0;
1721;1027,81;9729,45;3012,9;3599,2;65535;3620,9;21,7;0;0;0;
1722;1027,94;9728,21;3014,13;3731,7;65535;3786,2;54,5;0;0;0;
1723;1028,07;9726,98;3015,36;3599,3;65535;3629,8;30,5;0;0;0;
1724;1028,2;9725,75;3016,6;3739,2;65535;3785,1;45,9;0;0;0;
1725;1028,33;9724,52;3017,83;3869,4;65535;3926,3;56,9;0;0;0;
1726;1028,46;9723,28;3019,06;3707,6;65535;3750;42,4;0;0;0;
1727;1028,59;9722,05;3020,29;3578,3;65535;3629,1;50,8;0;0;0;
1728;1028,72;9720,82;3021,52;3681,7;65535;3723,6;41,9;0;0;0;
1729;1028,85;9719,59;3022,75;3529,2;65535;3570,2;41;0;0;0;
1730;1028,98;9718,36;3023,98;3786,8;65535;3818,5;31,7;0;0;0;
1731;1029,11;9717,13;3025,21;4354,4;65535;4366,8;12,4;0;0;0;
1732;1029,24;9715,9;3026,44;4706,7;65535;4729,7;23;0;0;0;
1733;1029,37;9714,68;3027,67;3843,4;65535;3873,2;29,8;0;0;0;
1734;1029,5;9713,45;3028,9;3587,7;65535;3630;42,3;0;0;0;
1735;1029,63;9712,22;3030,12;3755,5;65535;3785,2;29,7;0;0;0;
1736;1029,76;9710,99;3031,35;3692,1;65535;3718,2;26,1;0;0;0;
1737;1029,89;9709,77;3032,58;3645,4;65535;3683,6;38,2;0;0;0;
1738;1030,02;9708,54;3033,8;3741,8;65535;3786,9;45,1;0;0;0;
1739;1030,15;9707,31;3035,03;3708,1;65535;3748,6;40,5;0;0;0;
1740;1030,28;9706,09;3036,25;3780;65535;3824,3;44,3;0;0;0;
1741;1030,41;9704,87;3037,48;3706,1;65535;3747,5;41,4;0;0;0;
1742;1030,54;9703,64;3038,7;3686,6;65535;3704,6;18;0;0;0;
1743;1030,67;9702,42;3039,93;3588,5;65535;3621,4;32,9;0;0;0;
1744;1030,8;9701,19;3041,15;3655,1;65535;3681;25,9;0;0;0;
1745;1030,93;9699,97;3042,37;3598,8;65535;3628,3;29,5;0;0;0;
1746;1031,06;9698,75;3043,59;3681,4;65535;3725;43,6;0;0;0;
1747;1031,19;9697,53;3044,82;3692,8;65535;3735;42,2;0;0;0;
1748;1031,32;9696,31;3046,04;3695,4;65535;3730,5;35,1;0;0;0;
1749;1031,45;9695,09;3047,26;3793,3;65535;3850,1;56,8;0;0;0;
1750;1031,58;9693,86;3048,48;3553,7;65535;3607,3;53,6;0;0;0;
1751;1031,71;9692,64;3049,7;3605,3;65535;3647,5;42,2;0;0;0;
1752;1031,84;9691,43;3050,92;3900,4;65535;3937,3;36,9;0;0;0;
1753;1031,97;9690,21;3052,14;3851,1;65535;3897,9;46,8;0;0;0;
1754;1032,1;9688,99;3053,36;3607,7;65535;3618,7;11;0;0;0;
1755;1032,23;9687,77;3054,57;3576,6;65535;3599,1;22,5;0;0;0;
1756;1032,36;9686,55;3055,79;3803,3;65535;3838,7;35,4;0;0;0;
1757;1032,49;9685,34;3057,01;3595,1;65535;3626,8;31,7;0;0;0;
1758;1032,62;9684,12;3058,23;3620;65535;3662,6;42,6;0;0;0;
1759;1032,75;9682,9;3059,44;3674,2;65535;3704,3;30,1;0;0;0;
1760;1032,88;9681,69;3060,66;3706,3;65535;3734,9;28,6;0;0;0;
1761;1033,01;9680,47;3061,87;3752,5;65535;3798;45,5;0;0;0;
1762;1033,14;9679,26;3063,09;3929,9;65535;3986,7;56,8;0;0;0;
1763;1033,27;9678,04;3064,3;3750,7;65535;3788,4;37,7;0;0;0;
1764;1033,4;9676,83;3065,52;3787,4;65535;3816,4;29;0;0;0;
1765;1033,53;9675,61;3066,73;6438,2;65535;6446,3;8,1;0;0;0;
1766;1033,66;9674,4;3067,94;3743,9;65535;3777,3;33,4;0;0;0;
1767;1033,79;9673,19;3069,15;3662,5;65535;3701,1;38,6;0;0;0;
1768;1033,91;9671,98;3070,37;3697,9;65535;3743,7;45,8;0;0;0;
1769;1034,04;9670,77;3071,58;3625,1;65535;3662,1;37;0;0;0;
1770;1034,17;9669,55;3072,79;3550,5;65535;3597,1;46,6;0;0;0;
1771;1034,3;9668,34;3074;3710,6;65535;3760,3;49,7;0;0;0;
1772;1034,43;9667,13;3075,21;3751,7;65535;3822,2;70,5;0;0;0;
1773;1034,56;9665,92;3076,42;3627,7;65535;3650,3;22,6;0;0;0;
1774;1034,69;9664,72;3077,63;3686,1;65535;3739,2;53,1;0;0;0;
1775;1034,82;9663,51;3078,84;3577,7;65535;3612,3;34,6;0;0;0;
1776;1034,95;9662,3;3080,05;3774,6;65535;3810,1;35,5;0;0;0;
1777;1035,08;9661,09;3081,25;3536,7;65535;3582,4;45,7;0;0;0;
1778;1035,21;9659,88;3082,46;3729,9;65535;3767;37,1;0;0;0;
1779;1035,34;9658,68;3083,67;3879,8;65535;3913,4;33,6;0;0;0;
1780;1035,47;9657,47;3084,87;3671,4;65535;3704,4;33;0;0;0;
1781;1035,6;9656,26;3086,08;3699,4;65535;3739,9;40,5;0;0;0;
1782;1035,73;9655,06;3087,29;3748,9;65535;3786,7;37,8;0;0;0;
1783;1035,86;9653,85;3088,49;3538,7;65535;3575,3;36,6;0;0;0;
1784;1035,99;9652,65;3089,7;3682,8;65535;3740,4;57,6;0;0;0;
1785;1036,11;9651,44;3090,9;3685,5;65535;3713,1;27,6;0;0;0;
1786;1036,24;9650,24;3092,1;3738;65535;3774,6;36,6;0;0;0;
1787;1036,37;9649,04;3093,31;3812,4;65535;3848;35,6;0;0;0;
1788;1036,5;9647,83;3094,51;3700,5;65535;3725,4;24,9;0;0;0;
1789;1036,63;9646,63;3095,71;3630,9;65535;3656,4;25,5;0;0;0;
1790;1036,76;9645,43;3096,91;3610,7;65535;3650,2;39,5;0;0;0;
1791;1036,89;9644,23;3098,11;3578,4;65535;3615,7;37,3;0;0;0;
1792;1037,02;9643,03;3099,32;3739,8;65535;3764,1;24,3;0;0;0;
1793;1037,15;9641,83;3100,52;3749,1;65535;3780,4;31,3;0;0;0;
1794;1037,28;9640,63;3101,72;3706,1;65535;3740,4;34,3;0;0;0;
1795;1037,41;9639,43;3102,92;3576,7;65535;3617,2;40,5;0;0;0;
1796;1037,53;9638,23;3104,11;4949,9;65535;4123;-826,9;0;0;0;
1797;1037,66;9637,03;3105,31;7764;65535;4934,7;-2829,3;0;0;0;
1798;1037,79;9635,83;3106,51;3658,7;65535;3686,8;28,1;0;0;0;
1799;1037,92;9634,63;3107,71;3693,6;65535;3716,2;22,6;0;0;0;
1800;1038,05;9633,44;3108,91;3712,4;65535;3746,2;33,8;0;0;0;
1801;1038,18;9632,24;3110,1;4418,6;65535;4455,2;36,6;0;0;0;
1802;1038,31;9631,04;3111,3;3576,1;65535;3606;29,9;0;0;0;
1803;1038,44;9629,85;3112,49;3705;65535;3748,2;43,2;0;0;0;
1804;1038,57;9628,65;3113,69;3612,6;65535;3634,9;22,3;0;0;0;
1805;1038,7;9627,46;3114,89;3574,6;65535;3622,6;48;0;0;0;
1806;1038,82;9626,26;3116,08;3670,8;65535;3726,9;56,1;0;0;0;
1807;1038,95;9625,07;3117,27;3768,2;65535;3793,9;25,7;0;0;0;
1808;1039,08;9623,88;3118,47;4002,2;65535;4039,2;37;0;0;0;
1809;1039,21;9622,68;3119,66;3779;65535;3842,3;63,3;0;0;0;
1810;1039,34;9621,49;3120,85;3657,6;65535;3685;27,4;0;0;0;
1811;1039,47;9620,3;3122,05;3773,5;65535;3785,8;12,3;0;0;0;
1812;1039,6;9619,11;3123,24;4039,6;65535;4080;40,4;0;0;0;
1813;1039,73;9617,92;3124,43;3600,4;65535;3622,6;22,2;0;0;0;
1814;1039,86;9616,72;3125,62;3510,5;65535;3536,7;26,2;0;0;0;
1815;1039,98;9615,53;3126,81;3699,8;65535;3732,7;32,9;0;0;0;
1816;1040,11;9614,34;3128;3618;65535;3644,8;26,8;0;0;0;
1817;1040,24;9613,15;3129,19;3876,1;65535;3917,1;41;0;0;0;
1818;1040,37;9611,97;3130,38;3739,8;65535;3785,5;45,7;0;0;0;
1819;1040,5;9610,78;3131,57;3733,9;65535;3777,7;43,8;0;0;0;
1820;1040,63;9609,59;3132,75;3547;65535;3591,7;44,7;0;0;0;
1821;1040,76;9608,4;3133,94;3543,7;65535;3602,4;58,7;0;0;0;
1822;1040,88;9607,21;3135,13;3550,4;65535;3595,2;44,8;0;0;0;
1823;1041,01;9606,03;3136,32;3633;65535;3653,5;20,5;0;0;0;
1824;1041,14;9604,84;3137,5;3596,9;65535;3643,2;46,3;0;0;0;
1825;1041,27;9603,66;3138,69;3814;65535;3832,1;18,1;0;0;0;
1826;1041,4;9602,47;3139,87;3645,8;65535;3678,5;32,7;0;0;0;
1827;1041,53;9601,29;3141,06;3833,5;65535;3877,3;43,8;0;0;0;
1828;1041,66;9600,1;3142,24;3710,3;65535;3734;23,7;0;0;0;
1829;1041,78;9598,92;3143,43;3694,2;65535;3718,9;24,7;0;0;0;
1830;1041,91;9597,73;3144,61;3824,2;65535;3879,2;55;0;0;0;
1831;1042,04;9596,55;3145,79;3990,6;65535;4047,1;56,5;0;0;0;
1832;1042,17;9595,37;3146,98;3707;65535;3758,8;51,8;0;0;0;
1833;1042,3;9594,19;3148,16;3613,3;65535;3636,2;22,9;0;0;0;
1834;1042,43;9593;3149,34;4242,5;65535;4282;39,5;0;0;0;
1835;1042,55;9591,82;3150,52;3614;65535;3639,7;25,7;0;0;0;
1836;1042,68;9590,64;3151,7;3704,8;65535;3740,8;36;0;0;0;
1837;1042,81;9589,46;3152,88;4107,8;65535;4138,4;30,6;0;0;0;
1838;1042,94;9588,28;3154,06;3733,5;65535;3768,1;34,6;0;0;0;
1839;1043,07;9587,1;3155,24;3723,6;65535;3760,1;36,5;0;0;0;
1840;1043,2;9585,92;3156,42;3654,1;65535;3697,7;43,6;0;0;0;
1841;1043,32;9584,74;3157,6;3597,5;65535;3635,5;38;0;0;0;
1842;1043,45;9583,57;3158,78;3802,3;65535;3852,5;50,2;0;0;0;
1843;1043,58;9582,39;3159,95;3669,3;65535;3712,2;42,9;0;0;0;
1844;1043,71;9581,21;3161,13;3639,9;65535;3689,8;49,9;0;0;0;
1845;1043,84;9580,03;3162,31;3539,2;65535;3584,7;45,5;0;0;0;
1846;1043,97;9578,86;3163,49;3553,9;65535;3605,9;52;0;0;0;
1847;1044,09;9577,68;3164,66;3908;65535;3936,7;28,7;0;0;0;
1848;1044,22;9576,51;3165,84;3650,5;65535;3663;12,5;0;0;0;
1849;1044,35;9575,33;3167,01;3662,1;65535;3683,1;21;0;0;0;
1850;1044,48;9574,16;3168,19;3586,5;65535;3616,3;29,8;0;0;0;
1851;1044,61;9572,98;3169,36;3658,5;65535;3707;48,5;0;0;0;
1852;1044,73;9571,81;3170,53;3580,4;65535;3613,7;33,3;0;0;0;
1853;1044,86;9570,64;3171,71;3802,6;65535;3849,4;46,8;0;0;0;
1854;1044,99;9569,46;3172,88;3622,7;65535;3656,8;34,1;0;0;0;
1855;1045,12;9568,29;3174,05;3560;65535;3615,8;55,8;0;0;0;
1856;1045,25;9567,12;3175,22;3539,4;65535;3580,7;41,3;0;0;0;
1857;1045,37;9565,95;3176,39;3589,6;65535;3630,2;40,6;0;0;0;
1858;1045,5;9564,78;3177,57;3621;65535;3668,5;47,5;0;0;0;
1859;1045,63;9563,61;3178,74;3727,7;65535;3775;47,3;0;0;0;
1860;1045,76;9562,44;3179,91;3748,2;65535;3772,4;24,2;0;0;0;
1861;1045,89;9561,27;3181,08;3695,3;65535;3734,5;39,2;0;0;0;
1862;1046,01;9560,1;3182,24;3613,2;65535;3661;47,8;0;0;0;
1863;1046,14;9558,93;3183,41;3611,7;65535;3658,5;46,8;0;0;0;
1864;1046,27;9557,76;3184,58;3620;65535;3666,9;46,9;0;0;0;
1865;1046,4;9556,59;3185,75;3699,1;65535;3740,7;41,6;0;0;0;
1866;1046,53;9555,43;3186,92;3701,2;65535;3740,1;38,9;0;0;0;
1867;1046,65;9554,26;3188,08;3569;65535;3624,9;55,9;0;0;0;
1868;1046,78;9553,09;3189,25;3639;65535;3681,5;42,5;0;0;0;
1869;1046,91;9551,93;3190,42;3584;65535;3644,5;60,5;0;0;0;
1870;1047,04;9550,76;3191,58;3625,1;65535;3654,2;29,1;0;0;0;
1871;1047,16;9549,6;3192,75;3611,8;65535;3643,4;31,6;0;0;0;
1872;1047,29;9548,43;3193,91;3719,9;65535;3750,1;30,2;0;0;0;
1873;1047,42;9547,27;3195,08;3758,8;65535;3794,9;36,1;0;0;0;
1874;1047,55;9546,1;3196,24;3607,4;65535;3651,2;43,8;0;0;0;
1875;1047,68;9544,94;3197,4;3585,8;65535;3609,2;23,4;0;0;0;
1876;1047,8;9543,78;3198,57;3658,7;65535;3693,1;34,4;0;0;0;
1877;1047,93;9542,62;3199,73;3654,8;65535;3703,4;48,6;0;0;0;
1878;1048,06;9541,45;3200,89;4012,8;65535;4054,7;41,9;0;0;0;
1879;1048,19;9540,29;3202,05;3539,6;65535;3583,9;44,3;0;0;0;
1880;1048,31;9539,13;3203,21;3689,1;65535;3758,7;69,6;0;0;0;
1881;1048,44;9537,97;3204,37;3676,1;65535;3704,4;28,3;0;0;0;
1882;1048,57;9536,81;3205,53;3720,6;65535;3756;35,4;0;0;0;
1883;1048,7;9535,65;3206,69;3687,1;65535;3719,5;32,4;0;0;0;
1884;1048,82;9534,49;3207,85;3791,1;65535;3847,7;56,6;0;0;0;
1885;1048,95;9533,33;3209,01;3760,7;65535;3797,6;36,9;0;0;0;
1886;1049,08;9532,17;3210,17;3617,8;65535;3676,9;59,1;0;0;0;
1887;1049,21;9531,02;3211,33;3753,6;65535;3788,9;35,3;0;0;0;
1888;1049,33;9529,86;3212,48;3867,6;65535;3914,1;46,5;0;0;0;
1889;1049,46;9528,7;3213,64;3549,4;65535;3612,1;62,7;0;0;0;
1890;1049,59;9527,54;3214,8;3690,1;65535;3761,6;71,5;0;0;0;
1891;1049,72;9526,39;3215,95;3667,1;65535;3711,9;44,8;0;0;0;
1892;1049,84;9525,23;3217,11;3654,3;65535;3693,6;39,3;0;0;0;
1893;1049,97;9524,08;3218,27;3697,9;65535;3751,4;53,5;0;0;0;
1894;1050,1;9522,92;3219,42;3722,1;65535;3739,2;17,1;0;0;0;
1895;1050,23;9521,77;3220,58;3556,7;65535;3588;31,3;0;0;0;
1896;1050,35;9520,61;3221,73;3649,1;65535;3683,5;34,4;0;0;0;
1897;1050,48;9519,46;3222,88;4474,4;65535;4518,8;44,4;0;0;0;
1898;1050,61;9518,31;3224,04;3657,8;65535;3707,2;49,4;0;0;0;
1899;1050,73;9517,16;3225,19;3607,2;65535;3663,8;56,6;0;0;0;
1900;1050,86;9516;3226,34;3615,8;65535;3674,3;58,5;0;0;0;
1901;1050,99;9514,85;3227,49;3550,4;65535;3607,2;56,8;0;0;0;
1902;1051,12;9513,7;3228,64;3710,1;65535;3769,1;59;0;0;0;
1903;1051,24;9512,55;3229,79;3726,7;65535;3765,5;38,8;0;0;0;
1904;1051,37;9511,4;3230,94;3616,1;65535;3665,2;49,1;0;0;0;
1905;1051,5;9510,25;3232,09;4005;65535;4071,7;66,7;0;0;0;
1906;1051,62;9509,1;3233,24;3633,3;65535;3653,9;20,6;0;0;0;
1907;1051,75;9507,95;3234,39;3929,1;65535;3957,8;28,7;0;0;0;
1908;1051,88;9506,8;3235,54;3762,5;65535;3815;52,5;0;0;0;
1909;1052,01;9505,65;3236,69;3690,8;65535;3726,2;35,4;0;0;0;
1910;1052,13;9504,51;3237,84;3537,9;65535;3557,9;20;0;0;0;
1911;1052,26;9503,36;3238,99;3595,8;65535;3646,5;50,7;0;0;0;
1912;1052,39;9502,21;3240,13;3533,2;65535;3572;38,8;0;0;0;
1913;1052,51;9501,06;3241,28;3785;65535;3840,4;55,4;0;0;0;
1914;1052,64;9499,92;3242,43;3624,3;65535;3672;47,7;0;0;0;
1915;1052,77;9498,77;3243,57;3713,9;65535;3740,8;26,9;0;0;0;
1916;1052,89;9497,63;3244,72;3647,2;65535;3687,7;40,5;0;0;0;
1917;1053,02;9496,48;3245,86;3752,9;65535;3786,7;33,8;0;0;0;
1918;1053,15;9495,34;3247;3725,6;65535;3745,4;19,8;0;0;0;
1919;1053,28;9494,19;3248,15;5337,7;65535;4593,9;-743,8;0;0;0;
1920;1053,4;9493,05;3249,29;3642,6;65535;3659,1;16,5;0;0;0;
1921;1053,53;9491,91;3250,44;3597;65535;3642,7;45,7;0;0;0;
1922;1053,66;9490,77;3251,58;3842,7;65535;3877,5;34,8;0;0;0;
1923;1053,78;9489,62;3252,72;3636,7;65535;3694,2;57,5;0;0;0;
1924;1053,91;9488,48;3253,86;3728,2;65535;3775,7;47,5;0;0;0;
1925;1054,04;9487,34;3255;3586,3;65535;3639,5;53,2;0;0;0;
1926;1054,16;9486,2;3256,14;3642,2;65535;3686,2;44;0;0;0;
1927;1054,29;9485,06;3257,28;3767,9;65535;3815,4;47,5;0;0;0;
1928;1054,42;9483,92;3258,42;3605,1;65535;3643,7;38,6;0;0;0;
1929;1054,54;9482,78;3259,56;3879,4;65535;3898,7;19,3;0;0;0;
1930;1054,67;9481,64;3260,7;3602,1;65535;3632,6;30,5;0;0;0;
1931;1054,8;9480,5;3261,84;3813,5;65535;3832,3;18,8;0;0;0;
1932;1054,92;9479,36;3262,98;3677,9;65535;3727,8;49,9;0;0;0;
1933;1055,05;9478,23;3264,12;3769;65535;3823,3;54,3;0;0;0;
1934;1055,18;9477,09;3265,25;3938;65535;3946,2;8,2;0;0;0;
1935;1055,3;9475,95;3266,39;4068,6;65535;4106,3;37,7;0;0;0;
1936;1055,43;9474,82;3267,53;3959,3;65535;4020,6;61,3;0;0;0;
1937;1055,56;9473,68;3268,66;3696,3;65535;3760;63,7;0;0;0;
1938;1055,68;9472,54;3269,8;3740,7;65535;3785,4;44,7;0;0;0;
1939;1055,81;9471,41;3270,93;3806,7;65535;3857,1;50,4;0;0;0;
1940;1055,94;9470,27;3272,07;3719,5;65535;3749,6;30,1;0;0;0;
1941;1056,06;9469,14;3273,2;3753,4;65535;3768,6;15,2;0;0;0;
1942;1056,19;9468,01;3274,34;3681,6;65535;3725,8;44,2;0;0;0;
1943;1056,31;9466,87;3275,47;3607,1;65535;3640,9;33,8;0;0;0;
1944;1056,44;9465,74;3276,6;3735,1;65535;3746,3;11,2;0;0;0;
1945;1056,57;9464,61;3277,74;3742,5;65535;3772,9;30,4;0;0;0;
1946;1056,69;9463,48;3278,87;3972,8;65535;4003,2;30,4;0;0;0;
1947;1056,82;9462,34;3280;3723,3;65535;3750,5;27,2;0;0;0;
1948;1056,95;9461,21;3281,13;3901,8;65535;3969,9;68,1;0;0;0;
1949;1057,07;9460,08;3282,26;3963,7;65535;3990,4;26,7;0;0;0;
1950;1057,2;9458,95;3283,39;3590,1;65535;3641,6;51,5;0;0;0;
1951;1057,33;9457,82;3284,52;3597,4;65535;3638;40,6;0;0;0;
1952;1057,45;9456,69;3285,65;4280,1;65535;4298,9;18,8;0;0;0;
1953;1057,58;9455,56;3286,78;6008;65535;6021,5;13,5;0;0;0;
1954;1057,7;9454,43;3287,91;3596,5;65535;3631;34,5;0;0;0;
1955;1057,83;9453,31;3289,04;3688,6;65535;3704,2;15,6;0;0;0;
1956;1057,96;9452,18;3290,16;3582,2;65535;3627,2;45;0;0;0;
1957;1058,08;9451,05;3291,29;3653,8;65535;3672,7;18,9;0;0;0;
1958;1058,21;9449,92;3292,42;3617,6;65535;3644,1;26,5;0;0;0;
1959;1058,34;9448,8;3293,55;3659,6;65535;3721,9;62,3;0;0;0;
1960;1058,46;9447,67;3294,67;3631,1;65535;3646,1;15;0;0;0;
1961;1058,59;9446,55;3295,8;3638,3;65535;3691,8;53,5;0;0;0;
1962;1058,71;9445,42;3296,92;3666,2;65535;3693,9;27,7;0;0;0;
1963;1058,84;9444,3;3298,05;3611;65535;3645,6;34,6;0;0;0;
1964;1058,97;9443,17;3299,17;3797,6;65535;3828,2;30,6;0;0;0;
1965;1059,09;9442,05;3300,29;3684;65535;3708,6;24,6;0;0;0;
1966;1059,22;9440,93;3301,42;3734,6;65535;3759,5;24,9;0;0;0;
1967;1059,34;9439,8;3302,54;3681,4;65535;3707,7;26,3;0;0;0;
1968;1059,47;9438,68;3303,66;3895,5;65535;3941,2;45,7;0;0;0;
1969;1059,6;9437,56;3304,79;3730,4;65535;3732,2;1,8;0;0;0;
1970;1059,72;9436,44;3305,91;3590,8;65535;3633,8;43;0;0;0;
1971;1059,85;9435,31;3307,03;3776,8;65535;3826,9;50,1;0;0;0;
1972;1059,97;9434,19;3308,15;3658,1;65535;3671;12,9;0;0;0;
1973;1060,1;9433,07;3309,27;3878,6;65535;3921,3;42,7;0;0;0;
1974;1060,23;9431,95;3310,39;3700,5;65535;3726,9;26,4;0;0;0;
1975;1060,35;9430,83;3311,51;3626,3;65535;3650,8;24,5;0;0;0;
1976;1060,48;9429,71;3312,63;3561,5;65535;3587,4;25,9;0;0;0;
1977;1060,6;9428,6;3313,75;3710,4;65535;3739,3;28,9;0;0;0;
1978;1060,73;9427,48;3314,87;3739,9;65535;3747,3;7,4;0;0;0;
1979;1060,85;9426,36;3315,98;3547,9;65535;3569,1;21,2;0;0;0;
1980;1060,98;9425,24;3317,1;3615,8;65535;3640,1;24,3;0;0;0;
1981;1061,11;9424,13;3318,22;3916,5;65535;3936,4;19,9;0;0;0;
1982;1061,23;9423,01;3319,33;3729,4;65535;3757;27,6;0;0;0;
1983;1061,36;9421,89;3320,45;3607,7;65535;3635,9;28,2;0;0;0;
1984;1061,48;9420,78;3321,57;3864,4;65535;3885,3;20,9;0;0;0;
1985;1061,61;9419,66;3322,68;3576,4;65535;3639;62,6;0;0;0;
1986;1061,73;9418,55;3323,8;3648,7;65535;3663,9;15,2;0;0;0;
1987;1061,86;9417,43;3324,91;3629,7;65535;3654,3;24,6;0;0;0;
1988;1061,99;9416,32;3326,03;3704,5;65535;3719,8;15,3;0;0;0;
1989;1062,11;9415,2;3327,14;3788,7;65535;3802,8;14,1;0;0;0;
1990;1062,24;9414,09;3328,25;3650,4;65535;3669,6;19,2;0;0;0;
1991;1062,36;9412,98;3329,36;3740,4;65535;3769,4;29;0;0;0;
1992;1062,49;9411,87;3330,48;3692,2;65535;3714,1;21,9;0;0;0;
1993;1062,61;9410,75;3331,59;4715,3;65535;5009,7;294,4;0;0;0;
1994;1062,74;9409,64;3332,7;3719,1;65535;3763,5;44,4;0;0;0;
1995;1062,87;9408,53;3333,81;3686,5;65535;3710,6;24,1;0;0;0;
1996;1062,99;9407,42;3334,92;3595,1;65535;3631,3;36,2;0;0;0;
1997;1063,12;9406,31;3336,03;3657,1;65535;3662,9;5,8;0;0;0;
1998;1063,24;9405,2;3337,14;3633,9;65535;3659,2;25,3;0;0;0;
1999;1063,37;9404,09;3338,25;3580,5;65535;3594,8;14,3;0;0;0;
2000;1063,49;9402,98;3339,36;3596,2;65535;3611,9;15,7;0;0;0;
2001;1063,62;9401,87;3340,47;3687,5;65535;3725,2;37,7;0;0;0;
2002;1063,74;9400,77;3341,58;3803,1;65535;3835,4;32,3;0;0;0;
2003;1063,87;9399,66;3342,68;3883,1;65535;3905,5;22,4;0;0;0;
2004;1063,99;9398,55;3343,79;3611,5;65535;3650,1;38,6;0;0;0;
2005;1064,12;9397,45;3344,9;3630;65535;3662,1;32,1;0;0;0;
2006;1064,24;9396,34;3346;3690,7;65535;3699;8,3;0;0;0;
2007;1064,37;9395,23;3347,11;3639,7;65535;3664,1;24,4;0;0;0;
2008;1064,49;9394,13;3348,22;3660,3;65535;3691,2;30,9;0;0;0;
2009;1064,62;9393,02;3349,32;3761,7;65535;3806,1;44,4;0;0;0;
2010;1064,75;9391,92;3350,43;3526,4;65535;3540,6;14,2;0;0;0;
2011;1064,87;9390,81;3351,53;3885,1;65535;3902,4;17,3;0;0;0;
2012;;;;3677,9;65535;3690;12,1;0;0;0;
2013;;;;3711,5;65535;3718,1;6,6;0;0;0;
2014;;;;3583,5;65535;3607,6;24,1;0;0;0;
2015;;;;3732,6;65535;3749,3;16,7;0;0;0;
2016;;;;3727,7;65535;3755,5;27,8;0;0;0;
2017;;;;3709,7;65535;3749,6;39,9;0;0;0;
2018;;;;4037,3;65535;4072,1;34,8;0;0;0;
2019;;;;3678,4;65535;3717,5;39,1;0;0;0;
2020;;;;3618,2;65535;3648,6;30,4;0;0;0;
2021;;;;3638,3;65535;3666,6;28,3;0;0;0;
2022;;;;3912,5;65535;3937,7;25,2;0;0;0;
2023;;;;3687,4;65535;3682,4;-5;0;0;0;
2024;;;;3976,3;65535;3994,3;18;0;0;0;
2025;;;;3683,5;65535;3697,2;13,7;0;0;0;
2026;;;;3720,2;65535;3746,2;26;0;0;0;
2027;;;;3565;65535;3603,5;38,5;0;0;0;
2028;;;;3611,3;65535;3631,6;20,3;0;0;0;
2029;;;;3607,9;65535;3643,6;35,7;0;0;0;
2030;;;;3801,5;65535;3826,3;24,8;0;0;0;
2031;;;;3658,7;65535;3693,2;34,5;0;0;0;
2032;;;;3736,2;65535;3757,3;21,1;0;0;0;
2033;;;;3638,1;65535;3654,1;16;0;0;0;
2034;;;;3590,9;65535;3625,6;34,7;0;0;0;
2035;;;;3594,5;65535;3620,8;26,3;0;0;0;
2036;;;;3655,5;65535;3680,9;25,4;0;0;0;
2037;;;;3695;65535;3723,9;28,9;0;0;0;
2038;;;;3656,6;65535;3690,1;33,5;0;0;0;
2039;;;;3611,6;65535;3663,9;52,3;0;0;0;
2040;;;;3605,9;65535;3642;36,1;0;0;0;
2041;;;;3499,2;65535;3534,5;35,3;0;0;0;
2042;;;;3626,9;65535;3653;26,1;0;0;0;
2043;;;;2905,4;65535;2941;35,6;0;0;0;
2044;;;;2930,6;65535;2954;23,4;0;0;0;
2045;;;;2956,5;65535;2982,7;26,2;0;0;0;
2046;;;;3187,4;65535;3213,9;26,5;0;0;0;
2047;;;;3546,6;65535;3578,7;32,1;0;0;0;
